p,U:0,U:1,U:2,vtkOriginalPointIds,Points:0,Points:1,Points:2,t
-0.49662,0.0,0.0,0.0,82,0.70711,0.70711,0,1.0
-0.48498,0.01767,0.044104,-3.8620000000000004e-20,87,0.85936,0.85936,0,1.0
-0.48463,0.23636,0.010318,1.6489000000000002e-20,92,0.89178,1.0442,0,1.0
-0.47985,0.76357,-0.02943,-3.3425999999999998e-21,101,1.2866,1.2866,0,1.0
-0.39188,1.2753,-0.060575,-2.3083e-20,112,1.5316,1.7937,0,1.0
-0.29592,1.242,-0.081997,-4.1212999999999994e-21,120,1.8605,2.1789,0,1.0
-0.50366,0.11084,0.003432,-2.5687999999999997e-21,126,0.71472,0.98382,0,1.0
-0.5362,0.0,0.0,0.0,145,0.5225,0.85264,0,1.0
-0.50216,0.48528,-0.010559,-2.3538000000000002e-20,149,0.71792,1.1717,0,1.0
-0.42951,1.2583,0.022978,-8.5306e-20,155,1.0047,1.6399,0,1.0
-0.53134,0.27466,-0.016472,2.3409e-20,168,0.5522,1.0838,0,1.0
-0.52287,0.77939,0.019203,-2.2377e-20,191,0.52598,1.2698,0,1.0
-0.59956,0.0,0.0,0.0,208,0.30902,0.95106,0,1.0
-0.56505,0.49532,-0.0018894,4.7467e-20,210,0.37591,1.1568,0,1.0
-0.43419,1.3152,0.12,1.3129e-20,216,0.5338,1.6426,0,1.0
-0.58179,0.61417,0.022921,8.1095e-20,231,0.28397,1.1826,0,1.0
-0.53839,1.0368,0.097026,-4.9851e-20,233,0.32087,1.3362,0,1.0
-0.39427,1.3288,0.1503,-7.6049e-20,238,0.42578,1.7727,0,1.0
-0.63038,0.5632,0.050663,-7.0452e-22,272,0.089562,1.1377,0,1.0
-0.57494,1.0533,0.16431,1.9352e-20,274,0.1015,1.289,0,1.0
-0.67537,0.0,0.0,0.0,292,0.0,1.0,0,1.0
-0.36853,0.0,0.0,0.0,313,1.0,0.0,0,1.0
-0.39339,-0.040776,0.15964,-5.4892999999999995e-21,319,1.212,0.095424,0,1.0
-0.37575,-0.057609,0.13294,-2.6942e-20,320,1.2925,0.0,0,1.0
-0.38062,-0.099176,0.099253,-6.5251e-20,324,1.4555,0.0,0,1.0
-0.40402,-0.089888,0.12611,5.7541e-21,325,1.4519,0.11435,0,1.0
-0.42755,-0.1415,0.010174,2.9836e-20,333,1.8155,0.14304,0,1.0
-0.39596,-0.20884,-0.14074,1.6165e-20,338,2.1297,0.0,0,1.0
-0.36499,-0.21001,-0.40293,-1.8269e-20,348,2.7283,0.0,0,1.0
-0.40818,0.0,0.0,0.0,355,0.98769,0.15643,0,1.0
-0.47946,-0.075512,-0.10822,-1.7841e-20,367,2.1071,0.33402,0,1.0
-0.42927,-0.043238,0.18364,1.6874e-20,378,1.1826,0.28397,0,1.0
-0.43272,-0.047901,0.18858,2.3228000000000002e-20,379,1.258,0.30208,0,1.0
-0.44489,-0.049999,0.16335,-1.2378e-21,381,1.4172,0.34035,0,1.0
-0.50065,0.055617,0.053948,1.7921e-20,406,1.7344,0.56364,0,1.0
-0.52797,0.2011,-0.13639,-7.277099999999999e-21,410,2.137,0.69452,0,1.0
-0.4926,0.34088,-0.30295,-8.9847e-20,413,2.4799,0.80599,0,1.0
-0.46451,0.38518,-0.35148,6.8986e-20,414,2.6029,0.84595,0,1.0
-0.45695,0.0,0.0,0.0,418,0.92388,0.38268,0,1.0
-0.53214,0.29394,-0.079238,8.5654e-21,430,1.973,0.81724,0,1.0
-0.46286,-0.035975,0.15205,8.6078e-21,441,1.0838,0.5522,0,1.0
-0.47317,0.033957,0.14973,3.6332000000000003e-20,444,1.2989,0.66178,0,1.0
-0.51584,0.60466,-0.17819,1.9109e-20,453,2.1054,1.0726,0,1.0
-0.47557,0.0,0.0,0.0,460,0.85264,0.5225,0,1.0
-0.50491,0.3244,0.023407,2.295e-20,469,1.5546,0.95244,0,1.0
-0.47375,-0.021242,0.098397,-8.5458e-21,483,0.98382,0.71472,0,1.0
-0.47257,0.049605,0.10256,-2.1712999999999997e-21,485,1.1114,0.8074,0,1.0
-0.49919,0.77835,-0.095986,-3.4019e-20,493,1.7261,1.2538,0,1.0
-0.3425,-0.12742,-0.53682,-3.4528e-20,523,3.187,0.23587,0,1.0
-0.32347,-0.026112,-0.45588,-9.6587e-21,528,3.8141,0.0,0,1.0
-0.33826,0.12755,-0.24786,-5.5068e-20,532,4.2681,0.0,0,1.0
-0.28405,0.026925,-0.32855,-4.6264000000000003e-20,533,4.2628,0.23492,0,1.0
-0.27923,0.44856,0.34777,3.0632e-20,540,5.282,0.0,0,1.0
-0.20575,0.41394,0.40857,-7.182000000000001e-20,543,5.5544,0.23377,0,1.0
-0.14574,0.5259,0.55315,2.8231e-20,547,6.1409,0.23326,0,1.0
-0.13441,0.61052,0.58482,2.3037e-20,548,6.4555,0.0,0,1.0
-0.12277,0.55209,0.55222,4.4954e-20,554,7.4555,0.0,0,1.0
-0.20413,0.63189,0.14758,-7.0732e-21,561,8.5669,0.23111,0,1.0
-0.1809,0.78654,-0.30019,6.592499999999999e-21,565,9.382,0.23039,0,1.0
-0.086688,0.82809,-0.49615,-2.5755999999999998e-21,570,10.726,0.0,0,1.0
-0.083957,0.71452,-0.38252,-1.9468e-20,626,12.738,0.454,0,1.0
-0.16086,0.024758,-0.42959,3.8221e-20,641,4.1971,0.69968,0,1.0
-0.14428,0.06382,-0.19581,-7.062e-21,643,4.6868,0.69847,0,1.0
-0.094361,0.46074,0.52109,-1.4732e-20,649,6.3905,0.6943,0,1.0
-0.16658,0.5809,0.47706,2.4243e-20,653,7.7527,0.69096,0,1.0
-0.060598,0.82077,-0.42509,8.599299999999999e-21,662,11.654,0.68139,0,1.0
-0.2754,0.39223,-0.4621,8.878800000000001e-20,675,3.2568,0.92918,0,1.0
-0.17587,0.28307,-0.46518,-3.6939e-20,677,3.6808,0.9279,0,1.0
-0.072771,0.15983,0.028096,-5.6786e-20,683,5.1561,0.92345,0,1.0
-0.32381,0.66336,-0.39616,-2.9561999999999998e-21,712,2.9753,1.1514,0,1.0
-0.072532,0.34409,-0.35845,1.8710000000000003e-20,717,4.0596,1.1477,0,1.0
-0.030178,0.33269,0.33428,5.831e-20,724,5.9526,1.1414,0,1.0
-0.18797,1.0303,-0.33762,4.1373e-21,733,9.2192,1.1304,0,1.0
0.0014154,0.37664,-0.22361,1.5398e-20,757,4.4592,1.3602,0,1.0
0.021084,0.25338,0.027066,2.4578e-21,760,5.2716,1.3574,0,1.0
-0.089059,0.60547,0.46062,-5.2150999999999994e-21,766,7.19,1.3508,0,1.0
-0.20563,0.9629,0.02316,-2.9811e-20,769,8.319,1.347,0,1.0
-0.073369,0.97529,-0.42135,-1.819e-20,774,10.499,1.3395,0,1.0
-0.14917,0.84967,-0.29607,-4.6085e-20,791,3.3928,1.5691,0,1.0
-0.058329,0.72008,-0.2443,-8.3619e-21,793,3.8541,1.5676,0,1.0
0.046658,0.41209,-0.076923,3.7553e-20,797,4.8843,1.5643,0,1.0
0.021723,0.40846,0.29541,-4.4506e-20,801,6.0767,1.5606,0,1.0
-0.037431,0.88758,-0.34981,1.8659e-21,814,11.41,1.5437,0,1.0
-0.24628,1.0666,-0.25626,8.578000000000001e-20,828,2.8331,1.7658,0,1.0
-0.088801,0.93387,-0.18583,3.9016e-20,871,3.586,1.9485,0,1.0
-0.015487,0.83595,-0.12046,-4.4577e-21,873,4.0873,1.9478,0,1.0
0.057884,0.68211,0.016085,5.7441999999999994e-21,876,4.9116,1.9466,0,1.0
0.067796,0.59725,0.12635,4.3142e-21,878,5.5135,1.9457,0,1.0
-0.0090507,0.97913,0.216,-1.2317000000000001e-20,961,6.7218,2.3126,0,1.0
0.040153,0.92845,0.084467,-1.3575e-20,996,5.0613,2.5172,0,1.0
0.045177,0.95277,0.1603,-6.8563e-21,998,5.6893,2.5172,0,1.0
-0.065616,1.2153,0.058612,-3.3629e-20,1003,7.4758,2.5172,0,1.0
-0.034983,1.0727,-0.25168,-1.7932e-21,1049,10.099,2.736,0,1.0
-0.012649,0.9671,-0.23804,-7.5007e-21,1051,11.109,2.736,0,1.0
-0.048955,1.1715,-0.19287,9.861099999999999e-21,1087,9.1598,2.97,0,1.0
0.0057883,0.88323,-0.17518,5.5447999999999996e-21,1093,12.196,2.97,0,1.0
0.0091232,1.0209,0.056359,8.7932e-21,1116,5.0613,3.2202,0,1.0
-0.0049919,1.1396,0.04258,7.9881e-22,1201,6.7218,3.7739,0,1.0
-0.016185,1.1127,-0.11178,4.226499999999999e-21,1247,9.1598,4.08,0,1.0
0.0043262,0.99529,-0.13405,4.9219e-22,1251,11.109,4.08,0,1.0
-0.008091,1.1063,0.0075821,-3.2552999999999997e-22,1321,6.7218,4.7572,0,1.0
0.016825,0.95915,-0.074715,0.0,1333,12.196,4.7572,0,1.0
-0.13819,1.1399,0.1129,3.8131000000000004e-20,2145,-4.3934e-16,3.1819,0,1.0
-0.10113,1.1111,0.08699,-1.8927e-20,2175,-4.2301e-16,3.807,0,1.0
-0.080466,1.0951,0.073083,-9.6094e-21,2195,-4.1015e-16,4.2993,0,1.0
0.067332,0.92691,0.28,4.7714000000000003e-20,2456,-1.5845,1.5845,0,1.0
0.036617,0.88585,0.46154,-5.0967e-20,2468,-1.1532,1.1532,0,1.0
-0.096343,0.9305,0.60711,-4.7e-20,2475,-0.89178,1.0442,0,1.0
-0.17943,0.85342,0.65697,-6.8113e-22,2479,-0.78951,0.92446,0,1.0
-0.26273,0.0,0.0,0.0,2484,-0.64945,0.76041,0,1.0
-0.10254,1.004,0.50969,7.8294e-20,2499,-0.90709,1.2487,0,1.0
-0.23877,1.0724,0.58317,5.9048999999999994e-21,2522,-0.71792,1.1717,0,1.0
-0.44211,0.0,0.0,0.0,2527,-0.5225,0.85264,0,1.0
-0.064376,1.0588,0.2611,-1.8384e-20,2533,-1.0726,2.1054,0,1.0
-0.41405,1.0353,0.55956,-1.8226e-20,2545,-0.5522,1.0838,0,1.0
-0.57598,0.0,0.0,0.0,2569,-0.38268,0.92388,0,1.0
-0.41038,1.2308,0.47953,6.092099999999999e-21,2585,-0.42475,1.3071,0,1.0
-0.52455,1.0826,0.44228,-6.5552e-20,2587,-0.37591,1.1568,0,1.0
-0.67343,0.0,0.0,0.0,2632,-0.15643,0.98769,0,1.0
-0.22066,1.2002,0.2073,-6.6561e-20,2639,-0.17623,2.2362,0,1.0
-0.314,1.2637,0.27034,-1.1096e-20,2643,-0.14304,1.8155,0,1.0
-0.5118,1.2733,0.32159,-1.6731000000000002e-19,2648,-0.10781,1.369,0,1.0
-0.60497,0.9974,0.23366,3.051e-20,2650,-0.095424,1.212,0,1.0
-0.64004,0.72824,0.15012,6.1391e-20,2651,-0.089562,1.1377,0,1.0
0.25015,0.7742,0.0091028,-5.4077e-23,2660,-2.5997,0.0,0,1.0
0.31437,0.6861,0.012569,-1.5095999999999998e-22,2668,-2.1297,0.0,0,1.0
0.41033,0.51876,0.08218,-4.2089e-20,2679,-1.6271,0.12817,0,1.0
0.48808,0.34928,0.023407,-1.1178999999999998e-21,2684,-1.3725,0.0,0,1.0
0.52872,0.20259,0.026052,1.3535e-20,2688,-1.2153,0.0,0,1.0
0.56318,0.049432,0.018189,-1.1407e-21,2692,-1.0692,0.0,0,1.0
0.57342,0.0,0.0,0.0,2695,-1.0,0.0,0,1.0
0.45641,0.37846,0.1923,3.9551e-20,2711,-1.3568,0.21499,0,1.0
0.50326,0.15175,0.21501,-2.7504e-20,2714,-1.1273,0.17859,0,1.0
0.52764,0.0,0.0,0.0,2716,-0.98769,0.15643,0,1.0
0.36947,0.55759,0.20333,-8.8032e-20,2729,-1.5885,0.38151,0,1.0
0.1994,0.82375,0.1112,-6.2368999999999994e-21,2740,-2.6029,0.84595,0,1.0
0.2904,0.68503,0.19695,1.4597e-20,2747,-1.8296,0.59459,0,1.0
0.33757,0.58857,0.25865,5.884600000000001e-20,2750,-1.5541,0.50503,0,1.0
0.38093,0.45264,0.34581,-5.0120000000000006e-20,2753,-1.3071,0.42475,0,1.0
0.40142,0.23613,0.38424,9.7397e-20,2756,-1.0857,0.35279,0,1.0
0.41552,0.0,0.0,0.0,2758,-0.95106,0.30902,0,1.0
0.25424,0.67028,0.35367,-1.4511e-20,2792,-1.456,0.74178,0,1.0
0.25042,0.36084,0.51399,-1.9137e-19,2798,-1.0172,0.51827,0,1.0
0.24957,0.0,0.0,0.0,2800,-0.89101,0.45399,0,1.0
0.1825,0.79996,0.27517,8.436299999999999e-22,2809,-1.7284,1.0589,0,1.0
0.20461,0.71924,0.39175,1.6582e-20,2813,-1.393,0.85347,0,1.0
0.20211,0.6311,0.52028,6.5339e-20,2816,-1.1717,0.71792,0,1.0
0.066812,0.50812,0.59039,2.5577000000000003e-19,2840,-0.92341,0.67086,0,1.0
0.04925,0.0,0.0,0.0,2842,-0.80902,0.58779,0,1.0
0.090137,0.9322,0.1698,2.7153e-20,2844,-2.2843,1.9505,0,1.0
0.094668,0.82814,0.44612,-5.0127e-20,2855,-1.2411,1.0599,0,1.0
0.055624,0.77798,0.58656,-1.2780000000000001e-20,2858,-1.0442,0.89178,0,1.0
0.13974,0.90581,0.0038305,1.0956e-21,2912,-4.3358,0.0,0,1.0
0.16555,0.87395,0.034357,-5.1609e-21,2951,-3.5732,0.46918,0,1.0
0.15403,0.88345,0.062228,-1.4416e-20,3011,-3.47,0.92747,0,1.0
0.053807,0.98297,0.076161,2.8633e-21,3372,-3.8187,3.4878,0,1.0
-0.022059,1.0463,0.098783,1.3972999999999999e-21,4180,-1.5637,4.1771,0,1.0
-0.30818,0.0,0.0,0.0,4394,0.64945,-0.76041,0,1.0
-0.34643,0.0,0.0,0.0,4402,0.45399,-0.89101,0,1.0
-0.38287,0.0,0.0,0.0,4406,0.30902,-0.95106,0,1.0
-0.42368,0.0,0.0,0.0,4410,0.15643,-0.98769,0,1.0
-0.39673,0.69722,-0.11158,-1.2036e-20,4436,0.095424,-1.212,0,1.0
-0.31103,0.20811,-0.0079893,7.503399999999999e-21,4441,0.67593,-1.1031,0,1.0
-0.31254,0.46413,-0.026544,1.1469e-20,4453,0.62391,-1.2246,0,1.0
-0.34622,1.1216,-0.27586,1.2659e-19,4459,-8.2717e-17,-1.3725,0,1.0
-0.30043,1.0432,-0.14625,-3.1857e-20,4477,0.47729,-1.4687,0,1.0
-0.26592,0.26676,-0.0070538,-1.5381e-20,4483,1.1532,-1.1532,0,1.0
-0.27867,0.76597,-0.059326,-1.1434e-20,4485,0.85347,-1.393,0,1.0
-0.20487,1.2185,-0.28247,-2.7117000000000003e-20,4514,-1.8199e-16,-1.8196,0,1.0
-0.13599,1.1753,-0.23112,5.2143e-20,4558,-2.7552e-16,-2.2408,0,1.0
-0.20935,1.139,-0.091234,8.070499999999999e-21,4559,1.5316,-1.7937,0,1.0
-0.19338,1.2523,-0.075869,-7.555799999999999e-21,4615,2.1213,-2.1213,0,1.0
-0.33387,0.0,0.0,0.0,4627,0.98769,-0.15643,0,1.0
-0.30928,0.0,0.0,0.0,4631,0.95106,-0.30902,0,1.0
-0.29514,0.0,0.0,0.0,4635,0.89101,-0.45399,0,1.0
-0.29442,0.0,0.0,0.0,4641,0.76041,-0.64945,0,1.0
-0.31244,-0.0069764,0.042557,-3.1850000000000004e-20,4646,1.0857,-0.35279,0,1.0
-0.29452,-0.022895,-0.012996,7.2188e-21,4651,0.86777,-0.74111,0,1.0
-0.33858,-0.02897,0.086333,-6.377499999999999e-21,4653,1.201,-0.19028,0,1.0
-0.29656,-0.024095,0.01163,-2.6519e-22,4657,1.0838,-0.5522,0,1.0
-0.31091,-0.040059,0.031962,-1.0297e-21,4664,1.2306,-0.39989,0,1.0
-0.28903,-0.013596,-0.0085979,-1.1348e-22,4669,0.98326,-0.83971,0,1.0
-0.29051,-0.042985,-0.001497,1.1336e-20,4675,1.2246,-0.62391,0,1.0
-0.33718,-0.094345,0.042532,3.0041e-20,4680,1.4391,-0.22804,0,1.0
-0.30509,-0.070203,0.0018304,-1.3322999999999999e-21,4682,1.3864,-0.45054,0,1.0
-0.27813,0.039392,-0.0041224,5.8283999999999995e-21,4687,1.1075,-0.94578,0,1.0
-0.35861,-0.18008,-0.036257,1.1513e-20,4715,1.8155,-0.14304,0,1.0
-0.24391,0.033648,-0.062572,2.6967e-20,4729,1.7142,-0.87328,0,1.0
-0.31258,-0.18719,-0.15897,-9.6834e-21,4743,2.1071,-0.33402,0,1.0
-0.25589,-0.05173,-0.14113,2.4327e-20,4745,2.0308,-0.65999,0,1.0
-0.22507,0.11409,-0.085801,2.5054e-20,4747,1.9027,-0.96929,0,1.0
-0.21768,0.3929,-0.038712,2.2071e-20,4749,1.7261,-1.2538,0,1.0
-0.23537,0.0465,-0.20872,-3.4578999999999996e-21,4772,2.3614,-0.76747,0,1.0
-0.23265,0.095088,-0.22641,-1.5185999999999998e-21,4781,2.4799,-0.80599,0,1.0
-0.25501,0.51302,-0.18264,-1.2476e-20,4818,2.9753,-1.1514,0,1.0
-0.31594,0.088996,-0.39314,-4.3463e-20,4825,3.3622,-0.47016,0,1.0
-0.24216,0.92449,-0.068067,1.0948000000000001e-20,4830,2.9641,-1.5704,0,1.0
-0.21105,1.2133,-0.044273,-1.4123e-20,4832,2.6869,-1.9499,0,1.0
-0.36182,0.41543,-0.21824,-4.986899999999999e-21,4846,3.7419,-0.70079,0,1.0
-0.30997,0.8635,-0.049081,1.4650000000000002e-20,4849,3.5057,-1.3635,0,1.0
-0.37834,0.26647,-0.16666,-3.7518e-20,4864,4.2628,-0.23492,0,1.0
-0.4051,0.57892,-0.035968,-1.1887000000000001e-20,4866,4.1971,-0.69968,0,1.0
-0.37598,0.86267,0.047133,3.0063999999999997e-22,4868,4.0596,-1.1477,0,1.0
-0.32043,1.1233,0.092352,5.2168000000000004e-20,4870,3.8541,-1.5676,0,1.0
-0.39539,0.57902,0.17199,-1.1840000000000002e-20,4885,4.728,-0.4678,0,1.0
-0.3495,1.1023,0.25076,-1.5186e-20,4889,4.4592,-1.3602,0,1.0
-0.25966,1.2994,0.18067,-8.8124e-21,4892,4.0873,-1.9478,0,1.0
-0.35006,1.0273,0.35172,5.289799999999999e-21,4898,4.812,-1.1452,0,1.0
-0.32319,0.93871,0.45142,8.758399999999999e-21,4907,5.1561,-0.92345,0,1.0
-0.2745,0.8416,0.53075,-9.342599999999999e-21,4916,5.492,-0.6965,0,1.0
-0.22293,1.1943,0.37349,2.8596e-20,4921,5.0459,-1.7602,0,1.0
-0.20917,0.99333,0.52245,8.6244e-21,4928,5.6516,-1.1424,0,1.0
-0.16992,0.81628,0.57635,4.8852e-20,4936,6.08,-0.69506,0,1.0
-0.15437,1.0407,0.44663,-1.7478e-20,4940,5.762,-1.5616,0,1.0
-0.12756,0.83765,0.53103,-4.2997000000000003e-20,4947,6.3357,-0.91989,0,1.0
-0.11795,1.0147,0.40229,-2.6096e-20,4951,5.9608,-1.7579,0,1.0
-0.08241,0.58375,0.43784,7.221e-21,4986,7.7527,-0.69096,0,1.0
-0.13122,0.51186,0.24644,-4.5720000000000005e-20,5005,8.5472,-0.46122,0,1.0
-0.054244,0.53329,0.27775,-1.8431e-20,5008,8.3977,-1.1332,0,1.0
-0.0074359,0.60922,0.17489,3.1619e-20,5021,8.5295,-1.7514,0,1.0
-0.083595,0.56151,-0.072268,-2.3198e-20,5027,9.2813,-0.91101,0,1.0
-0.03782,0.72102,-0.38319,5.7735e-20,5059,10.499,-1.3395,0,1.0
-0.078643,0.79187,-0.49333,8.321099999999999e-22,5075,11.684,-0.45582,0,1.0
-0.033944,0.79957,-0.43751,3.6995e-20,5081,11.32,-1.7443,0,1.0
-0.11864,0.76919,-0.41116,6.292099999999999e-21,5095,12.738,-0.454,0,1.0
-0.10517,1.1383,0.1967,-4.5506e-21,5561,5.0613,-2.97,0,1.0
-0.090313,1.1049,0.20905,-1.8763e-20,5591,5.3695,-2.97,0,1.0
-0.074386,1.0689,0.21551,-1.3091e-21,5621,5.6893,-2.97,0,1.0
-0.057868,1.0637,0.16459,2.9855999999999998e-21,5623,5.6893,-3.4878,0,1.0
-0.012617,0.92017,0.17698,-1.5607999999999999e-21,5741,7.0919,-2.97,0,1.0
-0.0046683,0.98547,0.081949,-7.6673e-22,5746,7.0919,-4.4072,0,1.0
-0.0039756,0.99581,0.067922,-3.0204999999999997e-21,5747,7.0919,-4.7572,0,1.0
-0.0021755,1.0196,0.036076,-3.2449e-23,5750,7.0919,-5.9596,0,1.0
0.011759,0.85521,0.11698,1.9355e-21,5801,7.874,-2.97,0,1.0
0.013086,0.91955,0.07164,3.1845999999999996e-21,5804,7.874,-3.7739,0,1.0
0.027859,0.6933,0.0018101,-3.892e-21,5889,9.1598,-2.5172,0,1.0
0.032526,0.92051,-0.031401,-1.5097999999999998e-21,5895,9.1598,-4.08,0,1.0
0.026185,0.68609,-0.15915,-1.0755999999999998e-22,5949,10.099,-2.5172,0,1.0
0.041172,0.87554,-0.13379,-7.3245e-22,5953,10.099,-3.4878,0,1.0
0.027768,1.0033,-0.052028,1.0593999999999999e-21,5958,10.099,-5.1314,0,1.0
0.021798,0.83528,-0.26765,2.7332999999999996e-21,6011,11.109,-2.97,0,1.0
0.030346,1.0354,-0.14498,1.2518999999999999e-21,6015,11.109,-4.08,0,1.0
-0.029139,0.97917,-0.29261,-2.7565e-20,6070,12.196,-2.736,0,1.0
0.016068,1.1182,-0.055772,0.0,6077,12.196,-4.7572,0,1.0
0.017776,1.0753,-0.019927,5.5511e-22,6080,12.196,-5.9596,0,1.0
-0.054875,1.0974,-0.23735,5.6643e-20,6745,-0.57975,-2.4134,0,1.0
0.093512,0.93512,-0.26125,-3.9038e-20,6748,-1.5316,-1.7937,0,1.0
0.12381,0.87301,-0.342,-6.7219e-20,6789,-1.3571,-1.3571,0,1.0
0.11054,0.8439,-0.43879,4.4390000000000006e-20,6819,-1.1532,-1.1532,0,1.0
0.042074,0.77778,-0.60755,4.9324e-20,6859,-0.91393,-0.91393,0,1.0
-0.098551,0.92013,-0.60248,7.4758e-20,6860,-0.76021,-1.0465,0,1.0
-0.31512,0.97629,-0.47643,-1.714e-20,6873,-0.46551,-1.1238,0,1.0
-0.39887,0.92958,-0.28914,4.3806e-20,6876,-0.19028,-1.201,0,1.0
-0.45508,0.32067,-0.060036,-3.9283e-20,6897,-0.083909,-1.066,0,1.0
-0.1346,0.0,0.0,0.0,6898,-0.64945,-0.76041,0,1.0
-0.28829,0.0,0.0,0.0,6901,-0.5225,-0.85264,0,1.0
-0.39778,0.0,0.0,0.0,6903,-0.38268,-0.92388,0,1.0
-0.46612,0.0,0.0,0.0,6906,-0.15643,-0.98769,0,1.0
-0.46601,0.0,0.0,0.0,6907,-0.078459,-0.99692,0,1.0
0.15034,0.89046,-0.1649,-1.8003e-20,6923,-2.3204,-1.6853,0,1.0
0.2188,0.81444,-0.096511,7.5486e-21,6929,-2.6029,-0.84595,0,1.0
0.33368,0.65133,-0.12664,-1.1858e-20,6991,-1.87,-0.44916,0,1.0
0.26495,0.72492,-0.24555,6.6043e-22,6994,-1.7142,-0.87328,0,1.0
0.19903,0.79418,-0.30394,4.6066e-20,6996,-1.5553,-1.1297,0,1.0
0.41747,0.5147,-0.045039,4.9015000000000003e-20,7016,-1.6271,-0.12817,0,1.0
0.36626,0.57226,-0.22351,-6.0901e-20,7019,-1.5541,-0.50503,0,1.0
0.26027,0.66308,-0.39653,5.5073e-20,7031,-1.3165,-0.80663,0,1.0
0.47305,0.36928,-0.14593,-4.0119e-20,7044,-1.3568,-0.21499,0,1.0
0.42696,0.3747,-0.32926,-5.2969e-20,7055,-1.2306,-0.39989,0,1.0
0.25697,0.55479,-0.52014,7.3295e-20,7058,-1.1031,-0.67593,0,1.0
0.11535,0.7023,-0.59108,8.6606e-20,7060,-0.98326,-0.83971,0,1.0
0.52338,0.14318,-0.16524,1.8729e-20,7071,-1.1273,-0.17859,0,1.0
0.38762,0.16062,-0.28963,-1.3891000000000002e-19,7083,-0.98812,-0.40929,0,1.0
0.549,0.0,0.0,0.0,7089,-0.98769,-0.15643,0,1.0
0.5115,0.0,0.0,0.0,7090,-0.97237,-0.23345,0,1.0
0.23016,0.0,0.0,0.0,7094,-0.85264,-0.5225,0,1.0
0.046009,0.0,0.0,0.0,7096,-0.76041,-0.64945,0,1.0
0.17205,0.87131,-0.024167,6.5812e-21,7368,-3.5732,-0.46918,0,1.0
0.16259,0.88353,-0.066709,1.6241e-20,7371,-3.3916,-1.1488,0,1.0
0.079955,0.97582,-0.069145,-2.9654999999999996e-21,8062,-4.1311,-3.4878,0,1.0
0.0054037,1.0547,-0.12797,1.3139e-20,8451,-1.1464,-3.8396,0,1.0
-0.035818,1.0992,-0.12415,1.7504e-20,8570,-0.23491,-3.8016,0,1.0
-0.022075,1.0868,-0.093382,-3.0902999999999996e-21,8573,-0.23383,-4.5663,0,1.0
-0.47174,0.0,0.0,0.0,82,0.70711,0.70711,0,2.0
-0.45984,0.0070535,0.045449,-4.2222e-20,87,0.85936,0.85936,0,2.0
-0.45793,0.21747,0.017799,2.0509e-20,92,0.89178,1.0442,0,2.0
-0.45301,0.74919,-0.0028595,2.1124999999999998e-21,101,1.2866,1.2866,0,2.0
-0.39106,1.3015,-0.041256,-1.5435e-20,112,1.5316,1.7937,0,2.0
-0.30953,1.2779,-0.078207,-5.2276999999999995e-21,120,1.8605,2.1789,0,2.0
-0.47933,0.09795,0.0084724,-4.3978999999999996e-21,126,0.71472,0.98382,0,2.0
-0.51247,0.0,0.0,0.0,145,0.5225,0.85264,0,2.0
-0.47837,0.4706,-0.00222,-2.6006e-20,149,0.71792,1.1717,0,2.0
-0.41446,1.2671,0.038478,-7.1903e-20,155,1.0047,1.6399,0,2.0
-0.50871,0.26168,-0.010524,2.2173e-20,168,0.5522,1.0838,0,2.0
-0.5024,0.77045,0.026885,-1.919e-20,191,0.52598,1.2698,0,2.0
-0.57916,0.0,0.0,0.0,208,0.30902,0.95106,0,2.0
-0.54498,0.48433,0.0029466,5.0186000000000003e-20,210,0.37591,1.1568,0,2.0
-0.42046,1.3221,0.12998,1.2321e-20,216,0.5338,1.6426,0,2.0
-0.56337,0.60487,0.027085,8.364e-20,231,0.28397,1.1826,0,2.0
-0.52163,1.0335,0.1037,-4.9207000000000003e-20,233,0.32087,1.3362,0,2.0
-0.38325,1.3372,0.15905,-7.2662e-20,238,0.42578,1.7727,0,2.0
-0.61532,0.55615,0.052461,-1.0537e-20,272,0.089562,1.1377,0,2.0
-0.56116,1.0511,0.16898,1.6315e-20,274,0.1015,1.289,0,2.0
-0.66233,0.0,0.0,0.0,292,0.0,1.0,0,2.0
-0.38035,0.0,0.0,0.0,313,1.0,0.0,0,2.0
-0.40021,-0.030109,0.22756,-3.371e-21,319,1.212,0.095424,0,2.0
-0.38584,-0.043879,0.22509,-2.2306e-20,320,1.2925,0.0,0,2.0
-0.39209,-0.079441,0.21783,-5.3393e-20,324,1.4555,0.0,0,2.0
-0.41097,-0.06469,0.23891,1.4637e-20,325,1.4519,0.11435,0,2.0
-0.44363,-0.094559,0.16341,4.3789e-20,333,1.8155,0.14304,0,2.0
-0.43106,-0.16674,0.04364,1.2688e-20,338,2.1297,0.0,0,2.0
-0.41916,-0.1557,-0.24279,-1.7183e-20,348,2.7283,0.0,0,2.0
-0.41443,0.0,0.0,0.0,355,0.98769,0.15643,0,2.0
-0.50545,0.0044786,0.054683,-1.5083e-20,367,2.1071,0.33402,0,2.0
-0.42644,-0.034043,0.23021,1.0544000000000001e-20,378,1.1826,0.28397,0,2.0
-0.42852,-0.033242,0.25311,1.4474e-20,379,1.258,0.30208,0,2.0
-0.43889,-0.02323,0.25522,-5.4146e-21,381,1.4172,0.34035,0,2.0
-0.49019,0.1023,0.1658,4.1416000000000003e-20,406,1.7344,0.56364,0,2.0
-0.54451,0.27415,-0.0051192,6.1244e-22,410,2.137,0.69452,0,2.0
-0.54923,0.44629,-0.19061,-4.1048e-20,413,2.4799,0.80599,0,2.0
-0.53517,0.50657,-0.25662,6.017000000000001e-20,414,2.6029,0.84595,0,2.0
-0.44753,0.0,0.0,0.0,418,0.92388,0.38268,0,2.0
-0.52966,0.33863,0.030855,2.769e-20,430,1.973,0.81724,0,2.0
-0.44486,-0.034067,0.16373,6.003e-21,441,1.0838,0.5522,0,2.0
-0.44807,0.038666,0.1966,2.3705e-20,444,1.2989,0.66178,0,2.0
-0.53009,0.64486,-0.091533,-8.0477e-22,453,2.1054,1.0726,0,2.0
-0.45672,0.0,0.0,0.0,460,0.85264,0.5225,0,2.0
-0.47494,0.31874,0.084303,2.9816000000000003e-20,469,1.5546,0.95244,0,2.0
-0.45014,-0.026333,0.099195,-9.146099999999999e-21,483,0.98382,0.71472,0,2.0
-0.44463,0.037107,0.11692,2.4318999999999997e-21,485,1.1114,0.8074,0,2.0
-0.48606,0.78061,-0.042763,-6.435299999999999e-21,493,1.7261,1.2538,0,2.0
-0.4062,0.013853,-0.4573,-5.4074e-20,523,3.187,0.23587,0,2.0
-0.28702,-0.060438,-0.5934,1.7750000000000002e-20,528,3.8141,0.0,0,2.0
-0.26904,0.017992,-0.54899,-3.9694e-20,532,4.2681,0.0,0,2.0
-0.24228,0.021558,-0.58851,-4.1402e-20,533,4.2628,0.23492,0,2.0
-0.28881,0.35033,-0.010881,4.0282e-20,540,5.282,0.0,0,2.0
-0.23005,0.33642,0.088752,-6.8781e-20,543,5.5544,0.23377,0,2.0
-0.1825,0.4957,0.39332,3.2739e-20,547,6.1409,0.23326,0,2.0
-0.17235,0.63318,0.52727,7.8669e-20,548,6.4555,0.0,0,2.0
-0.10603,0.67049,0.55474,7.1341e-21,554,7.4555,0.0,0,2.0
-0.14505,0.58955,0.49758,1.5592e-21,561,8.5669,0.23111,0,2.0
-0.19552,0.6672,0.14044,-9.7221e-21,565,9.382,0.23039,0,2.0
-0.12687,0.80769,-0.4233,-7.9324e-21,570,10.726,0.0,0,2.0
-0.067005,0.8012,-0.43148,-8.829599999999999e-21,626,12.738,0.454,0,2.0
-0.17751,0.25367,-0.5431,-7.1841e-21,641,4.1971,0.69968,0,2.0
-0.13173,0.15075,-0.47153,-1.4907e-21,643,4.6868,0.69847,0,2.0
-0.09686,0.43675,0.37593,-2.3435e-20,649,6.3905,0.6943,0,2.0
-0.10108,0.59714,0.56383,1.1548e-20,653,7.7527,0.69096,0,2.0
-0.077691,0.89236,-0.45926,6.597399999999999e-21,662,11.654,0.68139,0,2.0
-0.37207,0.60273,-0.47184,8.7344e-20,675,3.2568,0.92918,0,2.0
-0.25302,0.542,-0.50686,-5.0618e-20,677,3.6808,0.9279,0,2.0
-0.069425,0.18779,-0.28481,-5.0617e-20,683,5.1561,0.92345,0,2.0
-0.41779,0.82329,-0.39636,1.5093e-20,712,2.9753,1.1514,0,2.0
-0.13416,0.60041,-0.42939,8.221099999999999e-21,717,4.0596,1.1477,0,2.0
-0.025955,0.29732,0.087027,7.0694e-20,724,5.9526,1.1414,0,2.0
-0.21011,0.89603,0.06075,9.8929e-21,733,9.2192,1.1304,0,2.0
-0.046422,0.60167,-0.31536,2.3842e-20,757,4.4592,1.3602,0,2.0
0.011336,0.3508,-0.18788,-2.0004e-20,760,5.2716,1.3574,0,2.0
-0.031772,0.52469,0.44898,2.1725e-21,766,7.19,1.3508,0,2.0
-0.12588,0.72938,0.42104,-3.7741e-20,769,8.319,1.347,0,2.0
-0.13002,1.0573,-0.41168,-1.8566e-20,774,10.499,1.3395,0,2.0
-0.22844,0.98029,-0.36318,-4.9734e-20,791,3.3928,1.5691,0,2.0
-0.13122,0.85919,-0.33843,-1.0042e-20,793,3.8541,1.5676,0,2.0
0.012163,0.58048,-0.19416,-4.071899999999999e-21,797,4.8843,1.5643,0,2.0
0.033606,0.37583,0.089314,-3.9334e-20,801,6.0767,1.5606,0,2.0
-0.062373,0.98042,-0.39121,2.4732999999999997e-21,814,11.41,1.5437,0,2.0
-0.30694,1.1581,-0.28328,9.0492e-20,828,2.8331,1.7658,0,2.0
-0.14859,1.0045,-0.26374,4.8956e-20,871,3.586,1.9485,0,2.0
-0.071273,0.89761,-0.22429,-1.8315999999999997e-21,873,4.0873,1.9478,0,2.0
0.022564,0.7477,-0.10056,-7.6395e-21,876,4.9116,1.9466,0,2.0
0.057901,0.63043,-0.0049224,-6.433699999999999e-21,878,5.5135,1.9457,0,2.0
0.050879,0.76372,0.22154,-4.9145999999999996e-21,961,6.7218,2.3126,0,2.0
0.022911,0.88072,-0.013857,-8.341799999999999e-21,996,5.0613,2.5172,0,2.0
0.051924,0.86383,0.084766,-3.5691e-21,998,5.6893,2.5172,0,2.0
-1.1015e-05,0.99189,0.22636,-6.413299999999999e-21,1003,7.4758,2.5172,0,2.0
-0.058666,1.1764,-0.22907,-1.9052e-21,1049,10.099,2.736,0,2.0
-0.030463,1.0545,-0.25406,-1.2336e-20,1051,11.109,2.736,0,2.0
-0.058051,1.2492,-0.1054,1.0376e-20,1087,9.1598,2.97,0,2.0
-0.0054641,0.95379,-0.2109,6.346599999999999e-21,1093,12.196,2.97,0,2.0
0.0037998,0.9685,0.0030987,1.1961000000000001e-20,1116,5.0613,3.2202,0,2.0
0.016145,1.0738,0.08028,7.1943e-22,1201,6.7218,3.7739,0,2.0
-0.015014,1.1515,-0.062854,2.3038e-21,1247,9.1598,4.08,0,2.0
-0.0040805,1.0487,-0.13864,4.9672e-22,1251,11.109,4.08,0,2.0
0.0022326,1.0752,0.030996,3.0919e-23,1321,6.7218,4.7572,0,2.0
0.010128,0.99354,-0.096519,0.0,1333,12.196,4.7572,0,2.0
-0.13642,1.1486,0.1137,3.7923e-20,2145,-4.3934e-16,3.1819,0,2.0
-0.10065,1.1185,0.085771,-1.9092000000000002e-20,2175,-4.2301e-16,3.807,0,2.0
-0.080583,1.1014,0.070853,-9.775899999999999e-21,2195,-4.1015e-16,4.2993,0,2.0
0.0689,0.93085,0.28489,4.7220000000000006e-20,2456,-1.5845,1.5845,0,2.0
0.037335,0.89037,0.46774,-5.0514e-20,2468,-1.1532,1.1532,0,2.0
-0.096399,0.93566,0.61348,-4.5773e-20,2475,-0.89178,1.0442,0,2.0
-0.18077,0.85809,0.6626,1.007e-21,2479,-0.78951,0.92446,0,2.0
-0.26524,0.0,0.0,0.0,2484,-0.64945,0.76041,0,2.0
-0.10106,1.0092,0.51564,7.8703e-20,2499,-0.90709,1.2487,0,2.0
-0.23734,1.0778,0.58897,4.5787e-21,2522,-0.71792,1.1717,0,2.0
-0.44254,0.0,0.0,0.0,2527,-0.5225,0.85264,0,2.0
-0.06136,1.0642,0.26526,-1.8107e-20,2533,-1.0726,2.1054,0,2.0
-0.41244,1.0392,0.5638,-1.9762e-20,2545,-0.5522,1.0838,0,2.0
-0.57336,0.0,0.0,0.0,2569,-0.38268,0.92388,0,2.0
-0.40565,1.2359,0.48485,4.665e-21,2585,-0.42475,1.3071,0,2.0
-0.51997,1.0851,0.44574,-6.5264e-20,2587,-0.37591,1.1568,0,2.0
-0.66478,0.0,0.0,0.0,2632,-0.15643,0.98769,0,2.0
-0.2155,1.2081,0.21195,-6.4514e-20,2639,-0.17623,2.2362,0,2.0
-0.30693,1.2706,0.2763,-1.0486e-20,2643,-0.14304,1.8155,0,2.0
-0.50249,1.2767,0.32706,-1.6366000000000002e-19,2648,-0.10781,1.369,0,2.0
-0.59464,0.99588,0.23655,3.5314e-20,2650,-0.095424,1.212,0,2.0
-0.62927,0.72438,0.15139,6.3773e-20,2651,-0.089562,1.1377,0,2.0
0.24912,0.77415,0.014146,-1.1298e-22,2660,-2.5997,0.0,0,2.0
0.31329,0.68605,0.018647,-1.544e-22,2668,-2.1297,0.0,0,2.0
0.4092,0.51925,0.089817,-4.1889e-20,2679,-1.6271,0.12817,0,2.0
0.4868,0.34925,0.032205,-1.2362999999999998e-21,2684,-1.3725,0.0,0,2.0
0.52737,0.20258,0.035027,1.4657e-20,2688,-1.2153,0.0,0,2.0
0.56176,0.049424,0.023421,-1.3141999999999999e-21,2692,-1.0692,0.0,0,2.0
0.57199,0.0,0.0,0.0,2695,-1.0,0.0,0,2.0
0.45487,0.37964,0.20099,3.9086e-20,2711,-1.3568,0.21499,0,2.0
0.50099,0.15286,0.22283,-2.7707e-20,2714,-1.1273,0.17859,0,2.0
0.52511,0.0,0.0,0.0,2716,-0.98769,0.15643,0,2.0
0.36849,0.55912,0.21082,-8.7542e-20,2729,-1.5885,0.38151,0,2.0
0.1993,0.82518,0.11585,-6.286399999999999e-21,2740,-2.6029,0.84595,0,2.0
0.28999,0.68683,0.20338,1.4402e-20,2747,-1.8296,0.59459,0,2.0
0.3367,0.59061,0.26601,5.8171e-20,2750,-1.5541,0.50503,0,2.0
0.37923,0.45499,0.35419,-4.8419e-20,2753,-1.3071,0.42475,0,2.0
0.39844,0.23827,0.39164,9.7345e-20,2756,-1.0857,0.35279,0,2.0
0.41208,0.0,0.0,0.0,2758,-0.95106,0.30902,0,2.0
0.25369,0.67326,0.3607,-1.3948e-20,2792,-1.456,0.74178,0,2.0
0.24704,0.36383,0.52072,-1.9121000000000002e-19,2798,-1.0172,0.51827,0,2.0
0.24558,0.0,0.0,0.0,2800,-0.89101,0.45399,0,2.0
0.18295,0.80294,0.28095,9.1628e-22,2809,-1.7284,1.0589,0,2.0
0.20429,0.72265,0.39858,1.5729000000000002e-20,2813,-1.393,0.85347,0,2.0
0.20058,0.63496,0.52792,6.5762e-20,2816,-1.1717,0.71792,0,2.0
0.063507,0.51167,0.59624,2.5625000000000003e-19,2840,-0.92341,0.67086,0,2.0
0.045273,0.0,0.0,0.0,2842,-0.80902,0.58779,0,2.0
0.091188,0.93527,0.17351,2.681e-20,2844,-2.2843,1.9505,0,2.0
0.094974,0.83232,0.45253,-5.0529e-20,2855,-1.2411,1.0599,0,2.0
0.054607,0.78261,0.59357,-1.2195e-20,2858,-1.0442,0.89178,0,2.0
0.13876,0.90577,0.0065665,9.7888e-22,2912,-4.3358,0.0,0,2.0
0.16491,0.87442,0.037864,-5.2278999999999995e-21,2951,-3.5732,0.46918,0,2.0
0.15372,0.88443,0.065689,-1.4227e-20,3011,-3.47,0.92747,0,2.0
0.054047,0.985,0.077598,2.8687e-21,3372,-3.8187,3.4878,0,2.0
-0.021261,1.0504,0.099158,1.2448e-21,4180,-1.5637,4.1771,0,2.0
-0.3334,0.0,0.0,0.0,4394,0.64945,-0.76041,0,2.0
-0.37058,0.0,0.0,0.0,4402,0.45399,-0.89101,0,2.0
-0.40479,0.0,0.0,0.0,4406,0.30902,-0.95106,0,2.0
-0.44251,0.0,0.0,0.0,4410,0.15643,-0.98769,0,2.0
-0.41334,0.70236,-0.10846,-2.1425e-20,4436,0.095424,-1.212,0,2.0
-0.33632,0.22279,-0.00019446,4.7597999999999996e-21,4441,0.67593,-1.1031,0,2.0
-0.33644,0.47627,-0.017893,1.3359e-20,4453,0.62391,-1.2246,0,2.0
-0.35955,1.1191,-0.27015,1.3111e-19,4459,-8.2717e-17,-1.3725,0,2.0
-0.31877,1.0417,-0.13675,-3.1435e-20,4477,0.47729,-1.4687,0,2.0
-0.294,0.28335,0.019774,-1.6894e-20,4483,1.1532,-1.1532,0,2.0
-0.30133,0.77134,-0.044959,-1.6679e-20,4485,0.85347,-1.393,0,2.0
-0.2148,1.2107,-0.276,-2.8202e-20,4514,-1.8199e-16,-1.8196,0,2.0
-0.1432,1.1662,-0.22636,5.4831e-20,4558,-2.7552e-16,-2.2408,0,2.0
-0.20757,1.1081,-0.071302,1.6651e-20,4559,1.5316,-1.7937,0,2.0
-0.16536,1.1997,-0.081535,-3.8875e-21,4615,2.1213,-2.1213,0,2.0
-0.34649,0.0,0.0,0.0,4627,0.98769,-0.15643,0,2.0
-0.3217,0.0,0.0,0.0,4631,0.95106,-0.30902,0,2.0
-0.31012,0.0,0.0,0.0,4635,0.89101,-0.45399,0,2.0
-0.31705,0.0,0.0,0.0,4641,0.76041,-0.64945,0,2.0
-0.32665,-0.0018488,0.086083,-3.3414e-20,4646,1.0857,-0.35279,0,2.0
-0.31804,-0.018394,-0.0070621,1.0975e-20,4651,0.86777,-0.74111,0,2.0
-0.35198,-0.021602,0.16213,-6.3957e-21,4653,1.201,-0.19028,0,2.0
-0.31472,-0.022984,0.050509,-2.9734999999999997e-21,4657,1.0838,-0.5522,0,2.0
-0.32693,-0.040629,0.10966,-7.340199999999999e-22,4664,1.2306,-0.39989,0,2.0
-0.31473,-0.0039798,0.0084892,7.4692e-22,4669,0.98326,-0.83971,0,2.0
-0.31109,-0.049652,0.062062,9.3754e-21,4675,1.2246,-0.62391,0,2.0
-0.35337,-0.090809,0.16145,1.9953e-20,4680,1.4391,-0.22804,0,2.0
-0.32342,-0.081103,0.1052,1.2315999999999999e-21,4682,1.3864,-0.45054,0,2.0
-0.30615,0.051822,0.023894,7.3029e-21,4687,1.1075,-0.94578,0,2.0
-0.38192,-0.16758,0.12678,1.0693e-21,4715,1.8155,-0.14304,0,2.0
-0.2619,-0.013474,0.046129,3.1244e-20,4729,1.7142,-0.87328,0,2.0
-0.33905,-0.21432,0.021677,-9.1019e-22,4743,2.1071,-0.33402,0,2.0
-0.26862,-0.12549,0.011456,3.0040000000000005e-20,4745,2.0308,-0.65999,0,2.0
-0.23241,0.048987,0.025203,5.1304000000000003e-20,4747,1.9027,-0.96929,0,2.0
-0.22591,0.37072,0.024615,4.7074e-20,4749,1.7261,-1.2538,0,2.0
-0.22428,-0.074356,-0.070838,-4.0661e-22,4772,2.3614,-0.76747,0,2.0
-0.20924,-0.043858,-0.10218,4.5156e-20,4781,2.4799,-0.80599,0,2.0
-0.162,0.3182,-0.17627,2.3773999999999996e-21,4818,2.9753,-1.1514,0,2.0
-0.25076,-0.091888,-0.42836,1.843e-20,4825,3.3622,-0.47016,0,2.0
-0.15301,0.76195,-0.096388,7.6028999999999995e-22,4830,2.9641,-1.5704,0,2.0
-0.15401,1.1185,-0.071943,-3.8767e-21,4832,2.6869,-1.9499,0,2.0
-0.24251,0.17326,-0.38542,-5.657e-21,4846,3.7419,-0.70079,0,2.0
-0.19696,0.65962,-0.15369,1.3057e-20,4849,3.5057,-1.3635,0,2.0
-0.28758,0.089298,-0.47639,-3.3425e-20,4864,4.2628,-0.23492,0,2.0
-0.29571,0.36331,-0.30245,-3.4999e-20,4866,4.1971,-0.69968,0,2.0
-0.27087,0.66324,-0.15911,-4.6737999999999994e-21,4868,4.0596,-1.1477,0,2.0
-0.23382,0.94701,-0.061312,2.7274000000000003e-20,4870,3.8541,-1.5676,0,2.0
-0.34063,0.41861,-0.17405,4.5469000000000003e-20,4885,4.728,-0.4678,0,2.0
-0.30259,0.95721,0.026295,8.336599999999999e-21,4889,4.4592,-1.3602,0,2.0
-0.22191,1.2469,0.051768,-4.5789e-21,4892,4.0873,-1.9478,0,2.0
-0.33732,0.91184,0.09721,-1.2403e-20,4898,4.812,-1.1452,0,2.0
-0.3495,0.86173,0.19462,5.5982999999999996e-21,4907,5.1561,-0.92345,0,2.0
-0.33224,0.80278,0.30441,-7.183e-21,4916,5.492,-0.6965,0,2.0
-0.25016,1.2467,0.2655,-7.6593e-21,4921,5.0459,-1.7602,0,2.0
-0.27767,1.0461,0.41782,2.3210000000000002e-20,4928,5.6516,-1.1424,0,2.0
-0.24286,0.87193,0.51071,4.8665000000000004e-20,4936,6.08,-0.69506,0,2.0
-0.21022,1.1521,0.41197,-9.0345e-23,4940,5.762,-1.5616,0,2.0
-0.18937,0.94015,0.53595,-5.4928e-20,4947,6.3357,-0.91989,0,2.0
-0.16526,1.1351,0.39577,-2.6971e-20,4951,5.9608,-1.7579,0,2.0
-0.080783,0.73119,0.47274,9.478199999999999e-21,4986,7.7527,-0.69096,0,2.0
-0.09836,0.59578,0.45537,-3.5717e-20,5005,8.5472,-0.46122,0,2.0
-0.050796,0.68412,0.36537,-1.2352000000000001e-20,5008,8.3977,-1.1332,0,2.0
-0.01873,0.7354,0.26158,2.2271e-20,5021,8.5295,-1.7514,0,2.0
-0.081342,0.54332,0.25631,-1.8939000000000002e-20,5027,9.2813,-0.91101,0,2.0
-0.044478,0.63347,-0.18526,7.416600000000001e-20,5059,10.499,-1.3395,0,2.0
-0.075936,0.80898,-0.47946,5.4790999999999996e-21,5075,11.684,-0.45582,0,2.0
-0.0207,0.73789,-0.33434,3.2883e-20,5081,11.32,-1.7443,0,2.0
-0.081879,0.80026,-0.48071,8.5894e-21,5095,12.738,-0.454,0,2.0
-0.11501,1.1951,0.16108,-2.3547999999999997e-21,5561,5.0613,-2.97,0,2.0
-0.10475,1.1688,0.18433,-2.1195e-20,5591,5.3695,-2.97,0,2.0
-0.092232,1.1374,0.20288,-3.5663e-21,5621,5.6893,-2.97,0,2.0
-0.070971,1.1154,0.15702,4.9406e-21,5623,5.6893,-3.4878,0,2.0
-0.033675,0.98604,0.21405,-3.1312999999999996e-21,5741,7.0919,-2.97,0,2.0
-0.01651,1.015,0.10595,-1.0014e-21,5746,7.0919,-4.4072,0,2.0
-0.014183,1.0196,0.089146,-2.5355e-21,5747,7.0919,-4.7572,0,2.0
-0.0084455,1.0307,0.049402,3.7675e-22,5750,7.0919,-5.9596,0,2.0
-0.0078612,0.91051,0.17977,2.0141e-21,5801,7.874,-2.97,0,2.0
-0.0020951,0.95197,0.11973,3.3185999999999998e-21,5804,7.874,-3.7739,0,2.0
0.013919,0.75745,0.10867,-4.166699999999999e-21,5889,9.1598,-2.5172,0,2.0
0.022078,0.91379,0.031454,-3.0523e-21,5895,9.1598,-4.08,0,2.0
0.020754,0.67992,-0.011391,1.2090999999999998e-22,5949,10.099,-2.5172,0,2.0
0.034621,0.84491,-0.044618,-9.7393e-22,5953,10.099,-3.4878,0,2.0
0.024744,0.97257,-0.02414,8.2286e-22,5958,10.099,-5.1314,0,2.0
0.029299,0.75902,-0.16792,4.4343e-23,6011,11.109,-2.97,0,2.0
0.035381,0.94522,-0.1198,-1.938e-22,6015,11.109,-4.08,0,2.0
0.0021486,0.85675,-0.32568,-2.3402e-20,6070,12.196,-2.736,0,2.0
0.024803,1.061,-0.09727,0.0,6077,12.196,-4.7572,0,2.0
0.020678,1.0509,-0.04032,8.257199999999999e-22,6080,12.196,-5.9596,0,2.0
-0.060505,1.0903,-0.23381,5.8217e-20,6745,-0.57975,-2.4134,0,2.0
0.08955,0.9307,-0.25676,-3.9679e-20,6748,-1.5316,-1.7937,0,2.0
0.12027,0.86863,-0.33643,-6.8054e-20,6789,-1.3571,-1.3571,0,2.0
0.10751,0.83919,-0.43254,4.4835e-20,6819,-1.1532,-1.1532,0,2.0
0.040769,0.77267,-0.60081,4.8546e-20,6859,-0.91393,-0.91393,0,2.0
-0.10111,0.91474,-0.59651,7.4853e-20,6860,-0.76021,-1.0465,0,2.0
-0.32057,0.97272,-0.47253,-1.7985e-20,6873,-0.46551,-1.1238,0,2.0
-0.40947,0.92927,-0.28616,4.4061e-20,6876,-0.19028,-1.201,0,2.0
-0.46808,0.32454,-0.059823,-4.2853e-20,6897,-0.083909,-1.066,0,2.0
-0.13472,0.0,0.0,0.0,6898,-0.64945,-0.76041,0,2.0
-0.29043,0.0,0.0,0.0,6901,-0.5225,-0.85264,0,2.0
-0.40287,0.0,0.0,0.0,6903,-0.38268,-0.92388,0,2.0
-0.47697,0.0,0.0,0.0,6906,-0.15643,-0.98769,0,2.0
-0.47895,0.0,0.0,0.0,6907,-0.078459,-0.99692,0,2.0
0.14747,0.8875,-0.16091,-1.8083000000000002e-20,6923,-2.3204,-1.6853,0,2.0
0.21686,0.8129,-0.091868,7.488599999999999e-21,6929,-2.6029,-0.84595,0,2.0
0.33206,0.64988,-0.1201,-1.1751e-20,6991,-1.87,-0.44916,0,2.0
0.2627,0.72213,-0.23935,6.875799999999999e-22,6994,-1.7142,-0.87328,0,2.0
0.19621,0.79056,-0.29804,4.6668e-20,6996,-1.5553,-1.1297,0,2.0
0.41623,0.51413,-0.037394,4.9059000000000003e-20,7016,-1.6271,-0.12817,0,2.0
0.36477,0.57013,-0.21611,-6.144e-20,7019,-1.5541,-0.50503,0,2.0
0.25852,0.65939,-0.38935,5.541300000000001e-20,7031,-1.3165,-0.80663,0,2.0
0.47203,0.36804,-0.13722,-4.0468e-20,7044,-1.3568,-0.21499,0,2.0
0.42644,0.3722,-0.3206,-5.3611e-20,7055,-1.2306,-0.39989,0,2.0
0.2565,0.55072,-0.51229,7.1008e-20,7058,-1.1031,-0.67593,0,2.0
0.11445,0.69746,-0.58395,8.5118e-20,7060,-0.98326,-0.83971,0,2.0
0.52287,0.14204,-0.15739,1.8486e-20,7071,-1.1273,-0.17859,0,2.0
0.38844,0.15892,-0.28508,-1.4004000000000002e-19,7083,-0.98812,-0.40929,0,2.0
0.54867,0.0,0.0,0.0,7089,-0.98769,-0.15643,0,2.0
0.51167,0.0,0.0,0.0,7090,-0.97237,-0.23345,0,2.0
0.23144,0.0,0.0,0.0,7094,-0.85264,-0.5225,0,2.0
0.046992,0.0,0.0,0.0,7096,-0.76041,-0.64945,0,2.0
0.17073,0.87076,-0.020669,6.509299999999999e-21,7368,-3.5732,-0.46918,0,2.0
0.16076,0.8822,-0.063305,1.6387e-20,7371,-3.3916,-1.1488,0,2.0
0.077902,0.97395,-0.067851,-2.9571e-21,8062,-4.1311,-3.4878,0,2.0
0.0024699,1.0497,-0.12769,1.2918e-20,8451,-1.1464,-3.8396,0,2.0
-0.038296,1.0923,-0.12523,1.7811e-20,8570,-0.23491,-3.8016,0,2.0
-0.023802,1.0816,-0.095725,-3.1198999999999996e-21,8573,-0.23383,-4.5663,0,2.0
-0.42863,0.0,0.0,0.0,82,0.70711,0.70711,0,3.0
-0.4176,-0.0044027,0.044668,-4.2996e-20,87,0.85936,0.85936,0,3.0
-0.41435,0.18887,0.024344,2.4469e-20,92,0.89178,1.0442,0,3.0
-0.40419,0.70075,0.023757,3.8136e-21,101,1.2866,1.2866,0,3.0
-0.36752,1.305,-0.007021,-8.0487e-21,112,1.5316,1.7937,0,3.0
-0.30557,1.3056,-0.053286,-5.8006999999999996e-21,120,1.8605,2.1789,0,3.0
-0.43675,0.080615,0.013971,-5.9465999999999995e-21,126,0.71472,0.98382,0,3.0
-0.46897,0.0,0.0,0.0,145,0.5225,0.85264,0,3.0
-0.43588,0.43894,0.0078419,-2.6507e-20,149,0.71792,1.1717,0,3.0
-0.38036,1.2538,0.061502,-5.9275e-20,155,1.0047,1.6399,0,3.0
-0.46607,0.23913,-0.003287,2.0866e-20,168,0.5522,1.0838,0,3.0
-0.46171,0.74034,0.036694,-1.5735e-20,191,0.52598,1.2698,0,3.0
-0.53622,0.0,0.0,0.0,208,0.30902,0.95106,0,3.0
-0.50316,0.45921,0.0089617,5.13e-20,210,0.37591,1.1568,0,3.0
-0.38918,1.3125,0.14583,1.1270000000000002e-20,216,0.5338,1.6426,0,3.0
-0.5225,0.57988,0.032042,8.3578e-20,231,0.28397,1.1826,0,3.0
-0.48394,1.0092,0.11206,-4.6996e-20,233,0.32087,1.3362,0,3.0
-0.35596,1.3326,0.17401,-6.714000000000001e-20,238,0.42578,1.7727,0,3.0
-0.5763,0.53651,0.053951,-2.0705e-20,272,0.089562,1.1377,0,3.0
-0.52528,1.0298,0.17363,1.2495e-20,274,0.1015,1.289,0,3.0
-0.62436,0.0,0.0,0.0,292,0.0,1.0,0,3.0
-0.37604,0.0,0.0,0.0,313,1.0,0.0,0,3.0
-0.38839,-0.02323,0.24204,-1.5148e-21,319,1.212,0.095424,0,3.0
-0.38007,-0.036176,0.2574,-1.3071e-20,320,1.2925,0.0,0,3.0
-0.38572,-0.067707,0.27785,-3.0691e-20,324,1.4555,0.0,0,3.0
-0.39647,-0.050173,0.29512,1.7695e-20,325,1.4519,0.11435,0,3.0
-0.42841,-0.067685,0.27477,4.4766e-20,333,1.8155,0.14304,0,3.0
-0.43607,-0.1327,0.20917,6.497899999999999e-21,338,2.1297,0.0,0,3.0
-0.46216,-0.09496,-0.033166,-1.2901e-20,348,2.7283,0.0,0,3.0
-0.39855,0.0,0.0,0.0,355,0.98769,0.15643,0,3.0
-0.48642,0.046419,0.19917,-1.0106e-20,367,2.1071,0.33402,0,3.0
-0.40235,-0.027008,0.23347,4.1523e-21,378,1.1826,0.28397,0,3.0
-0.40286,-0.024381,0.26947,5.752199999999999e-21,379,1.258,0.30208,0,3.0
-0.40916,-0.010562,0.29868,-6.3438999999999994e-21,381,1.4172,0.34035,0,3.0
-0.44575,0.11564,0.24712,4.9226e-20,406,1.7344,0.56364,0,3.0
-0.50969,0.29559,0.12095,7.779e-21,410,2.137,0.69452,0,3.0
-0.5491,0.47764,-0.042394,1.7778e-20,413,2.4799,0.80599,0,3.0
-0.55265,0.54664,-0.11041,3.9178e-20,414,2.6029,0.84595,0,3.0
-0.41557,0.0,0.0,0.0,418,0.92388,0.38268,0,3.0
-0.48252,0.33587,0.13094,3.5738000000000003e-20,430,1.973,0.81724,0,3.0
-0.40793,-0.032484,0.15401,3.8150999999999996e-21,441,1.0838,0.5522,0,3.0
-0.40392,0.031304,0.21392,5.4318999999999996e-21,444,1.2989,0.66178,0,3.0
-0.4946,0.61792,0.0090148,-1.6558e-20,453,2.1054,1.0726,0,3.0
-0.4177,0.0,0.0,0.0,460,0.85264,0.5225,0,3.0
-0.41859,0.28271,0.12978,2.7787e-20,469,1.5546,0.95244,0,3.0
-0.40928,-0.031256,0.090986,-8.6444e-21,483,0.98382,0.71472,0,3.0
-0.40055,0.019607,0.11694,8.903799999999999e-21,485,1.1114,0.8074,0,3.0
-0.4383,0.73062,0.014688,1.5591e-20,493,1.7261,1.2538,0,3.0
-0.47997,0.12937,-0.30272,-6.0159e-20,523,3.187,0.23587,0,3.0
-0.32378,0.054081,-0.52985,3.2622e-20,528,3.8141,0.0,0,3.0
-0.25494,0.085393,-0.61905,-5.9105e-21,532,4.2681,0.0,0,3.0
-0.25782,0.20316,-0.61598,-4.7120000000000003e-20,533,4.2628,0.23492,0,3.0
-0.23508,0.21808,-0.42282,3.7624e-20,540,5.282,0.0,0,3.0
-0.20371,0.2382,-0.32897,-4.0504e-20,543,5.5544,0.23377,0,3.0
-0.20609,0.40225,0.049344,-6.893099999999999e-21,547,6.1409,0.23326,0,3.0
-0.22235,0.57373,0.29216,1.3858000000000002e-19,548,6.4555,0.0,0,3.0
-0.12503,0.71685,0.5488,-2.0854e-20,554,7.4555,0.0,0,3.0
-0.10011,0.68006,0.53891,5.303399999999999e-21,561,8.5669,0.23111,0,3.0
-0.13909,0.63728,0.47792,-1.2972e-20,565,9.382,0.23039,0,3.0
-0.16949,0.72068,-0.11317,-1.4124e-20,570,10.726,0.0,0,3.0
-0.074596,0.86617,-0.45525,-6.3409e-22,626,12.738,0.454,0,3.0
-0.23822,0.50523,-0.57009,-4.8751e-20,641,4.1971,0.69968,0,3.0
-0.1511,0.40992,-0.54144,3.4718e-20,643,4.6868,0.69847,0,3.0
-0.11147,0.36149,0.081368,-3.381e-20,649,6.3905,0.6943,0,3.0
-0.079689,0.62851,0.50951,2.7866999999999996e-21,653,7.7527,0.69096,0,3.0
-0.12504,0.92919,-0.45247,7.0466e-21,662,11.654,0.68139,0,3.0
-0.46397,0.73088,-0.415,7.213e-20,675,3.2568,0.92918,0,3.0
-0.34954,0.72066,-0.52079,-5.099e-20,677,3.6808,0.9279,0,3.0
-0.077665,0.39506,-0.43505,-2.9894e-20,683,5.1561,0.92345,0,3.0
-0.48639,0.9102,-0.32669,3.561e-20,712,2.9753,1.1514,0,3.0
-0.21648,0.78874,-0.49646,3.0493999999999997e-21,717,4.0596,1.1477,0,3.0
-0.029624,0.31724,-0.2001,7.025400000000001e-20,724,5.9526,1.1414,0,3.0
-0.13692,0.73573,0.4523,1.1349e-20,733,9.2192,1.1304,0,3.0
-0.11372,0.77493,-0.40405,2.913e-20,757,4.4592,1.3602,0,3.0
-0.02053,0.56049,-0.2908,-3.1467000000000003e-20,760,5.2716,1.3574,0,3.0
-0.01435,0.48735,0.28793,7.3029e-21,766,7.19,1.3508,0,3.0
-0.057436,0.64776,0.50063,-3.3167e-20,769,8.319,1.347,0,3.0
-0.19057,1.0305,-0.17407,-2.5686e-20,774,10.499,1.3395,0,3.0
-0.30229,1.0984,-0.38554,-5.1585e-20,791,3.3928,1.5691,0,3.0
-0.2074,0.98603,-0.40222,-2.2366e-20,793,3.8541,1.5676,0,3.0
-0.0425,0.7345,-0.29194,-3.1648e-20,797,4.8843,1.5643,0,3.0
0.023113,0.44182,-0.11142,-2.2490000000000002e-20,801,6.0767,1.5606,0,3.0
-0.11276,1.0712,-0.39529,-7.4946e-22,814,11.41,1.5437,0,3.0
-0.34967,1.2377,-0.26701,8.6058e-20,828,2.8331,1.7658,0,3.0
-0.20521,1.0923,-0.30604,5.6171e-20,871,3.586,1.9485,0,3.0
-0.12982,0.97955,-0.2995,1.0466999999999999e-21,873,4.0873,1.9478,0,3.0
-0.028691,0.81904,-0.21379,-1.6921e-20,876,4.9116,1.9466,0,3.0
0.020126,0.71965,-0.12033,-1.5392e-20,878,5.5135,1.9457,0,3.0
0.059902,0.69796,0.11369,-5.6139e-21,961,6.7218,2.3126,0,3.0
-0.010829,0.88601,-0.11581,-1.7126999999999997e-21,996,5.0613,2.5172,0,3.0
0.028705,0.83749,-0.027152,8.1183e-22,998,5.6893,2.5172,0,3.0
0.045281,0.79154,0.22612,-1.9327e-22,1003,7.4758,2.5172,0,3.0
-0.079238,1.2543,-0.12483,-4.410299999999999e-22,1049,10.099,2.736,0,3.0
-0.055595,1.1595,-0.2426,-2.2712e-20,1051,11.109,2.736,0,3.0
-0.041068,1.2239,0.060888,1.8546e-21,1087,9.1598,2.97,0,3.0
-0.020041,1.033,-0.2305,9.437e-21,1093,12.196,2.97,0,3.0
-0.014954,0.95527,-0.063007,1.1957e-20,1116,5.0613,3.2202,0,3.0
0.025278,1.0002,0.070537,-4.9198e-22,1201,6.7218,3.7739,0,3.0
-0.0044587,1.1602,0.010099,-9.2415e-22,1247,9.1598,4.08,0,3.0
-0.011173,1.1057,-0.12141,4.4192e-22,1251,11.109,4.08,0,3.0
0.0077884,1.0365,0.032859,9.1886e-22,1321,6.7218,4.7572,0,3.0
0.0040172,1.0341,-0.10345,0.0,1333,12.196,4.7572,0,3.0
-0.12666,1.1531,0.11949,3.652e-20,2145,-4.3934e-16,3.1819,0,3.0
-0.093788,1.1237,0.089122,-1.8709e-20,2175,-4.2301e-16,3.807,0,3.0
-0.075293,1.1064,0.072672,-9.684499999999999e-21,2195,-4.1015e-16,4.2993,0,3.0
0.076472,0.92987,0.28723,4.5672e-20,2456,-1.5845,1.5845,0,3.0
0.046727,0.88808,0.46917,-4.9322e-20,2468,-1.1532,1.1532,0,3.0
-0.084297,0.93205,0.61396,-4.4470000000000005e-20,2475,-0.89178,1.0442,0,3.0
-0.16751,0.85347,0.66116,1.732e-21,2479,-0.78951,0.92446,0,3.0
-0.25068,0.0,0.0,0.0,2484,-0.64945,0.76041,0,3.0
-0.088318,1.0058,0.51747,7.703000000000001e-20,2499,-0.90709,1.2487,0,3.0
-0.22152,1.0727,0.5901,3.7416e-21,2522,-0.71792,1.1717,0,3.0
-0.423,0.0,0.0,0.0,2527,-0.5225,0.85264,0,3.0
-0.050375,1.0634,0.2693,-1.7312e-20,2533,-1.0726,2.1054,0,3.0
-0.39231,1.031,0.5626,-2.0551e-20,2545,-0.5522,1.0838,0,3.0
-0.54832,0.0,0.0,0.0,2569,-0.38268,0.92388,0,3.0
-0.38348,1.228,0.4877,3.2831999999999998e-21,2585,-0.42475,1.3071,0,3.0
-0.49466,1.0735,0.44507,-6.3183e-20,2587,-0.37591,1.1568,0,3.0
-0.63143,0.0,0.0,0.0,2632,-0.15643,0.98769,0,3.0
-0.19918,1.2078,0.22016,-6.0317e-20,2639,-0.17623,2.2362,0,3.0
-0.28589,1.2668,0.28493,-9.790199999999999e-21,2643,-0.14304,1.8155,0,3.0
-0.47336,1.2639,0.33223,-1.5515000000000002e-19,2648,-0.10781,1.369,0,3.0
-0.56137,0.97783,0.23752,3.9526e-20,2650,-0.095424,1.212,0,3.0
-0.59443,0.70708,0.15086,6.4913e-20,2651,-0.089562,1.1377,0,3.0
0.24735,0.77415,0.015355,-2.62e-22,2660,-2.5997,0.0,0,3.0
0.31149,0.68604,0.019672,-5.9304e-23,2668,-2.1297,0.0,0,3.0
0.40836,0.51909,0.090355,-4.2560000000000003e-20,2679,-1.6271,0.12817,0,3.0
0.48496,0.34925,0.032276,-1.2357e-21,2684,-1.3725,0.0,0,3.0
0.52554,0.20258,0.034514,1.2069e-20,2688,-1.2153,0.0,0,3.0
0.55993,0.049425,0.022314,-1.3069e-21,2692,-1.0692,0.0,0,3.0
0.57016,0.0,0.0,0.0,2695,-1.0,0.0,0,3.0
0.45507,0.37929,0.20105,3.8870000000000006e-20,2711,-1.3568,0.21499,0,3.0
0.50122,0.15252,0.22181,-2.6654e-20,2714,-1.1273,0.17859,0,3.0
0.52536,0.0,0.0,0.0,2716,-0.98769,0.15643,0,3.0
0.36967,0.55862,0.21139,-8.5934e-20,2729,-1.5885,0.38151,0,3.0
0.20081,0.825,0.11724,-6.4941999999999995e-21,2740,-2.6029,0.84595,0,3.0
0.29205,0.68628,0.20438,1.5467000000000002e-20,2747,-1.8296,0.59459,0,3.0
0.33892,0.58992,0.26662,5.8e-20,2750,-1.5541,0.50503,0,3.0
0.38157,0.45423,0.35422,-4.8756e-20,2753,-1.3071,0.42475,0,3.0
0.40091,0.23748,0.39038,9.5795e-20,2756,-1.0857,0.35279,0,3.0
0.41459,0.0,0.0,0.0,2758,-0.95106,0.30902,0,3.0
0.25811,0.67215,0.36145,-1.4517e-20,2792,-1.456,0.74178,0,3.0
0.25208,0.36237,0.5191,-1.8799000000000002e-19,2798,-1.0172,0.51827,0,3.0
0.25076,0.0,0.0,0.0,2800,-0.89101,0.45399,0,3.0
0.18792,0.80202,0.28241,2.2892e-22,2809,-1.7284,1.0589,0,3.0
0.20986,0.72128,0.39943,1.5927e-20,2813,-1.393,0.85347,0,3.0
0.20655,0.63332,0.52795,6.4344e-20,2816,-1.1717,0.71792,0,3.0
0.071622,0.5092,0.59418,2.5208000000000003e-19,2840,-0.92341,0.67086,0,3.0
0.053665,0.0,0.0,0.0,2842,-0.80902,0.58779,0,3.0
0.096162,0.93524,0.17558,2.5784e-20,2844,-2.2843,1.9505,0,3.0
0.10303,0.83036,0.45371,-4.9266e-20,2855,-1.2411,1.0599,0,3.0
0.063435,0.78012,0.59372,-1.2083e-20,2858,-1.0442,0.89178,0,3.0
0.1371,0.90576,0.0075225,5.9667e-22,2912,-4.3358,0.0,0,3.0
0.16432,0.87442,0.039036,-5.4601e-21,2951,-3.5732,0.46918,0,3.0
0.15424,0.88446,0.066933,-1.3645e-20,3011,-3.47,0.92747,0,3.0
0.056648,0.9857,0.078679,2.8526999999999996e-21,3372,-3.8187,3.4878,0,3.0
-0.01604,1.0525,0.10107,9.387399999999999e-22,4180,-1.5637,4.1771,0,3.0
-0.3793,0.0,0.0,0.0,4394,0.64945,-0.76041,0,3.0
-0.41696,0.0,0.0,0.0,4402,0.45399,-0.89101,0,3.0
-0.45052,0.0,0.0,0.0,4406,0.30902,-0.95106,0,3.0
-0.48651,0.0,0.0,0.0,4410,0.15643,-0.98769,0,3.0
-0.45426,0.72474,-0.10596,-3.2116e-20,4436,0.095424,-1.212,0,3.0
-0.38219,0.24853,0.0071067,3.5762e-21,4441,0.67593,-1.1031,0,3.0
-0.38157,0.50755,-0.0084414,1.4923e-20,4453,0.62391,-1.2246,0,3.0
-0.3947,1.1351,-0.26443,1.4069000000000002e-19,4459,-8.2717e-17,-1.3725,0,3.0
-0.35812,1.0633,-0.12423,-3.1643e-20,4477,0.47729,-1.4687,0,3.0
-0.34476,0.32772,0.037653,-1.5608e-20,4483,1.1532,-1.1532,0,3.0
-0.34564,0.80538,-0.028826,-2.1839000000000002e-20,4485,0.85347,-1.393,0,3.0
-0.24114,1.2146,-0.26551,-3.0385e-20,4514,-1.8199e-16,-1.8196,0,3.0
-0.16401,1.1659,-0.21651,5.9909e-20,4558,-2.7552e-16,-2.2408,0,3.0
-0.23274,1.1081,-0.03572,2.5147e-20,4559,1.5316,-1.7937,0,3.0
-0.15722,1.1572,-0.056563,-1.8853999999999997e-21,4615,2.1213,-2.1213,0,3.0
-0.35284,0.0,0.0,0.0,4627,0.98769,-0.15643,0,3.0
-0.33882,0.0,0.0,0.0,4631,0.95106,-0.30902,0,3.0
-0.33895,0.0,0.0,0.0,4635,0.89101,-0.45399,0,3.0
-0.35962,0.0,0.0,0.0,4641,0.76041,-0.64945,0,3.0
-0.34493,-0.0054665,0.088141,-2.0246e-20,4646,1.0857,-0.35279,0,3.0
-0.36043,-0.016962,-0.013116,1.6583e-20,4651,0.86777,-0.74111,0,3.0
-0.35905,-0.020989,0.1818,-4.5313e-21,4653,1.201,-0.19028,0,3.0
-0.34571,-0.027083,0.05175,-7.7907e-21,4657,1.0838,-0.5522,0,3.0
-0.3472,-0.045825,0.13446,2.3797e-22,4664,1.2306,-0.39989,0,3.0
-0.35923,0.0095634,0.0075877,2.4847999999999997e-21,4669,0.98326,-0.83971,0,3.0
-0.34552,-0.051522,0.082834,1.0418e-20,4675,1.2246,-0.62391,0,3.0
-0.36253,-0.089669,0.22291,4.939299999999999e-21,4680,1.4391,-0.22804,0,3.0
-0.34677,-0.088771,0.15698,1.7020999999999998e-21,4682,1.3864,-0.45054,0,3.0
-0.35425,0.079588,0.03299,7.7838e-21,4687,1.1075,-0.94578,0,3.0
-0.3881,-0.15402,0.24806,-7.748e-21,4715,1.8155,-0.14304,0,3.0
-0.3062,-0.014022,0.135,2.5274e-20,4729,1.7142,-0.87328,0,3.0
-0.36231,-0.21392,0.19242,7.576499999999999e-21,4743,2.1071,-0.33402,0,3.0
-0.30181,-0.15566,0.16374,2.4060000000000003e-20,4745,2.0308,-0.65999,0,3.0
-0.27304,0.04429,0.13388,6.3203e-20,4747,1.9027,-0.96929,0,3.0
-0.26963,0.41112,0.087344,6.3857e-20,4749,1.7261,-1.2538,0,3.0
-0.24964,-0.13259,0.11125,4.718599999999999e-21,4772,2.3614,-0.76747,0,3.0
-0.22836,-0.11589,0.083662,6.747000000000001e-20,4781,2.4799,-0.80599,0,3.0
-0.11632,0.16506,-0.059418,8.340299999999999e-21,4818,2.9753,-1.1514,0,3.0
-0.26195,-0.1575,-0.28717,3.6871e-20,4825,3.3622,-0.47016,0,3.0
-0.089898,0.63889,-0.050506,-1.835e-20,4830,2.9641,-1.5704,0,3.0
-0.11512,1.0405,-0.054007,4.2976e-21,4832,2.6869,-1.9499,0,3.0
-0.17777,-0.03011,-0.38081,-6.277e-21,4846,3.7419,-0.70079,0,3.0
-0.092782,0.44208,-0.15582,6.3062e-21,4849,3.5057,-1.3635,0,3.0
-0.23971,0.02223,-0.59538,1.8811e-20,4864,4.2628,-0.23492,0,3.0
-0.18764,0.10831,-0.46086,-2.4948e-20,4866,4.1971,-0.69968,0,3.0
-0.14169,0.39302,-0.28447,-1.4266000000000002e-20,4868,4.0596,-1.1477,0,3.0
-0.11849,0.72865,-0.14785,8.3161e-21,4870,3.8541,-1.5676,0,3.0
-0.23725,0.19307,-0.49154,3.9139e-20,4885,4.728,-0.4678,0,3.0
-0.18994,0.72536,-0.17543,2.4571e-20,4889,4.4592,-1.3602,0,3.0
-0.14192,1.1073,-0.066719,9.7316e-22,4892,4.0873,-1.9478,0,3.0
-0.24282,0.69111,-0.17358,-2.7378e-20,4898,4.812,-1.1452,0,3.0
-0.28769,0.66769,-0.13049,4.811e-21,4907,5.1561,-0.92345,0,3.0
-0.31137,0.64543,-0.048305,2.4344e-21,4916,5.492,-0.6965,0,3.0
-0.22463,1.1748,0.082006,-5.0435e-20,4921,5.0459,-1.7602,0,3.0
-0.29799,0.96367,0.1649,3.1e-20,4928,5.6516,-1.1424,0,3.0
-0.29764,0.81648,0.26441,1.6565e-20,4936,6.08,-0.69506,0,3.0
-0.24577,1.1783,0.26911,3.3711e-20,4940,5.762,-1.5616,0,3.0
-0.25957,0.96295,0.40195,-5.7542e-20,4947,6.3357,-0.91989,0,3.0
-0.20542,1.2209,0.31392,-1.6924e-20,4951,5.9608,-1.7579,0,3.0
-0.10231,0.83622,0.51809,1.4148000000000002e-20,4986,7.7527,-0.69096,0,3.0
-0.083072,0.73149,0.48208,-1.5114e-20,5005,8.5472,-0.46122,0,3.0
-0.059682,0.80783,0.41144,-8.2859e-21,5008,8.3977,-1.1332,0,3.0
-0.034082,0.84113,0.32178,1.2751e-20,5021,8.5295,-1.7514,0,3.0
-0.064851,0.6662,0.38866,-1.0163e-20,5027,9.2813,-0.91101,0,3.0
-0.051472,0.5827,0.10151,8.9899e-20,5059,10.499,-1.3395,0,3.0
-0.09812,0.76723,-0.39482,1.1855e-20,5075,11.684,-0.45582,0,3.0
-0.02311,0.65433,-0.14304,3.2752e-20,5081,11.32,-1.7443,0,3.0
-0.074273,0.82297,-0.47417,1.2644e-20,5095,12.738,-0.454,0,3.0
-0.10923,1.2309,0.099281,-2.909e-22,5561,5.0613,-2.97,0,3.0
-0.10594,1.2178,0.13046,-2.035e-20,5591,5.3695,-2.97,0,3.0
-0.099689,1.1972,0.15994,-5.5226e-21,5621,5.6893,-2.97,0,3.0
-0.076108,1.16,0.12676,6.224699999999999e-21,5623,5.6893,-3.4878,0,3.0
-0.052317,1.0593,0.22471,-5.2616e-21,5741,7.0919,-2.97,0,3.0
-0.026221,1.0506,0.11469,-1.1511999999999999e-21,5746,7.0919,-4.4072,0,3.0
-0.022634,1.0492,0.097517,-1.9172e-21,5747,7.0919,-4.7572,0,3.0
-0.014057,1.0462,0.056013,6.9059e-22,5750,7.0919,-5.9596,0,3.0
-0.025915,0.97849,0.2154,2.1255e-21,5801,7.874,-2.97,0,3.0
-0.015818,0.99756,0.14832,3.1875999999999997e-21,5804,7.874,-3.7739,0,3.0
-0.0010932,0.82966,0.18883,-3.8142e-21,5889,9.1598,-2.5172,0,3.0
0.010624,0.9339,0.083553,-3.9645e-21,5895,9.1598,-4.08,0,3.0
0.011145,0.73927,0.10396,2.5669e-22,5949,10.099,-2.5172,0,3.0
0.023868,0.85336,0.041764,-8.115599999999999e-22,5953,10.099,-3.4878,0,3.0
0.018923,0.96171,0.012342,4.5141e-22,5958,10.099,-5.1314,0,3.0
0.026755,0.74366,-0.046658,-1.5266e-21,6011,11.109,-2.97,0,3.0
0.032223,0.89902,-0.055248,-7.0266e-22,6015,11.109,-4.08,0,3.0
0.01407,0.77156,-0.22954,-2.1199e-20,6070,12.196,-2.736,0,3.0
0.029087,0.99281,-0.094675,0.0,6077,12.196,-4.7572,0,3.0
0.021845,1.0196,-0.042937,7.701999999999999e-22,6080,12.196,-5.9596,0,3.0
-0.076919,1.0899,-0.22775,6.2074e-20,6745,-0.57975,-2.4134,0,3.0
0.077714,0.9315,-0.25399,-4.2049e-20,6748,-1.5316,-1.7937,0,3.0
0.1081,0.87027,-0.33434,-6.9925e-20,6789,-1.3571,-1.3571,0,3.0
0.094383,0.84153,-0.43107,4.6055e-20,6819,-1.1532,-1.1532,0,3.0
0.026251,0.77609,-0.60126,4.9347000000000003e-20,6859,-0.91393,-0.91393,0,3.0
-0.1194,0.91976,-0.59671,7.6518e-20,6860,-0.76021,-1.0465,0,3.0
-0.34686,0.98275,-0.47365,-1.9075e-20,6873,-0.46551,-1.1238,0,3.0
-0.44361,0.94535,-0.28607,4.5818000000000003e-20,6876,-0.19028,-1.201,0,3.0
-0.50674,0.33607,-0.060633,-4.7693e-20,6897,-0.083909,-1.066,0,3.0
-0.15282,0.0,0.0,0.0,6898,-0.64945,-0.76041,0,3.0
-0.31343,0.0,0.0,0.0,6901,-0.5225,-0.85264,0,3.0
-0.43126,0.0,0.0,0.0,6903,-0.38268,-0.92388,0,3.0
-0.51341,0.0,0.0,0.0,6906,-0.15643,-0.98769,0,3.0
-0.51776,0.0,0.0,0.0,6907,-0.078459,-0.99692,0,3.0
0.13942,0.88764,-0.15896,-1.8237e-20,6923,-2.3204,-1.6853,0,3.0
0.21184,0.81307,-0.090464,7.2663e-21,6929,-2.6029,-0.84595,0,3.0
0.32735,0.65029,-0.11916,-1.0657e-20,6991,-1.87,-0.44916,0,3.0
0.25495,0.723,-0.23813,-5.6726e-24,6994,-1.7142,-0.87328,0,3.0
0.18631,0.7918,-0.29649,4.7804e-20,6996,-1.5553,-1.1297,0,3.0
0.4134,0.5143,-0.036855,4.8337e-20,7016,-1.6271,-0.12817,0,3.0
0.35887,0.57082,-0.2155,-6.1594e-20,7019,-1.5541,-0.50503,0,3.0
0.24911,0.66088,-0.38872,5.6916e-20,7031,-1.3165,-0.80663,0,3.0
0.46816,0.3684,-0.13716,-4.0687e-20,7044,-1.3568,-0.21499,0,3.0
0.42039,0.373,-0.32089,-5.469e-20,7055,-1.2306,-0.39989,0,3.0
0.24669,0.5525,-0.51274,7.2227e-20,7058,-1.1031,-0.67593,0,3.0
0.10163,0.70024,-0.58444,8.6493e-20,7060,-0.98326,-0.83971,0,3.0
0.51898,0.14238,-0.15841,1.9576e-20,7071,-1.1273,-0.17859,0,3.0
0.38103,0.1598,-0.28668,-1.4192e-19,7083,-0.98812,-0.40929,0,3.0
0.54478,0.0,0.0,0.0,7089,-0.98769,-0.15643,0,3.0
0.50668,0.0,0.0,0.0,7090,-0.97237,-0.23345,0,3.0
0.22113,0.0,0.0,0.0,7094,-0.85264,-0.5225,0,3.0
0.033152,0.0,0.0,0.0,7096,-0.76041,-0.64945,0,3.0
0.16792,0.87074,-0.019495,6.2612999999999994e-21,7368,-3.5732,-0.46918,0,3.0
0.15628,0.88214,-0.062,1.6829e-20,7371,-3.3916,-1.1488,0,3.0
0.07247,0.97328,-0.066916,-2.9543999999999997e-21,8062,-4.1311,-3.4878,0,3.0
-0.0070473,1.047,-0.12515,1.2756000000000001e-20,8451,-1.1464,-3.8396,0,3.0
-0.048312,1.0876,-0.12204,1.9201000000000002e-20,8570,-0.23491,-3.8016,0,3.0
-0.031507,1.0772,-0.09458,-3.3586999999999997e-21,8573,-0.23383,-4.5663,0,3.0
-0.37717,0.0,0.0,0.0,82,0.70711,0.70711,0,4.0
-0.36783,-0.013525,0.041758,-4.0994e-20,87,0.85936,0.85936,0,4.0
-0.36367,0.15854,0.02812,2.7285e-20,92,0.89178,1.0442,0,4.0
-0.34574,0.63202,0.043685,1.8302e-21,101,1.2866,1.2866,0,4.0
-0.32676,1.284,0.033001,-2.6192e-21,112,1.5316,1.7937,0,4.0
-0.28477,1.3186,-0.013758,-5.7762999999999996e-21,120,1.8605,2.1789,0,4.0
-0.38562,0.063737,0.018111,-7.061000000000001e-21,126,0.71472,0.98382,0,4.0
-0.41579,0.0,0.0,0.0,145,0.5225,0.85264,0,4.0
-0.38437,0.39925,0.016687,-2.5099e-20,149,0.71792,1.1717,0,4.0
-0.33486,1.2209,0.085931,-5.0210000000000005e-20,155,1.0047,1.6399,0,4.0
-0.41332,0.21351,0.0031182,1.9903e-20,168,0.5522,1.0838,0,4.0
-0.41012,0.69732,0.045793,-1.3036e-20,191,0.52598,1.2698,0,4.0
-0.48091,0.0,0.0,0.0,208,0.30902,0.95106,0,4.0
-0.44939,0.42712,0.014426,5.0625e-20,210,0.37591,1.1568,0,4.0
-0.34709,1.2886,0.16331,1.0216e-20,216,0.5338,1.6426,0,4.0
-0.46875,0.54624,0.03636,8.1122e-20,231,0.28397,1.1826,0,4.0
-0.43386,0.97012,0.11966,-4.3903e-20,233,0.32087,1.3362,0,4.0
-0.31811,1.3163,0.19128,-6.0871e-20,238,0.42578,1.7727,0,4.0
-0.52248,0.50979,0.054696,-2.8378e-20,272,0.089562,1.1377,0,4.0
-0.47545,0.99521,0.17688,9.006e-21,274,0.1015,1.289,0,4.0
-0.57041,0.0,0.0,0.0,292,0.0,1.0,0,4.0
-0.35927,0.0,0.0,0.0,313,1.0,0.0,0,4.0
-0.36421,-0.025267,0.20265,-1.5670999999999999e-21,319,1.212,0.095424,0,4.0
-0.36348,-0.042307,0.22302,-1.1602999999999999e-21,320,1.2925,0.0,0,4.0
-0.36716,-0.075613,0.26646,-2.5141999999999996e-21,324,1.4555,0.0,0,4.0
-0.36837,-0.05662,0.28433,1.5525e-20,325,1.4519,0.11435,0,4.0
-0.38992,-0.076373,0.32389,3.1775e-20,333,1.8155,0.14304,0,4.0
-0.40752,-0.13539,0.32197,-6.9586e-22,338,2.1297,0.0,0,4.0
-0.45522,-0.077074,0.18134,-4.095699999999999e-21,348,2.7283,0.0,0,4.0
-0.36744,0.0,0.0,0.0,355,0.98769,0.15643,0,4.0
-0.4301,0.037144,0.29939,-3.0408e-21,367,2.1071,0.33402,0,4.0
-0.36595,-0.025107,0.19832,-8.9127e-22,378,1.1826,0.28397,0,4.0
-0.36532,-0.025016,0.23915,-1.3516e-21,379,1.258,0.30208,0,4.0
-0.36707,-0.01665,0.28788,-5.040399999999999e-21,381,1.4172,0.34035,0,4.0
-0.38354,0.095219,0.28466,4.2956e-20,406,1.7344,0.56364,0,4.0
-0.4381,0.27006,0.21659,1.049e-20,410,2.137,0.69452,0,4.0
-0.4917,0.44972,0.099321,5.6359e-20,413,2.4799,0.80599,0,4.0
-0.50725,0.51875,0.044987,1.2188e-20,414,2.6029,0.84595,0,4.0
-0.37117,0.0,0.0,0.0,418,0.92388,0.38268,0,4.0
-0.40818,0.29648,0.20132,3.1294e-20,430,1.973,0.81724,0,4.0
-0.36208,-0.031065,0.12945,2.1495e-21,441,1.0838,0.5522,0,4.0
-0.35309,0.016276,0.20203,-1.1187e-20,444,1.2989,0.66178,0,4.0
-0.4228,0.54506,0.09598,-2.377e-20,453,2.1054,1.0726,0,4.0
-0.36895,0.0,0.0,0.0,460,0.85264,0.5225,0,4.0
-0.35252,0.23072,0.15156,1.9134e-20,469,1.5546,0.95244,0,4.0
-0.36086,-0.034295,0.077227,-7.5931e-21,483,0.98382,0.71472,0,4.0
-0.35067,0.0028411,0.10514,1.3859e-20,485,1.1114,0.8074,0,4.0
-0.37034,0.64596,0.061248,2.5049000000000002e-20,493,1.7261,1.2538,0,4.0
-0.51292,0.17379,-0.085484,-5.4762e-20,523,3.187,0.23587,0,4.0
-0.38683,0.14005,-0.37563,4.0368000000000003e-20,528,3.8141,0.0,0,4.0
-0.29936,0.22103,-0.53961,1.6378e-20,532,4.2681,0.0,0,4.0
-0.32041,0.35873,-0.56592,-5.0398e-20,533,4.2628,0.23492,0,4.0
-0.18569,0.25025,-0.62674,1.7563e-20,540,5.282,0.0,0,4.0
-0.16236,0.29285,-0.58313,-2.7746000000000003e-20,543,5.5544,0.23377,0,4.0
-0.1781,0.31197,-0.37688,-3.7178e-20,547,6.1409,0.23326,0,4.0
-0.22614,0.44476,-0.12602,1.7844000000000002e-19,548,6.4555,0.0,0,4.0
-0.17382,0.68859,0.41176,-5.2546e-20,554,7.4555,0.0,0,4.0
-0.09259,0.73497,0.53102,8.543199999999999e-21,561,8.5669,0.23111,0,4.0
-0.094267,0.71746,0.52251,-7.7118e-21,565,9.382,0.23039,0,4.0
-0.14994,0.65901,0.30105,-1.0740000000000001e-20,570,10.726,0.0,0,4.0
-0.10762,0.89266,-0.4582,1.0156e-20,626,12.738,0.454,0,4.0
-0.32712,0.66014,-0.57214,-7.170400000000001e-20,641,4.1971,0.69968,0,4.0
-0.209,0.6172,-0.5822,6.6533e-20,643,4.6868,0.69847,0,4.0
-0.10551,0.32659,-0.29093,-3.5511000000000003e-20,649,6.3905,0.6943,0,4.0
-0.089252,0.58124,0.38004,-2.1767999999999997e-21,653,7.7527,0.69096,0,4.0
-0.1838,0.88701,-0.21658,4.0829e-21,662,11.654,0.68139,0,4.0
-0.51325,0.76467,-0.26818,3.9647e-20,675,3.2568,0.92918,0,4.0
-0.43996,0.81866,-0.44867,-3.3626e-20,677,3.6808,0.9279,0,4.0
-0.11552,0.62632,-0.48913,-1.5109000000000002e-20,683,5.1561,0.92345,0,4.0
-0.50198,0.90565,-0.19001,4.6537e-20,712,2.9753,1.1514,0,4.0
-0.30648,0.93022,-0.51572,8.053699999999999e-22,717,4.0596,1.1477,0,4.0
-0.041412,0.4979,-0.34351,4.3630000000000006e-20,724,5.9526,1.1414,0,4.0
-0.07414,0.70929,0.51917,1.0709e-20,733,9.2192,1.1304,0,4.0
-0.18725,0.91735,-0.47128,3.2614e-20,757,4.4592,1.3602,0,4.0
-0.069103,0.72976,-0.37573,-3.1150000000000005e-20,760,5.2716,1.3574,0,4.0
-0.015423,0.43084,0.03642,7.7871e-21,766,7.19,1.3508,0,4.0
-0.030259,0.62135,0.39958,-2.9769e-20,769,8.319,1.347,0,4.0
-0.16315,0.88112,0.25915,-4.7827000000000003e-20,774,10.499,1.3395,0,4.0
-0.35863,1.1895,-0.35003,-4.9249e-20,791,3.3928,1.5691,0,4.0
-0.27854,1.1064,-0.41721,-4.1317e-20,793,3.8541,1.5676,0,4.0
-0.10228,0.85722,-0.38309,-4.0531e-20,797,4.8843,1.5643,0,4.0
-0.0030185,0.60471,-0.22311,-3.3712999999999997e-21,801,6.0767,1.5606,0,4.0
-0.16929,1.0701,-0.19116,-1.5934e-20,814,11.41,1.5437,0,4.0
-0.36494,1.2853,-0.20848,7.058000000000001e-20,828,2.8331,1.7658,0,4.0
-0.25181,1.1868,-0.30706,5.9999e-20,871,3.586,1.9485,0,4.0
-0.18352,1.0782,-0.3363,4.356499999999999e-21,873,4.0873,1.9478,0,4.0
-0.079826,0.90441,-0.30142,-2.4007e-20,876,4.9116,1.9466,0,4.0
-0.024496,0.8007,-0.23072,-1.3365e-20,878,5.5135,1.9457,0,4.0
0.042174,0.72891,-0.0050063,-8.1452e-21,961,6.7218,2.3126,0,4.0
-0.0476,0.93149,-0.19559,3.9814e-21,996,5.0613,2.5172,0,4.0
-0.0043797,0.85847,-0.13301,3.8311e-21,998,5.6893,2.5172,0,4.0
0.051366,0.72943,0.12084,-4.411799999999999e-21,1003,7.4758,2.5172,0,4.0
-0.059599,1.1561,0.10703,3.2091999999999996e-21,1049,10.099,2.736,0,4.0
-0.080166,1.2393,-0.1429,-2.8983e-20,1051,11.109,2.736,0,4.0
0.0046474,1.0334,0.21674,-7.1207e-22,1087,9.1598,2.97,0,4.0
-0.039047,1.1295,-0.22848,1.6971e-20,1093,12.196,2.97,0,4.0
-0.037881,0.97557,-0.12116,1.0357e-20,1116,5.0613,3.2202,0,4.0
0.021884,0.95069,0.023161,-1.9539e-21,1201,6.7218,3.7739,0,4.0
0.014386,1.1188,0.082241,-3.3218999999999996e-21,1247,9.1598,4.08,0,4.0
-0.012715,1.1578,-0.073663,-1.2988e-22,1251,11.109,4.08,0,4.0
0.0079391,1.005,0.013389,1.8416e-21,1321,6.7218,4.7572,0,4.0
0.00051066,1.0772,-0.093194,0.0,1333,12.196,4.7572,0,4.0
-0.11024,1.1524,0.12871,3.43e-20,2145,-4.3934e-16,3.1819,0,4.0
-0.081178,1.1253,0.096068,-1.7898e-20,2175,-4.2301e-16,3.807,0,4.0
-0.064857,1.1089,0.077958,-9.374399999999999e-21,2195,-4.1015e-16,4.2993,0,4.0
0.089481,0.92426,0.28642,4.3467e-20,2456,-1.5845,1.5845,0,4.0
0.06377,0.87962,0.4655,-4.7698e-20,2468,-1.1532,1.1532,0,4.0
-0.061795,0.92069,0.60846,-4.3419e-20,2475,-0.89178,1.0442,0,4.0
-0.14176,0.84086,0.65307,1.3444999999999999e-21,2479,-0.78951,0.92446,0,4.0
-0.22155,0.0,0.0,0.0,2484,-0.64945,0.76041,0,4.0
-0.06622,0.99478,0.51473,7.371200000000001e-20,2499,-0.90709,1.2487,0,4.0
-0.19406,1.0587,0.58629,3.5705999999999995e-21,2522,-0.71792,1.1717,0,4.0
-0.38738,0.0,0.0,0.0,2527,-0.5225,0.85264,0,4.0
-0.032891,1.0568,0.27217,-1.6192000000000002e-20,2533,-1.0726,2.1054,0,4.0
-0.35764,1.0129,0.55629,-2.0421e-20,2545,-0.5522,1.0838,0,4.0
-0.50625,0.0,0.0,0.0,2569,-0.38268,0.92388,0,4.0
-0.3483,1.2091,0.48729,2.2845999999999998e-21,2585,-0.42475,1.3071,0,4.0
-0.45395,1.0509,0.44042,-5.9935e-20,2587,-0.37591,1.1568,0,4.0
-0.58108,0.0,0.0,0.0,2632,-0.15643,0.98769,0,4.0
-0.17458,1.1995,0.2298,-5.501e-20,2639,-0.17623,2.2362,0,4.0
-0.25495,1.2536,0.29399,-9.190899999999999e-21,2643,-0.14304,1.8155,0,4.0
-0.43068,1.2383,0.33564,-1.4414000000000001e-19,2648,-0.10781,1.369,0,4.0
-0.51269,0.94813,0.23623,4.2085e-20,2650,-0.095424,1.212,0,4.0
-0.54355,0.68115,0.14866,6.462800000000001e-20,2651,-0.089562,1.1377,0,4.0
0.24673,0.7742,0.012427,-4.617799999999999e-22,2660,-2.5997,0.0,0,4.0
0.31088,0.68609,0.015397,1.0888e-22,2668,-2.1297,0.0,0,4.0
0.40951,0.51832,0.083692,-4.3932e-20,2679,-1.6271,0.12817,0,4.0
0.48453,0.34928,0.023656,-1.1172e-21,2684,-1.3725,0.0,0,4.0
0.52518,0.20259,0.024709,6.4687999999999994e-21,2688,-1.2153,0.0,0,4.0
0.55965,0.049432,0.015203,-1.1216999999999999e-21,2692,-1.0692,0.0,0,4.0
0.56989,0.0,0.0,0.0,2695,-1.0,0.0,0,4.0
0.45842,0.3775,0.19252,3.8959e-20,2711,-1.3568,0.21499,0,4.0
0.50535,0.15082,0.21227,-2.4622e-20,2714,-1.1273,0.17859,0,4.0
0.52976,0.0,0.0,0.0,2716,-0.98769,0.15643,0,4.0
0.37417,0.55624,0.20495,-8.3638e-20,2729,-1.5885,0.38151,0,4.0
0.2049,0.82327,0.11502,-6.8114e-21,2740,-2.6029,0.84595,0,4.0
0.29749,0.68354,0.19972,1.7525e-20,2747,-1.8296,0.59459,0,4.0
0.34512,0.58672,0.26036,5.8385e-20,2750,-1.5541,0.50503,0,4.0
0.38879,0.45057,0.34594,-5.1034e-20,2753,-1.3071,0.42475,0,4.0
0.40961,0.23399,0.38085,9.3148e-20,2756,-1.0857,0.35279,0,4.0
0.42383,0.0,0.0,0.0,2758,-0.95106,0.30902,0,4.0
0.26777,0.66726,0.35574,-1.6076e-20,2792,-1.456,0.74178,0,4.0
0.26564,0.35688,0.50961,-1.8256000000000002e-19,2798,-1.0172,0.51827,0,4.0
0.26513,0.0,0.0,0.0,2800,-0.89101,0.45399,0,4.0
0.19757,0.79748,0.27919,-1.051e-21,2809,-1.7284,1.0589,0,4.0
0.22131,0.71553,0.39411,1.7128e-20,2813,-1.393,0.85347,0,4.0
0.21991,0.62665,0.5204,6.1459e-20,2816,-1.1717,0.71792,0,4.0
0.090422,0.5014,0.58483,2.444e-19,2840,-0.92341,0.67086,0,4.0
0.073594,0.0,0.0,0.0,2842,-0.80902,0.58779,0,4.0
0.10512,0.93214,0.17548,2.4341e-20,2844,-2.2843,1.9505,0,4.0
0.11817,0.82282,0.44939,-4.6663e-20,2855,-1.2411,1.0599,0,4.0
0.08122,0.77121,0.58701,-1.2473e-20,2858,-1.0442,0.89178,0,4.0
0.1365,0.90579,0.0064506,5.0418e-23,2912,-4.3358,0.0,0,4.0
0.16529,0.87398,0.037569,-5.8027999999999994e-21,2951,-3.5732,0.46918,0,4.0
0.1568,0.88354,0.065638,-1.2832e-20,3011,-3.47,0.92747,0,4.0
0.062178,0.98491,0.079112,2.8236999999999997e-21,3372,-3.8187,3.4878,0,4.0
-0.0065432,1.0522,0.10397,5.480299999999999e-22,4180,-1.5637,4.1771,0,4.0
-0.43278,0.0,0.0,0.0,4394,0.64945,-0.76041,0,4.0
-0.47194,0.0,0.0,0.0,4402,0.45399,-0.89101,0,4.0
-0.50658,0.0,0.0,0.0,4406,0.30902,-0.95106,0,4.0
-0.54265,0.0,0.0,0.0,4410,0.15643,-0.98769,0,4.0
-0.50714,0.75818,-0.10465,-4.1614e-20,4436,0.095424,-1.212,0,4.0
-0.43502,0.27858,0.012543,4.0933e-21,4441,0.67593,-1.1031,0,4.0
-0.43444,0.54944,-0.00035049,1.5906e-20,4453,0.62391,-1.2246,0,4.0
-0.44067,1.1648,-0.26015,1.5289000000000002e-19,4459,-8.2717e-17,-1.3725,0,4.0
-0.40634,1.1011,-0.11192,-3.2454000000000003e-20,4477,0.47729,-1.4687,0,4.0
-0.40389,0.3878,0.041457,-1.1599e-20,4483,1.1532,-1.1532,0,4.0
-0.39816,0.85768,-0.015113,-2.5528e-20,4485,0.85347,-1.393,0,4.0
-0.27525,1.2291,-0.25407,-3.3047e-20,4514,-1.8199e-16,-1.8196,0,4.0
-0.19137,1.1744,-0.20445,6.5878e-20,4558,-2.7552e-16,-2.2408,0,4.0
-0.27717,1.1373,0.0050006,3.071e-20,4559,1.5316,-1.7937,0,4.0
-0.17267,1.1385,-0.0080877,-2.5851999999999996e-21,4615,2.1213,-2.1213,0,4.0
-0.35432,0.0,0.0,0.0,4627,0.98769,-0.15643,0,4.0
-0.36027,0.0,0.0,0.0,4631,0.95106,-0.30902,0,4.0
-0.3777,0.0,0.0,0.0,4635,0.89101,-0.45399,0,4.0
-0.4113,0.0,0.0,0.0,4641,0.76041,-0.64945,0,4.0
-0.36672,-0.01792,0.043289,3.3252999999999998e-21,4646,1.0857,-0.35279,0,4.0
-0.41055,-0.018076,-0.028914,1.9953e-20,4651,0.86777,-0.74111,0,4.0
-0.36172,-0.031277,0.13715,-1.0692e-21,4653,1.201,-0.19028,0,4.0
-0.38491,-0.033854,0.010644,-1.1985000000000001e-20,4657,1.0838,-0.5522,0,4.0
-0.3712,-0.055415,0.093886,1.3472999999999999e-21,4664,1.2306,-0.39989,0,4.0
-0.41043,0.024299,-0.011517,3.8358999999999994e-21,4669,0.98326,-0.83971,0,4.0
-0.3888,-0.044722,0.049741,1.1061e-20,4675,1.2246,-0.62391,0,4.0
-0.36656,-0.09974,0.20871,-1.1665e-20,4680,1.4391,-0.22804,0,4.0
-0.3744,-0.09259,0.13655,4.7046e-22,4682,1.3864,-0.45054,0,4.0
-0.40944,0.11613,0.019789,6.842e-21,4687,1.1075,-0.94578,0,4.0
-0.37776,-0.1612,0.29993,-8.025e-21,4715,1.8155,-0.14304,0,4.0
-0.36946,0.043071,0.16757,1.3349e-20,4729,1.7142,-0.87328,0,4.0
-0.37016,-0.21557,0.30697,1.2e-20,4743,2.1071,-0.33402,0,4.0
-0.34456,-0.1406,0.26024,1.3528e-20,4745,2.0308,-0.65999,0,4.0
-0.33868,0.11601,0.19536,6.626e-20,4747,1.9027,-0.96929,0,4.0
-0.33788,0.50646,0.12855,7.0941e-20,4749,1.7261,-1.2538,0,4.0
-0.29072,-0.11925,0.26925,7.6899e-21,4772,2.3614,-0.76747,0,4.0
-0.26661,-0.10719,0.26018,7.5219e-20,4781,2.4799,-0.80599,0,4.0
-0.12031,0.12885,0.121,9.5179e-21,4818,2.9753,-1.1514,0,4.0
-0.29477,-0.15848,-0.045653,1.0636e-20,4825,3.3622,-0.47016,0,4.0
-0.074168,0.6147,0.047198,-3.9178e-20,4830,2.9641,-1.5704,0,4.0
-0.11002,1.0081,0.0035072,8.415899999999999e-21,4832,2.6869,-1.9499,0,4.0
-0.18285,-0.098677,-0.1942,-4.2654999999999995e-21,4846,3.7419,-0.70079,0,4.0
-0.037899,0.30251,-0.033022,-7.9732e-22,4849,3.5057,-1.3635,0,4.0
-0.26368,0.10468,-0.50152,5.567500000000001e-20,4864,4.2628,-0.23492,0,4.0
-0.15772,-0.002483,-0.38669,-1.652e-20,4866,4.1971,-0.69968,0,4.0
-0.05849,0.15839,-0.23323,-2.7078e-20,4868,4.0596,-1.1477,0,4.0
-0.023921,0.53409,-0.11653,1.1582e-20,4870,3.8541,-1.5676,0,4.0
-0.18448,0.11492,-0.57172,-1.1124e-20,4885,4.728,-0.4678,0,4.0
-0.063586,0.44079,-0.26506,2.1893e-20,4889,4.4592,-1.3602,0,4.0
-0.046804,0.93432,-0.12011,4.7563e-21,4892,4.0873,-1.9478,0,4.0
-0.11298,0.38844,-0.36239,-3.0696e-20,4898,4.812,-1.1452,0,4.0
-0.16718,0.37958,-0.42083,1.5818e-20,4907,5.1561,-0.92345,0,4.0
-0.21272,0.39328,-0.42221,4.7986e-21,4916,5.492,-0.6965,0,4.0
-0.1329,0.97095,-0.11679,-7.7671e-20,4921,5.0459,-1.7602,0,4.0
-0.22901,0.74033,-0.16847,2.7441e-20,4928,5.6516,-1.1424,0,4.0
-0.27218,0.63294,-0.13068,-3.2103e-20,4936,6.08,-0.69506,0,4.0
-0.21667,1.0456,0.015687,6.6879e-20,4940,5.762,-1.5616,0,4.0
-0.27994,0.84468,0.085719,-2.3162e-20,4947,6.3357,-0.91989,0,4.0
-0.20557,1.1854,0.12383,7.147699999999999e-21,4951,5.9608,-1.7579,0,4.0
-0.15343,0.9102,0.51663,1.9012e-20,4986,7.7527,-0.69096,0,4.0
-0.094795,0.82175,0.51579,-1.5603999999999998e-21,5005,8.5472,-0.46122,0,4.0
-0.083687,0.91526,0.45711,-7.835399999999999e-21,5008,8.3977,-1.1332,0,4.0
-0.054816,0.94412,0.36445,8.775499999999999e-21,5021,8.5295,-1.7514,0,4.0
-0.061684,0.79222,0.42169,-5.5189e-21,5027,9.2813,-0.91101,0,4.0
-0.044083,0.65802,0.28828,7.2614e-20,5059,10.499,-1.3395,0,4.0
-0.12491,0.68288,-0.11129,1.6575e-20,5075,11.684,-0.45582,0,4.0
-0.025398,0.62492,0.093297,3.5426e-20,5081,11.32,-1.7443,0,4.0
-0.088345,0.79454,-0.41899,2.2101000000000002e-20,5095,12.738,-0.454,0,4.0
-0.082491,1.2297,0.019564,8.2434e-22,5561,5.0613,-2.97,0,4.0
-0.086813,1.2353,0.05105,-1.3824e-20,5591,5.3695,-2.97,0,4.0
-0.089122,1.2329,0.086142,-5.994499999999999e-21,5621,5.6893,-2.97,0,4.0
-0.068495,1.187,0.07516,5.9430999999999996e-21,5623,5.6893,-3.4878,0,4.0
-0.066234,1.1355,0.20626,-8.3926e-21,5741,7.0919,-2.97,0,4.0
-0.031482,1.0865,0.107,-1.1925999999999999e-21,5746,7.0919,-4.4072,0,4.0
-0.027116,1.0793,0.091847,-1.1150999999999999e-21,5747,7.0919,-4.7572,0,4.0
-0.017121,1.0625,0.054705,8.7764e-22,5750,7.0919,-5.9596,0,4.0
-0.041942,1.0539,0.22565,2.2261e-21,5801,7.874,-2.97,0,4.0
-0.026452,1.0495,0.15637,2.7550000000000002e-21,5804,7.874,-3.7739,0,4.0
-0.015776,0.90815,0.24142,-3.8120999999999994e-21,5889,9.1598,-2.5172,0,4.0
0.00021846,0.97033,0.11895,-4.4629e-21,5895,9.1598,-4.08,0,4.0
0.00052138,0.81756,0.18248,3.3292999999999997e-22,5949,10.099,-2.5172,0,4.0
0.012253,0.88847,0.1093,-4.0555999999999997e-22,5953,10.099,-3.4878,0,4.0
0.012529,0.96882,0.046394,1.7015e-23,5958,10.099,-5.1314,0,4.0
0.018422,0.77942,0.057626,-2.3589e-21,6011,11.109,-2.97,0,4.0
0.024914,0.8916,0.014549,-7.409299999999999e-22,6015,11.109,-4.08,0,4.0
0.015509,0.71904,-0.085666,-1.9773e-20,6070,12.196,-2.736,0,4.0
0.028546,0.94559,-0.056637,0.0,6077,12.196,-4.7572,0,4.0
0.021407,0.99338,-0.028494,5.2825e-22,6080,12.196,-5.9596,0,4.0
-0.098286,1.0964,-0.22089,6.7085e-20,6745,-0.57975,-2.4134,0,4.0
0.062625,0.93729,-0.25369,-4.5460000000000003e-20,6748,-1.5316,-1.7937,0,4.0
0.092041,0.87744,-0.33629,-7.232e-20,6789,-1.3571,-1.3571,0,4.0
0.076207,0.85023,-0.43477,4.7709e-20,6819,-1.1532,-1.1532,0,4.0
0.0039445,0.78704,-0.60871,5.1505e-20,6859,-0.91393,-0.91393,0,4.0
-0.14699,0.93373,-0.60296,7.935000000000001e-20,6860,-0.76021,-1.0465,0,4.0
-0.38538,1.0035,-0.47938,-2.0073e-20,6873,-0.46551,-1.1238,0,4.0
-0.49063,0.97323,-0.28879,4.865e-20,6876,-0.19028,-1.201,0,4.0
-0.55933,0.35218,-0.06223,-5.2623000000000003e-20,6897,-0.083909,-1.066,0,4.0
-0.18253,0.0,0.0,0.0,6898,-0.64945,-0.76041,0,4.0
-0.34964,0.0,0.0,0.0,6901,-0.5225,-0.85264,0,4.0
-0.47388,0.0,0.0,0.0,6903,-0.38268,-0.92388,0,4.0
-0.56428,0.0,0.0,0.0,6906,-0.15643,-0.98769,0,4.0
-0.57067,0.0,0.0,0.0,6907,-0.078459,-0.99692,0,4.0
0.12973,0.89084,-0.15958,-1.8435e-20,6923,-2.3204,-1.6853,0,4.0
0.20648,0.8149,-0.092665,6.948e-21,6929,-2.6029,-0.84595,0,4.0
0.32225,0.65243,-0.12403,-8.885399999999999e-21,6991,-1.87,-0.44916,0,4.0
0.24526,0.72727,-0.2422,-1.2161999999999999e-21,6994,-1.7142,-0.87328,0,4.0
0.17348,0.79752,-0.29967,4.9168e-20,6996,-1.5553,-1.1297,0,4.0
0.41121,0.51515,-0.043525,4.7056e-20,7016,-1.6271,-0.12817,0,4.0
0.35162,0.57414,-0.22178,-6.133500000000001e-20,7019,-1.5541,-0.50503,0,4.0
0.23605,0.6671,-0.39476,5.9163e-20,7031,-1.3165,-0.80663,0,4.0
0.46394,0.37025,-0.14572,-4.072e-20,7044,-1.3568,-0.21499,0,4.0
0.41193,0.37685,-0.32999,-5.5906e-20,7055,-1.2306,-0.39989,0,4.0
0.23167,0.55959,-0.5213,7.6614e-20,7058,-1.1031,-0.67593,0,4.0
0.081841,0.70982,-0.59234,9.0348e-20,7060,-0.98326,-0.83971,0,4.0
0.51423,0.14411,-0.16798,2.1697e-20,7071,-1.1273,-0.17859,0,4.0
0.36887,0.16302,-0.29396,-1.4403e-19,7083,-0.98812,-0.40929,0,4.0
0.53984,0.0,0.0,0.0,7089,-0.98769,-0.15643,0,4.0
0.49936,0.0,0.0,0.0,7090,-0.97237,-0.23345,0,4.0
0.20347,0.0,0.0,0.0,7094,-0.85264,-0.5225,0,4.0
0.0097032,0.0,0.0,0.0,7096,-0.76041,-0.64945,0,4.0
0.16571,0.87125,-0.020951,5.9111e-21,7368,-3.5732,-0.46918,0,4.0
0.15169,0.88336,-0.063137,1.7463000000000002e-20,7371,-3.3916,-1.1488,0,4.0
0.066346,0.97399,-0.066585,-2.9642e-21,8062,-4.1311,-3.4878,0,4.0
-0.019369,1.0476,-0.12102,1.2728e-20,8451,-1.1464,-3.8396,0,4.0
-0.062012,1.0865,-0.11543,2.1280000000000002e-20,8570,-0.23491,-3.8016,0,4.0
-0.042022,1.0748,-0.09019,-3.7412e-21,8573,-0.23383,-4.5663,0,4.0
-0.33031,0.0,0.0,0.0,82,0.70711,0.70711,0,5.0
-0.32278,-0.017974,0.035762,-3.7214000000000004e-20,87,0.85936,0.85936,0,5.0
-0.31796,0.13416,0.027045,2.8594e-20,92,0.89178,1.0442,0,5.0
-0.29139,0.56036,0.051314,-3.2981999999999996e-21,101,1.2866,1.2866,0,5.0
-0.27815,1.2418,0.068477,-4.8544e-22,112,1.5316,1.7937,0,5.0
-0.2515,1.3131,0.030745,-5.2355999999999996e-21,120,1.8605,2.1789,0,5.0
-0.33853,0.051814,0.019205,-8.0455e-21,126,0.71472,0.98382,0,5.0
-0.36609,0.0,0.0,0.0,145,0.5225,0.85264,0,5.0
-0.33643,0.36219,0.021567,-2.2295e-20,149,0.71792,1.1717,0,5.0
-0.28863,1.1757,0.10528,-4.7181000000000003e-20,155,1.0047,1.6399,0,5.0
-0.36355,0.19174,0.006834,1.9583e-20,168,0.5522,1.0838,0,5.0
-0.36038,0.65276,0.051588,-1.1907e-20,191,0.52598,1.2698,0,5.0
-0.42708,0.0,0.0,0.0,208,0.30902,0.95106,0,5.0
-0.39712,0.39664,0.017838,4.8399e-20,210,0.37591,1.1568,0,5.0
-0.30422,1.2558,0.1778,9.443199999999999e-21,216,0.5338,1.6426,0,5.0
-0.41561,0.5129,0.038854,7.703200000000001e-20,231,0.28397,1.1826,0,5.0
-0.38382,0.92646,0.12438,-4.0875e-20,233,0.32087,1.3362,0,5.0
-0.27867,1.292,0.20645,-5.5488e-20,238,0.42578,1.7727,0,5.0
-0.46746,0.48305,0.054487,-3.1552e-20,272,0.089562,1.1377,0,5.0
-0.42413,0.95622,0.17778,6.814e-21,274,0.1015,1.289,0,5.0
-0.51415,0.0,0.0,0.0,292,0.0,1.0,0,5.0
-0.34692,0.0,0.0,0.0,313,1.0,0.0,0,5.0
-0.34446,-0.033403,0.11494,-3.8476e-21,319,1.212,0.095424,0,5.0
-0.35268,-0.056725,0.12699,1.2549e-20,320,1.2925,0.0,0,5.0
-0.35468,-0.096449,0.18243,2.9488e-20,324,1.4555,0.0,0,5.0
-0.34524,-0.079798,0.20528,1.2897e-20,325,1.4519,0.11435,0,5.0
-0.35196,-0.11832,0.29738,9.6785e-21,333,1.8155,0.14304,0,5.0
-0.37132,-0.17646,0.35562,-8.643299999999999e-21,338,2.1297,0.0,0,5.0
-0.4047,-0.11797,0.35849,3.0175e-21,348,2.7283,0.0,0,5.0
-0.33818,0.0,0.0,0.0,355,0.98769,0.15643,0,5.0
-0.36169,-0.023973,0.3353,5.7132e-21,367,2.1071,0.33402,0,5.0
-0.33318,-0.027501,0.12866,-5.230799999999999e-21,378,1.1826,0.28397,0,5.0
-0.33191,-0.033936,0.16539,-8.193399999999999e-21,379,1.258,0.30208,0,5.0
-0.32969,-0.039705,0.222,-4.097e-21,381,1.4172,0.34035,0,5.0
-0.32345,0.043925,0.26866,2.8174000000000003e-20,406,1.7344,0.56364,0,5.0
-0.35294,0.19876,0.26572,9.639e-21,410,2.137,0.69452,0,5.0
-0.39929,0.37358,0.20437,6.4151e-20,413,2.4799,0.80599,0,5.0
-0.41771,0.44118,0.16928,-7.183899999999999e-21,414,2.6029,0.84595,0,5.0
-0.32907,0.0,0.0,0.0,418,0.92388,0.38268,0,5.0
-0.32849,0.22538,0.22904,1.7951e-20,430,1.973,0.81724,0,5.0
-0.32062,-0.02955,0.091919,8.198199999999999e-22,441,1.0838,0.5522,0,5.0
-0.30896,-0.0039328,0.16123,-2.3745e-20,444,1.2989,0.66178,0,5.0
-0.33656,0.44788,0.14934,-2.1011e-20,453,2.1054,1.0726,0,5.0
-0.32382,0.0,0.0,0.0,460,0.85264,0.5225,0,5.0
-0.29282,0.17242,0.14383,6.564e-21,469,1.5546,0.95244,0,5.0
-0.31727,-0.034535,0.058184,-6.3432e-21,483,0.98382,0.71472,0,5.0
-0.30706,-0.010188,0.0819,1.6366e-20,485,1.1114,0.8074,0,5.0
-0.29962,0.54871,0.084969,2.0041e-20,493,1.7261,1.2538,0,5.0
-0.47423,0.14531,0.15148,-3.4814e-20,523,3.187,0.23587,0,5.0
-0.42075,0.14722,-0.12803,4.1896000000000003e-20,528,3.8141,0.0,0,5.0
-0.3568,0.26283,-0.37402,3.5132e-20,532,4.2681,0.0,0,5.0
-0.3928,0.41031,-0.42203,-3.4876e-20,533,4.2628,0.23492,0,5.0
-0.18891,0.41273,-0.6093,2.2823999999999996e-21,540,5.282,0.0,0,5.0
-0.16114,0.49152,-0.60023,-3.166e-20,543,5.5544,0.23377,0,5.0
-0.13891,0.41511,-0.56899,-9.259799999999998e-21,547,6.1409,0.23326,0,5.0
-0.17128,0.37135,-0.5149,1.1742e-19,548,6.4555,0.0,0,5.0
-0.20705,0.57749,0.052995,-9.1504e-20,554,7.4555,0.0,0,5.0
-0.11786,0.72199,0.46522,1.5382e-20,561,8.5669,0.23111,0,5.0
-0.085484,0.76854,0.51686,-4.3600000000000006e-21,565,9.382,0.23039,0,5.0
-0.099881,0.71054,0.47725,-4.571899999999999e-21,570,10.726,0.0,0,5.0
-0.15903,0.85758,-0.26713,1.6721e-20,626,12.738,0.454,0,5.0
-0.41419,0.72777,-0.46584,-6.767700000000001e-20,641,4.1971,0.69968,0,5.0
-0.29053,0.74167,-0.58473,8.8031e-20,643,4.6868,0.69847,0,5.0
-0.091671,0.47845,-0.46262,-2.1971e-20,649,6.3905,0.6943,0,5.0
-0.10863,0.48903,0.076762,4.5408e-22,653,7.7527,0.69096,0,5.0
-0.17446,0.79829,0.21241,-4.1354e-21,662,11.654,0.68139,0,5.0
-0.48947,0.70865,-0.07083,2.0605e-21,675,3.2568,0.92918,0,5.0
-0.48073,0.81713,-0.27141,-2.2879e-21,677,3.6808,0.9279,0,5.0
-0.17377,0.78149,-0.55419,-1.0398e-20,683,5.1561,0.92345,0,5.0
-0.45347,0.81756,-0.029179,4.2422e-20,712,2.9753,1.1514,0,5.0
-0.38472,1.0105,-0.44435,-1.3694e-21,717,4.0596,1.1477,0,5.0
-0.06962,0.6851,-0.40976,2.1571e-20,724,5.9526,1.1414,0,5.0
-0.049213,0.69621,0.44993,1.1396e-20,733,9.2192,1.1304,0,5.0
-0.2618,1.0458,-0.48515,3.4604e-20,757,4.4592,1.3602,0,5.0
-0.12313,0.864,-0.45414,-3.1578e-20,760,5.2716,1.3574,0,5.0
-0.022394,0.47453,-0.20354,1.4639e-21,766,7.19,1.3508,0,5.0
-0.026233,0.54653,0.20863,-3.0738e-20,769,8.319,1.347,0,5.0
-0.090309,0.78914,0.48617,-5.2944e-20,774,10.499,1.3395,0,5.0
-0.38012,1.2187,-0.2535,-3.919e-20,791,3.3928,1.5691,0,5.0
-0.3331,1.1973,-0.36844,-6.0076e-20,793,3.8541,1.5676,0,5.0
-0.16183,0.98297,-0.43784,-4.2286e-20,797,4.8843,1.5643,0,5.0
-0.038167,0.74228,-0.31308,6.707699999999999e-21,801,6.0767,1.5606,0,5.0
-0.14994,0.94234,0.21267,-1.7865e-20,814,11.41,1.5437,0,5.0
-0.34573,1.2789,-0.12002,4.6128e-20,828,2.8331,1.7658,0,5.0
-0.28073,1.2689,-0.26437,5.7425e-20,871,3.586,1.9485,0,5.0
-0.22793,1.1816,-0.33033,7.7769e-21,873,4.0873,1.9478,0,5.0
-0.127,1.0073,-0.35135,-3.1376e-20,876,4.9116,1.9466,0,5.0
-0.066909,0.89223,-0.31356,-6.997199999999999e-21,878,5.5135,1.9457,0,5.0
0.01411,0.77867,-0.1204,-4.9703e-21,961,6.7218,2.3126,0,5.0
-0.081105,1.0012,-0.24559,9.221099999999999e-21,996,5.0613,2.5172,0,5.0
-0.036722,0.91478,-0.21101,5.8607e-21,998,5.6893,2.5172,0,5.0
0.037027,0.74799,0.0034478,-6.5037e-21,1003,7.4758,2.5172,0,5.0
-0.0052781,0.92339,0.2886,4.0638999999999995e-21,1049,10.099,2.736,0,5.0
-0.065024,1.1426,0.10411,-1.5237e-20,1051,11.109,2.736,0,5.0
0.03745,0.85592,0.22145,1.3055999999999999e-21,1087,9.1598,2.97,0,5.0
-0.060845,1.2223,-0.1596,2.4097000000000002e-20,1093,12.196,2.97,0,5.0
-0.059262,1.0181,-0.1609,8.2204e-21,1116,5.0613,3.2202,0,5.0
0.010937,0.93656,-0.03719,-2.9833999999999996e-21,1201,6.7218,3.7739,0,5.0
0.030599,1.0382,0.11266,-2.9048e-21,1247,9.1598,4.08,0,5.0
-0.0037885,1.1791,0.0095328,-1.5808999999999998e-21,1251,11.109,4.08,0,5.0
0.0039081,0.99018,-0.018262,2.4633999999999998e-21,1321,6.7218,4.7572,0,5.0
0.0007689,1.1163,-0.061372,0.0,1333,12.196,4.7572,0,5.0
-0.09074,1.1467,0.13904,3.1794e-20,2145,-4.3934e-16,3.1819,0,5.0
-0.065481,1.123,0.10485,-1.6850000000000003e-20,2175,-4.2301e-16,3.807,0,5.0
-0.051425,1.1084,0.085348,-8.919199999999999e-21,2195,-4.1015e-16,4.2993,0,5.0
0.10509,0.91546,0.28269,4.1149e-20,2456,-1.5845,1.5845,0,5.0
0.084516,0.86715,0.45768,-4.604e-20,2468,-1.1532,1.1532,0,5.0
-0.03432,0.90447,0.59839,-4.2834e-20,2475,-0.89178,1.0442,0,5.0
-0.10986,0.82349,0.6404,1.1727999999999999e-23,2479,-0.78951,0.92446,0,5.0
-0.18518,0.0,0.0,0.0,2484,-0.64945,0.76041,0,5.0
-0.040013,0.97894,0.50813,6.9638e-20,2499,-0.90709,1.2487,0,5.0
-0.1616,1.0391,0.57848,3.9247999999999994e-21,2522,-0.71792,1.1717,0,5.0
-0.34466,0.0,0.0,0.0,2527,-0.5225,0.85264,0,5.0
-0.01282,1.0459,0.27316,-1.5031e-20,2533,-1.0726,2.1054,0,5.0
-0.31707,0.98949,0.54645,-1.9591e-20,2545,-0.5522,1.0838,0,5.0
-0.45781,0.0,0.0,0.0,2569,-0.38268,0.92388,0,5.0
-0.30876,1.1842,0.48372,1.8866999999999998e-21,2585,-0.42475,1.3071,0,5.0
-0.40804,1.0232,0.43296,-5.6436e-20,2587,-0.37591,1.1568,0,5.0
-0.52649,0.0,0.0,0.0,2632,-0.15643,0.98769,0,5.0
-0.14734,1.1854,0.23847,-4.9979e-20,2639,-0.17623,2.2362,0,5.0
-0.22145,1.2341,0.30122,-8.802099999999998e-21,2643,-0.14304,1.8155,0,5.0
-0.38499,1.2062,0.33631,-1.3358000000000002e-19,2648,-0.10781,1.369,0,5.0
-0.46084,0.9145,0.23299,4.2390000000000006e-20,2650,-0.095424,1.212,0,5.0
-0.48949,0.65338,0.14536,6.306e-20,2651,-0.089562,1.1377,0,5.0
0.2478,0.77425,0.0061302,-6.628599999999999e-22,2660,-2.5997,0.0,0,5.0
0.31202,0.68615,0.0069484,3.0791999999999997e-22,2668,-2.1297,0.0,0,5.0
0.41267,0.51712,0.071586,-4.5621e-20,2679,-1.6271,0.12817,0,5.0
0.48586,0.34931,0.008623,-9.1016e-22,2684,-1.3725,0.0,0,5.0
0.52659,0.20261,0.0082026,-7.4312e-22,2688,-1.2153,0.0,0,5.0
0.56113,0.049442,0.0039618,-8.047399999999999e-22,2692,-1.0692,0.0,0,5.0
0.57137,0.0,0.0,0.0,2695,-1.0,0.0,0,5.0
0.46434,0.37473,0.17765,3.9281e-20,2711,-1.3568,0.21499,0,5.0
0.51249,0.14822,0.19672,-2.2109e-20,2714,-1.1273,0.17859,0,5.0
0.53733,0.0,0.0,0.0,2716,-0.98769,0.15643,0,5.0
0.38117,0.55257,0.19318,-8.1179e-20,2729,-1.5885,0.38151,0,5.0
0.21098,0.82041,0.10978,-7.1586e-21,2740,-2.6029,0.84595,0,5.0
0.30531,0.67931,0.19062,2.0033e-20,2747,-1.8296,0.59459,0,5.0
0.35405,0.5818,0.24888,5.9174e-20,2750,-1.5541,0.50503,0,5.0
0.39932,0.44497,0.33151,-5.4555e-20,2753,-1.3071,0.42475,0,5.0
0.4225,0.2287,0.36554,9.0044e-20,2756,-1.0857,0.35279,0,5.0
0.43757,0.0,0.0,0.0,2758,-0.95106,0.30902,0,5.0
0.28059,0.65985,0.34509,-1.8187e-20,2792,-1.456,0.74178,0,5.0
0.28442,0.34879,0.49472,-1.7626e-19,2798,-1.0172,0.51827,0,5.0
0.28518,0.0,0.0,0.0,2800,-0.89101,0.45399,0,5.0
0.20984,0.79045,0.27214,-2.5870999999999997e-21,2809,-1.7284,1.0589,0,5.0
0.23609,0.70686,0.384,1.8974000000000002e-20,2813,-1.393,0.85347,0,5.0
0.23754,0.61666,0.50724,5.7864e-20,2816,-1.1717,0.71792,0,5.0
0.11528,0.4903,0.5706,2.352e-19,2840,-0.92341,0.67086,0,5.0
0.1001,0.0,0.0,0.0,2842,-0.80902,0.58779,0,5.0
0.11625,0.92675,0.17325,2.2832e-20,2844,-2.2843,1.9505,0,5.0
0.13692,0.81162,0.4407,-4.3417e-20,2855,-1.2411,1.0599,0,5.0
0.10373,0.75817,0.57516,-1.3235e-20,2858,-1.0442,0.89178,0,5.0
0.13751,0.90583,0.0036305,-5.2527e-22,2912,-4.3358,0.0,0,5.0
0.16799,0.87317,0.033852,-6.173099999999999e-21,2951,-3.5732,0.46918,0,5.0
0.16117,0.8819,0.062149,-1.1988e-20,3011,-3.47,0.92747,0,5.0
0.069662,0.98281,0.078795,2.7902999999999998e-21,3372,-3.8187,3.4878,0,5.0
0.0053013,1.0494,0.10714,1.6276e-22,4180,-1.5637,4.1771,0,5.0
-0.4796,0.0,0.0,0.0,4394,0.64945,-0.76041,0,5.0
-0.52128,0.0,0.0,0.0,4402,0.45399,-0.89101,0,5.0
-0.55856,0.0,0.0,0.0,4406,0.30902,-0.95106,0,5.0
-0.59649,0.0,0.0,0.0,4410,0.15643,-0.98769,0,5.0
-0.55838,0.7938,-0.10478,-4.7663e-20,4436,0.095424,-1.212,0,5.0
-0.48113,0.30536,0.015691,6.3440999999999994e-21,4441,0.67593,-1.1031,0,5.0
-0.48134,0.59111,0.0049328,1.6244e-20,4453,0.62391,-1.2246,0,5.0
-0.48551,1.2,-0.25829,1.6468000000000002e-19,4459,-8.2717e-17,-1.3725,0,5.0
-0.45078,1.1443,-0.10269,-3.3797e-20,4477,0.47729,-1.4687,0,5.0
-0.45495,0.4451,0.033603,-6.1572999999999996e-21,4483,1.1532,-1.1532,0,5.0
-0.44482,0.91344,-0.0064441,-2.6811e-20,4485,0.85347,-1.393,0,5.0
-0.30812,1.2499,-0.24483,-3.5498e-20,4514,-1.8199e-16,-1.8196,0,5.0
-0.21797,1.1895,-0.19361,7.1176e-20,4558,-2.7552e-16,-2.2408,0,5.0
-0.32805,1.184,0.039931,3.1887e-20,4559,1.5316,-1.7937,0,5.0
-0.20749,1.1464,0.048371,-5.027599999999999e-21,4615,2.1213,-2.1213,0,5.0
-0.36398,0.0,0.0,0.0,4627,0.98769,-0.15643,0,5.0
-0.39074,0.0,0.0,0.0,4631,0.95106,-0.30902,0,5.0
-0.42117,0.0,0.0,0.0,4635,0.89101,-0.45399,0,5.0
-0.45861,0.0,0.0,0.0,4641,0.76041,-0.64945,0,5.0
-0.39604,-0.031398,-0.031826,2.512e-20,4646,1.0857,-0.35279,0,5.0
-0.45545,-0.020164,-0.045409,1.9230000000000003e-20,4651,0.86777,-0.74111,0,5.0
-0.37221,-0.04434,0.039357,3.3314e-21,4653,1.201,-0.19028,0,5.0
-0.42612,-0.037871,-0.054356,-1.2986e-20,4657,1.0838,-0.5522,0,5.0
-0.4025,-0.059378,0.0021086,1.7769e-21,4664,1.2306,-0.39989,0,5.0
-0.45459,0.035456,-0.037987,4.4357999999999994e-21,4669,0.98326,-0.83971,0,5.0
-0.43334,-0.028106,-0.021301,4.3765e-21,4675,1.2246,-0.62391,0,5.0
-0.37951,-0.10864,0.1195,-3.1105e-20,4680,1.4391,-0.22804,0,5.0
-0.41034,-0.081188,0.051169,2.1176999999999997e-21,4682,1.3864,-0.45054,0,5.0
-0.45633,0.14879,-0.0067124,4.3913e-21,4687,1.1075,-0.94578,0,5.0
-0.37345,-0.18125,0.26454,-4.8348999999999994e-21,4715,1.8155,-0.14304,0,5.0
-0.44122,0.14003,0.14096,-1.4184999999999999e-21,4729,1.7142,-0.87328,0,5.0
-0.38416,-0.21131,0.32965,1.4811e-20,4743,2.1071,-0.33402,0,5.0
-0.40528,-0.064091,0.26582,2.0537e-21,4745,2.0308,-0.65999,0,5.0
-0.41899,0.24073,0.19764,5.6629e-20,4747,1.9027,-0.96929,0,5.0
-0.41329,0.6231,0.14275,6.8815e-20,4749,1.7261,-1.2538,0,5.0
-0.35192,-0.017658,0.34253,9.6643e-21,4772,2.3614,-0.76747,0,5.0
-0.3249,-0.0012655,0.35722,9.1734e-20,4781,2.4799,-0.80599,0,5.0
-0.16265,0.24092,0.27156,1.3164e-20,4818,2.9753,-1.1514,0,5.0
-0.30001,-0.16308,0.23093,-2.1306000000000002e-20,4825,3.3622,-0.47016,0,5.0
-0.10777,0.69934,0.1508,-5.2467e-20,4830,2.9641,-1.5704,0,5.0
-0.14031,1.0221,0.080474,6.389099999999999e-21,4832,2.6869,-1.9499,0,5.0
-0.19685,-0.10933,0.082317,8.75e-22,4846,3.7419,-0.70079,0,5.0
-0.039081,0.32388,0.13718,-6.5090000000000004e-21,4849,3.5057,-1.3635,0,5.0
-0.30475,0.13679,-0.31174,6.9674e-20,4864,4.2628,-0.23492,0,5.0
-0.16939,-0.016787,-0.15885,-2.4391e-20,4866,4.1971,-0.69968,0,5.0
-0.038722,0.072503,-0.021301,-3.1921000000000003e-20,4868,4.0596,-1.1477,0,5.0
0.011841,0.47164,0.013495,2.4733e-20,4870,3.8541,-1.5676,0,5.0
-0.19273,0.16365,-0.4461,-3.7430000000000005e-20,4885,4.728,-0.4678,0,5.0
0.0050738,0.24956,-0.1597,5.890099999999999e-21,4889,4.4592,-1.3602,0,5.0
0.01518,0.81373,-0.081549,6.471e-21,4892,4.0873,-1.9478,0,5.0
-0.039524,0.18511,-0.32044,-3.3025e-20,4898,4.812,-1.1452,0,5.0
-0.090377,0.20695,-0.46799,3.7354000000000003e-20,4907,5.1561,-0.92345,0,5.0
-0.13189,0.26212,-0.56626,-1.7562e-20,4916,5.492,-0.6965,0,5.0
-0.01565,0.70189,-0.21892,-6.6706e-20,4921,5.0459,-1.7602,0,5.0
-0.10708,0.43855,-0.43124,3.2836e-20,4928,5.6516,-1.1424,0,5.0
-0.17421,0.40359,-0.50722,-2.7644e-20,4936,6.08,-0.69506,0,5.0
-0.10844,0.76449,-0.24803,7.5671e-20,4940,5.762,-1.5616,0,5.0
-0.20392,0.59397,-0.3267,1.6649e-20,4947,6.3357,-0.91989,0,5.0
-0.12985,0.97414,-0.13398,3.1645e-20,4951,5.9608,-1.7579,0,5.0
-0.2219,0.89447,0.34759,1.1299e-20,4986,7.7527,-0.69096,0,5.0
-0.13842,0.87153,0.50772,1.0354000000000001e-20,5005,8.5472,-0.46122,0,5.0
-0.13172,1.0136,0.46881,-9.8963e-21,5008,8.3977,-1.1332,0,5.0
-0.086499,1.0568,0.38642,7.686899999999999e-21,5021,8.5295,-1.7514,0,5.0
-0.077908,0.88937,0.46355,-3.7591999999999994e-21,5027,9.2813,-0.91101,0,5.0
-0.038583,0.78323,0.34462,4.2636e-20,5059,10.499,-1.3395,0,5.0
-0.11359,0.64729,0.25172,9.94e-21,5075,11.684,-0.45582,0,5.0
-0.022745,0.70505,0.24078,2.5009e-20,5081,11.32,-1.7443,0,5.0
-0.11465,0.72037,-0.18817,3.7193e-20,5095,12.738,-0.454,0,5.0
-0.0395,1.179,-0.055507,1.6924e-22,5561,5.0613,-2.97,0,5.0
-0.047283,1.2027,-0.036954,-1.5623e-21,5591,5.3695,-2.97,0,5.0
-0.056294,1.2227,-0.008754,-3.4987999999999995e-21,5621,5.6893,-2.97,0,5.0
-0.046337,1.1834,0.0098756,3.0980999999999997e-21,5623,5.6893,-3.4878,0,5.0
-0.07026,1.2055,0.15124,-1.2195e-20,5741,7.0919,-2.97,0,5.0
-0.030098,1.1166,0.082515,-1.0663e-21,5746,7.0919,-4.4072,0,5.0
-0.025761,1.1043,0.072086,-2.2249e-22,5747,7.0919,-4.7572,0,5.0
-0.016359,1.0763,0.045532,8.9025e-22,5750,7.0919,-5.9596,0,5.0
-0.054357,1.1343,0.2072,2.1281999999999997e-21,5801,7.874,-2.97,0,5.0
-0.031901,1.1026,0.14225,1.9907e-21,5804,7.874,-3.7739,0,5.0
-0.030672,0.9941,0.26969,-4.4607e-21,5889,9.1598,-2.5172,0,5.0
-0.0071135,1.0157,0.13621,-4.794e-21,5895,9.1598,-4.08,0,5.0
-0.0096557,0.89647,0.23472,4.1704999999999997e-22,5949,10.099,-2.5172,0,5.0
0.0031425,0.93979,0.15349,-6.6569e-23,5953,10.099,-3.4878,0,5.0
0.008046,0.98888,0.071626,-3.1925e-22,5958,10.099,-5.1314,0,5.0
0.011302,0.83788,0.13462,-2.817e-21,6011,11.109,-2.97,0,5.0
0.018531,0.91203,0.072293,-6.357e-22,6015,11.109,-4.08,0,5.0
0.01397,0.73209,0.04949,-1.8037e-20,6070,12.196,-2.736,0,5.0
0.026384,0.92826,-0.0060522,0.0,6077,12.196,-4.7572,0,5.0
0.020872,0.9796,-0.0043609,2.8077e-22,6080,12.196,-5.9596,0,5.0
-0.11883,1.1079,-0.21519,7.1891e-20,6745,-0.57975,-2.4134,0,5.0
0.048482,0.94646,-0.256,-4.9043e-20,6748,-1.5316,-1.7937,0,5.0
0.076531,0.88817,-0.34179,-7.4621e-20,6789,-1.3571,-1.3571,0,5.0
0.057908,0.86289,-0.44264,4.9371e-20,6819,-1.1532,-1.1532,0,5.0
-0.020238,0.80252,-0.62115,5.4486e-20,6859,-0.91393,-0.91393,0,5.0
-0.17659,0.95281,-0.61355,8.2596e-20,6860,-0.76021,-1.0465,0,5.0
-0.42608,1.0292,-0.48814,-2.0725e-20,6873,-0.46551,-1.1238,0,5.0
-0.53835,1.0053,-0.29351,5.1846e-20,6876,-0.19028,-1.201,0,5.0
-0.61231,0.36862,-0.064183,-5.6407e-20,6897,-0.083909,-1.066,0,5.0
-0.21612,0.0,0.0,0.0,6898,-0.64945,-0.76041,0,5.0
-0.38964,0.0,0.0,0.0,6901,-0.5225,-0.85264,0,5.0
-0.5197,0.0,0.0,0.0,6903,-0.38268,-0.92388,0,5.0
-0.61648,0.0,0.0,0.0,6906,-0.15643,-0.98769,0,5.0
-0.62407,0.0,0.0,0.0,6907,-0.078459,-0.99692,0,5.0
0.12124,0.8962,-0.16265,-1.8628e-20,6923,-2.3204,-1.6853,0,5.0
0.20253,0.81787,-0.0979,6.613099999999999e-21,6929,-2.6029,-0.84595,0,5.0
0.31843,0.65571,-0.13343,-6.8693e-21,6991,-1.87,-0.44916,0,5.0
0.23644,0.73376,-0.25049,-2.6444999999999996e-21,6994,-1.7142,-0.87328,0,5.0
0.16132,0.80614,-0.30677,5.0398e-20,6996,-1.5553,-1.1297,0,5.0
0.41053,0.51643,-0.055639,4.5501e-20,7016,-1.6271,-0.12817,0,5.0
0.34516,0.57916,-0.2333,-6.0687e-20,7019,-1.5541,-0.50503,0,5.0
0.22297,0.67634,-0.40586,6.1577e-20,7031,-1.3165,-0.80663,0,5.0
0.4607,0.37309,-0.16062,-4.0517e-20,7044,-1.3568,-0.21499,0,5.0
0.40342,0.3827,-0.34549,-5.6896e-20,7055,-1.2306,-0.39989,0,5.0
0.2155,0.57007,-0.53568,8.3118e-20,7058,-1.1031,-0.67593,0,5.0
0.060362,0.72359,-0.60553,9.5736e-20,7060,-0.98326,-0.83971,0,5.0
0.50999,0.14674,-0.18356,2.4291e-20,7071,-1.1273,-0.17859,0,5.0
0.3552,0.16771,-0.30499,-1.4573000000000001e-19,7083,-0.98812,-0.40929,0,5.0
0.53525,0.0,0.0,0.0,7089,-0.98769,-0.15643,0,5.0
0.49169,0.0,0.0,0.0,7090,-0.97237,-0.23345,0,5.0
0.18313,0.0,0.0,0.0,7094,-0.85264,-0.5225,0,5.0
-0.017228,0.0,0.0,0.0,7096,-0.76041,-0.64945,0,5.0
0.16506,0.87215,-0.024659,5.5476999999999994e-21,7368,-3.5732,-0.46918,0,5.0
0.14853,0.88551,-0.06643,1.8134e-20,7371,-3.3916,-1.1488,0,5.0
0.061391,0.97589,-0.066969,-2.9885999999999996e-21,8062,-4.1311,-3.4878,0,5.0
-0.031141,1.0512,-0.11649,1.2877e-20,8451,-1.1464,-3.8396,0,5.0
-0.075781,1.0895,-0.10727,2.3502e-20,8570,-0.23491,-3.8016,0,5.0
-0.052608,1.0752,-0.083777,-4.1716e-21,8573,-0.23383,-4.5663,0,5.0
-0.30188,0.0,0.0,0.0,82,0.70711,0.70711,0,6.0
-0.29621,-0.016613,0.025822,-3.2762e-20,87,0.85936,0.85936,0,6.0
-0.2912,0.12165,0.019595,2.9218e-20,92,0.89178,1.0442,0,6.0
-0.25577,0.50272,0.042798,-1.0755e-20,101,1.2866,1.2866,0,6.0
-0.23497,1.188,0.089965,-2.3682999999999998e-21,112,1.5316,1.7937,0,6.0
-0.21499,1.2892,0.069275,-4.2587e-21,120,1.8605,2.1789,0,6.0
-0.30988,0.048079,0.01632,-8.524000000000001e-21,126,0.71472,0.98382,0,6.0
-0.33481,0.0,0.0,0.0,145,0.5225,0.85264,0,6.0
-0.30665,0.33767,0.020647,-1.8791e-20,149,0.71792,1.1717,0,6.0
-0.25508,1.1294,0.11398,-5.1842e-20,155,1.0047,1.6399,0,6.0
-0.33183,0.17963,0.0067291,1.9915e-20,168,0.5522,1.0838,0,6.0
-0.32755,0.61869,0.05237,-1.2692e-20,191,0.52598,1.2698,0,6.0
-0.39073,0.0,0.0,0.0,208,0.30902,0.95106,0,6.0
-0.36201,0.37589,0.018258,4.5099e-20,210,0.37591,1.1568,0,6.0
-0.27357,1.2226,0.18521,9.216e-21,216,0.5338,1.6426,0,6.0
-0.37894,0.48873,0.038851,7.2245e-20,231,0.28397,1.1826,0,6.0
-0.3489,0.88989,0.12489,-3.8751e-20,233,0.32087,1.3362,0,6.0
-0.24965,1.2658,0.21538,-5.2550000000000005e-20,238,0.42578,1.7727,0,6.0
-0.42752,0.46338,0.053388,-2.9280000000000005e-20,272,0.089562,1.1377,0,6.0
-0.38668,0.92323,0.17609,6.514799999999999e-21,274,0.1015,1.289,0,6.0
-0.47215,0.0,0.0,0.0,292,0.0,1.0,0,6.0
-0.35179,0.0,0.0,0.0,313,1.0,0.0,0,6.0
-0.3426,-0.037965,-0.0024153,-7.570099999999999e-21,319,1.212,0.095424,0,6.0
-0.35909,-0.06419,-0.0064513,2.4055e-20,320,1.2925,0.0,0,6.0
-0.3617,-0.10808,0.044993,5.7127e-20,324,1.4555,0.0,0,6.0
-0.34284,-0.099568,0.072938,1.5506e-20,325,1.4519,0.11435,0,6.0
-0.34058,-0.16446,0.19097,-9.4816e-21,333,1.8155,0.14304,0,6.0
-0.3648,-0.21623,0.28847,-1.5192000000000002e-20,338,2.1297,0.0,0,6.0
-0.35722,-0.18998,0.44833,1.2779e-20,348,2.7283,0.0,0,6.0
-0.32661,0.0,0.0,0.0,355,0.98769,0.15643,0,6.0
-0.31521,-0.11572,0.28775,1.1822e-20,367,2.1071,0.33402,0,6.0
-0.31863,-0.028863,0.033124,-8.8592e-21,378,1.1826,0.28397,0,6.0
-0.31732,-0.043186,0.058241,-1.4959e-20,379,1.258,0.30208,0,6.0
-0.31299,-0.067173,0.10926,-5.528399999999999e-21,381,1.4172,0.34035,0,6.0
-0.28582,-0.026442,0.19356,1.3431e-20,406,1.7344,0.56364,0,6.0
-0.28149,0.089174,0.25162,7.476e-21,410,2.137,0.69452,0,6.0
-0.30225,0.24809,0.25481,4.3964e-20,413,2.4799,0.80599,0,6.0
-0.31517,0.31397,0.24268,-1.442e-20,414,2.6029,0.84595,0,6.0
-0.30383,0.0,0.0,0.0,418,0.92388,0.38268,0,6.0
-0.26574,0.12827,0.20195,-1.2290000000000001e-21,430,1.973,0.81724,0,6.0
-0.29699,-0.027197,0.041448,-5.6688e-23,441,1.0838,0.5522,0,6.0
-0.28461,-0.026604,0.092537,-3.1687e-20,444,1.2989,0.66178,0,6.0
-0.25933,0.33637,0.15589,-1.0207e-20,453,2.1054,1.0726,0,6.0
-0.29594,0.0,0.0,0.0,460,0.85264,0.5225,0,6.0
-0.25444,0.11354,0.10222,-7.8563e-21,469,1.5546,0.95244,0,6.0
-0.29179,-0.031856,0.032787,-5.246499999999999e-21,483,0.98382,0.71472,0,6.0
-0.28248,-0.018486,0.046346,1.6802e-20,485,1.1114,0.8074,0,6.0
-0.24416,0.45789,0.077688,2.6136e-21,493,1.7261,1.2538,0,6.0
-0.38893,0.035908,0.35892,2.0272999999999998e-22,523,3.187,0.23587,0,6.0
-0.39287,0.084478,0.17681,3.2372e-20,528,3.8141,0.0,0,6.0
-0.38004,0.22704,-0.088026,5.1068000000000003e-20,532,4.2681,0.0,0,6.0
-0.42322,0.37755,-0.15171,2.8823999999999996e-21,533,4.2628,0.23492,0,6.0
-0.23022,0.47381,-0.5466,-1.0793e-20,540,5.282,0.0,0,6.0
-0.19924,0.59849,-0.60296,-3.8841e-20,543,5.5544,0.23377,0,6.0
-0.13715,0.58702,-0.58255,3.0799e-20,547,6.1409,0.23326,0,6.0
-0.13319,0.50688,-0.58743,3.4463000000000003e-20,548,6.4555,0.0,0,6.0
-0.17443,0.47321,-0.3931,-9.2305e-20,554,7.4555,0.0,0,6.0
-0.15862,0.63492,0.20191,3.1423000000000003e-20,561,8.5669,0.23111,0,6.0
-0.10963,0.75678,0.46359,-4.387199999999999e-21,565,9.382,0.23039,0,6.0
-0.077793,0.79022,0.48755,-7.900699999999999e-22,570,10.726,0.0,0,6.0
-0.16438,0.7905,0.12765,3.710399999999999e-21,626,12.738,0.454,0,6.0
-0.45036,0.69543,-0.2344,-3.0972e-20,641,4.1971,0.69968,0,6.0
-0.37305,0.78354,-0.46139,8.1418e-20,643,4.6868,0.69847,0,6.0
-0.10084,0.66336,-0.50399,-6.565e-21,649,6.3905,0.6943,0,6.0
-0.10285,0.45367,-0.29198,-2.7774999999999997e-21,653,7.7527,0.69096,0,6.0
-0.11302,0.76941,0.46883,-3.5455999999999995e-21,662,11.654,0.68139,0,6.0
-0.40406,0.59127,0.11052,-2.2353e-20,675,3.2568,0.92918,0,6.0
-0.44557,0.72498,-0.045149,2.4835000000000002e-20,677,3.6808,0.9279,0,6.0
-0.25002,0.89756,-0.5623,-9.887099999999999e-21,683,5.1561,0.92345,0,6.0
-0.36085,0.67986,0.10534,2.8096e-20,712,2.9753,1.1514,0,6.0
-0.41692,0.98603,-0.26745,-2.8015999999999998e-21,717,4.0596,1.1477,0,6.0
-0.11016,0.82137,-0.48298,1.2916e-20,724,5.9526,1.1414,0,6.0
-0.050332,0.62456,0.29834,1.4336000000000002e-20,733,9.2192,1.1304,0,6.0
-0.32718,1.1267,-0.41476,3.0521e-20,757,4.4592,1.3602,0,6.0
-0.18455,0.99564,-0.49187,-3.0013e-20,760,5.2716,1.3574,0,6.0
-0.032953,0.63522,-0.30787,7.1306e-22,766,7.19,1.3508,0,6.0
-0.033478,0.49391,-0.072139,-3.7237e-20,769,8.319,1.347,0,6.0
-0.050015,0.76658,0.47222,-5.0915e-20,774,10.499,1.3395,0,6.0
-0.35487,1.1565,-0.11645,-2.0710000000000003e-20,791,3.3928,1.5691,0,6.0
-0.35321,1.2119,-0.2498,-6.5812e-20,793,3.8541,1.5676,0,6.0
-0.22319,1.1078,-0.44251,-3.4489000000000003e-20,797,4.8843,1.5643,0,6.0
-0.076692,0.85883,-0.39143,1.1153e-20,801,6.0767,1.5606,0,6.0
-0.084264,0.84134,0.45223,-9.604699999999999e-21,814,11.41,1.5437,0,6.0
-0.2964,1.21,-0.025195,2.1132e-20,828,2.8331,1.7658,0,6.0
-0.28481,1.3103,-0.18145,4.5367e-20,871,3.586,1.9485,0,6.0
-0.25781,1.2673,-0.27689,9.851e-21,873,4.0873,1.9478,0,6.0
-0.17187,1.119,-0.3611,-3.9737e-20,876,4.9116,1.9466,0,6.0
-0.10818,0.99837,-0.35932,3.0923999999999997e-21,878,5.5135,1.9457,0,6.0
-0.014058,0.84271,-0.21503,-7.2538e-21,961,6.7218,2.3126,0,6.0
-0.11127,1.0829,-0.26426,1.4585e-20,996,5.0613,2.5172,0,6.0
-0.067,0.99091,-0.25775,7.5622e-21,998,5.6893,2.5172,0,6.0
0.016589,0.79008,-0.10779,-7.178699999999999e-21,1003,7.4758,2.5172,0,6.0
0.025981,0.77641,0.26526,2.1088e-21,1049,10.099,2.736,0,6.0
-0.014786,0.93713,0.30297,-1.2793000000000001e-20,1051,11.109,2.736,0,6.0
0.043605,0.78671,0.1294,1.4643e-21,1087,9.1598,2.97,0,6.0
-0.057571,1.1824,0.044727,1.4356e-20,1093,12.196,2.97,0,6.0
-0.078098,1.0722,-0.17827,5.815e-21,1116,5.0613,3.2202,0,6.0
-0.0030097,0.9522,-0.091413,-3.5632e-21,1201,6.7218,3.7739,0,6.0
0.036417,0.96176,0.087318,-6.902399999999999e-22,1247,9.1598,4.08,0,6.0
0.014543,1.1335,0.10148,-2.3585e-21,1251,11.109,4.08,0,6.0
-0.0029392,0.99345,-0.051208,2.7705999999999997e-21,1321,6.7218,4.7572,0,6.0
0.006331,1.136,-0.0061325,0.0,1333,12.196,4.7572,0,6.0
-0.07451,1.1374,0.14788,2.9717e-20,2145,-4.3934e-16,3.1819,0,6.0
-0.052005,1.1174,0.11326,-1.5878e-20,2175,-4.2301e-16,3.807,0,6.0
-0.039681,1.1049,0.09299,-8.4585e-21,2195,-4.1015e-16,4.2993,0,6.0
0.11814,0.90576,0.27706,3.9399e-20,2456,-1.5845,1.5845,0,6.0
0.1023,0.85395,0.44779,-4.4828e-20,2468,-1.1532,1.1532,0,6.0
-0.010448,0.88766,0.58642,-4.2914e-20,2475,-0.89178,1.0442,0,6.0
-0.08161,0.80595,0.6265,-1.9083999999999997e-21,2479,-0.78951,0.92446,0,6.0
-0.15259,0.0,0.0,0.0,2484,-0.64945,0.76041,0,6.0
-0.017923,0.96244,0.49941,6.5968e-20,2499,-0.90709,1.2487,0,6.0
-0.13423,1.0193,0.56879,5.1503e-21,2522,-0.71792,1.1717,0,6.0
-0.30763,0.0,0.0,0.0,2527,-0.5225,0.85264,0,6.0
0.003353,1.0337,0.27203,-1.4168e-20,2533,-1.0726,2.1054,0,6.0
-0.28276,0.96704,0.53573,-1.777e-20,2545,-0.5522,1.0838,0,6.0
-0.41738,0.0,0.0,0.0,2569,-0.38268,0.92388,0,6.0
-0.27682,1.1596,0.47789,2.2352999999999997e-21,2585,-0.42475,1.3071,0,6.0
-0.37069,0.9977,0.42468,-5.3579e-20,2587,-0.37591,1.1568,0,6.0
-0.48376,0.0,0.0,0.0,2632,-0.15643,0.98769,0,6.0
-0.12603,1.169,0.24391,-4.6666e-20,2639,-0.17623,2.2362,0,6.0
-0.19574,1.2134,0.30469,-8.737e-21,2643,-0.14304,1.8155,0,6.0
-0.35006,1.1762,0.33405,-1.2641000000000001e-19,2648,-0.10781,1.369,0,6.0
-0.42125,0.88586,0.22865,4.0244e-20,2650,-0.095424,1.212,0,6.0
-0.44826,0.63112,0.14182,6.050600000000001e-20,2651,-0.089562,1.1377,0,6.0
0.24968,0.77425,-0.0018445,-8.044899999999999e-22,2660,-2.5997,0.0,0,6.0
0.31393,0.68615,-0.0034059,4.807899999999999e-22,2668,-2.1297,0.0,0,6.0
0.41624,0.51578,0.057281,-4.7077e-20,2679,-1.6271,0.12817,0,6.0
0.48781,0.34931,-0.0087894,-6.6764e-22,2684,-1.3725,0.0,0,6.0
0.52854,0.20261,-0.010574,-7.5341e-21,2688,-1.2153,0.0,0,6.0
0.56306,0.04944,-0.0083849,-4.3828e-22,2692,-1.0692,0.0,0,6.0
0.57331,0.0,0.0,0.0,2695,-1.0,0.0,0,6.0
0.47035,0.37169,0.16041,3.9713e-20,2711,-1.3568,0.21499,0,6.0
0.51976,0.14539,0.17933,-1.9816e-20,2714,-1.1273,0.17859,0,6.0
0.54504,0.0,0.0,0.0,2716,-0.98769,0.15643,0,6.0
0.38797,0.54855,0.17924,-7.9227e-20,2729,-1.5885,0.38151,0,6.0
0.21668,0.81715,0.10292,-7.4302e-21,2740,-2.6029,0.84595,0,6.0
0.3126,0.67466,0.17952,2.2247e-20,2747,-1.8296,0.59459,0,6.0
0.36245,0.57646,0.23524,6.0111e-20,2750,-1.5541,0.50503,0,6.0
0.40939,0.43888,0.31479,-5.8264e-20,2753,-1.3071,0.42475,0,6.0
0.43509,0.22303,0.34853,8.7342e-20,2756,-1.0857,0.35279,0,6.0
0.45107,0.0,0.0,0.0,2758,-0.95106,0.30902,0,6.0
0.29218,0.65185,0.33232,-2.0225e-20,2792,-1.456,0.74178,0,6.0
0.3023,0.34023,0.4784,-1.7087000000000002e-19,2798,-1.0172,0.51827,0,6.0
0.30439,0.0,0.0,0.0,2800,-0.89101,0.45399,0,6.0
0.22056,0.78279,0.26315,-3.9277999999999996e-21,2809,-1.7284,1.0589,0,6.0
0.24925,0.69755,0.37181,2.0926000000000002e-20,2813,-1.393,0.85347,0,6.0
0.25365,0.60598,0.49197,5.4591e-20,2816,-1.1717,0.71792,0,6.0
0.13837,0.47883,0.55528,2.2705000000000003e-19,2840,-0.92341,0.67086,0,6.0
0.12489,0.0,0.0,0.0,2842,-0.80902,0.58779,0,6.0
0.12572,0.92048,0.16951,2.1702e-20,2844,-2.2843,1.9505,0,6.0
0.15318,0.7997,0.42994,-4.0460000000000006e-20,2855,-1.2411,1.0599,0,6.0
0.12379,0.74442,0.56133,-1.4145e-20,2858,-1.0442,0.89178,0,6.0
0.13929,0.90583,-0.00018075,-9.574199999999999e-22,2912,-4.3358,0.0,0,6.0
0.17106,0.87219,0.028885,-6.4591999999999995e-21,2951,-3.5732,0.46918,0,6.0
0.1655,0.87993,0.057411,-1.1365000000000001e-20,3011,-3.47,0.92747,0,6.0
0.076292,0.97997,0.07784,2.7652999999999997e-21,3372,-3.8187,3.4878,0,6.0
0.015355,1.0451,0.10977,-1.1229999999999998e-22,4180,-1.5637,4.1771,0,6.0
-0.50595,0.0,0.0,0.0,4394,0.64945,-0.76041,0,6.0
-0.55106,0.0,0.0,0.0,4402,0.45399,-0.89101,0,6.0
-0.59195,0.0,0.0,0.0,4406,0.30902,-0.95106,0,6.0
-0.63319,0.0,0.0,0.0,4410,0.15643,-0.98769,0,6.0
-0.59396,0.82193,-0.10635,-4.8263e-20,4436,0.095424,-1.212,0,6.0
-0.50751,0.32166,0.015729,9.9572e-21,4441,0.67593,-1.1031,0,6.0
-0.50915,0.62146,0.0060215,1.5858e-20,4453,0.62391,-1.2246,0,6.0
-0.51705,1.2311,-0.25937,1.7284e-19,4459,-8.2717e-17,-1.3725,0,6.0
-0.47911,1.1813,-0.098948,-3.5474e-20,4477,0.47729,-1.4687,0,6.0
-0.48189,0.4824,0.018429,-1.3362e-21,4483,1.1532,-1.1532,0,6.0
-0.4722,0.95793,-0.0047346,-2.5339e-20,4485,0.85347,-1.393,0,6.0
-0.33068,1.2713,-0.24025,-3.7081e-20,4514,-1.8199e-16,-1.8196,0,6.0
-0.23637,1.2067,-0.18693,7.451600000000001e-20,4558,-2.7552e-16,-2.2408,0,6.0
-0.36934,1.2342,0.06009,2.8951000000000003e-20,4559,1.5316,-1.7937,0,6.0
-0.24792,1.1753,0.096247,-8.271499999999999e-21,4615,2.1213,-2.1213,0,6.0
-0.38605,0.0,0.0,0.0,4627,0.98769,-0.15643,0,6.0
-0.42353,0.0,0.0,0.0,4631,0.95106,-0.30902,0,6.0
-0.45528,0.0,0.0,0.0,4635,0.89101,-0.45399,0,6.0
-0.48656,0.0,0.0,0.0,4641,0.76041,-0.64945,0,6.0
-0.42588,-0.03859,-0.10602,3.4983e-20,4646,1.0857,-0.35279,0,6.0
-0.48123,-0.022769,-0.055407,1.6628e-20,4651,0.86777,-0.74111,0,6.0
-0.39323,-0.048682,-0.078752,7.088799999999999e-21,4653,1.201,-0.19028,0,6.0
-0.45555,-0.037816,-0.11516,-1.1154e-20,4657,1.0838,-0.5522,0,6.0
-0.43257,-0.052403,-0.10507,1.5048999999999999e-21,4664,1.2306,-0.39989,0,6.0
-0.47784,0.038378,-0.060207,4.7685e-21,4669,0.98326,-0.83971,0,6.0
-0.4632,-0.0092164,-0.10034,-6.572199999999999e-21,4675,1.2246,-0.62391,0,6.0
-0.40467,-0.098697,-0.015816,-5.0512e-20,4680,1.4391,-0.22804,0,6.0
-0.44432,-0.053385,-0.064434,8.0618e-21,4682,1.3864,-0.45054,0,6.0
-0.47968,0.16553,-0.034999,1.2858e-21,4687,1.1075,-0.94578,0,6.0
-0.39447,-0.17821,0.1454,-1.1346e-20,4715,1.8155,-0.14304,0,6.0
-0.49775,0.23388,0.075946,-1.4003e-20,4729,1.7142,-0.87328,0,6.0
-0.42695,-0.16071,0.24904,1.7439e-20,4743,2.1071,-0.33402,0,6.0
-0.47593,0.054782,0.19369,-9.174199999999999e-21,4745,2.0308,-0.65999,0,6.0
-0.49019,0.36366,0.15492,3.0197e-20,4747,1.9027,-0.96929,0,6.0
-0.47254,0.72302,0.13076,5.627e-20,4749,1.7261,-1.2538,0,6.0
-0.43434,0.14705,0.32459,1.1760000000000001e-20,4772,2.3614,-0.76747,0,6.0
-0.40749,0.17736,0.36009,1.0703e-19,4781,2.4799,-0.80599,0,6.0
-0.23401,0.45636,0.35318,1.2373e-20,4818,2.9753,-1.1514,0,6.0
-0.28755,-0.1453,0.46646,-1.0888999999999999e-21,4825,3.3622,-0.47016,0,6.0
-0.17207,0.83398,0.24121,-5.6236e-20,4830,2.9641,-1.5704,0,6.0
-0.18983,1.0669,0.15467,1.4434e-22,4832,2.6869,-1.9499,0,6.0
-0.19589,-0.07665,0.36525,1.0183e-20,4846,3.7419,-0.70079,0,6.0
-0.078831,0.49471,0.26072,-1.2719000000000001e-20,4849,3.5057,-1.3635,0,6.0
-0.31949,0.10068,-0.013315,6.2815e-20,4864,4.2628,-0.23492,0,6.0
-0.17172,-0.028293,0.14897,-4.3693e-20,4866,4.1971,-0.69968,0,6.0
-0.044687,0.13349,0.22044,-2.8743e-20,4868,4.0596,-1.1477,0,6.0
-0.0056647,0.56744,0.14411,1.8638e-20,4870,3.8541,-1.5676,0,6.0
-0.21464,0.15134,-0.21622,-3.8e-20,4885,4.728,-0.4678,0,6.0
0.018486,0.23328,0.056804,-6.739199999999999e-21,4889,4.4592,-1.3602,0,6.0
0.021027,0.7958,0.013681,6.0858999999999996e-21,4892,4.0873,-1.9478,0,6.0
-0.024768,0.13471,-0.098053,-3.8669e-20,4898,4.812,-1.1452,0,6.0
-0.075451,0.18469,-0.29586,4.9329000000000004e-20,4907,5.1561,-0.92345,0,6.0
-0.11411,0.29118,-0.46059,-3.47e-20,4916,5.492,-0.6965,0,6.0
0.054416,0.52229,-0.14767,-4.3433000000000004e-20,4921,5.0459,-1.7602,0,6.0
-0.041619,0.29756,-0.41294,5.2631000000000004e-20,4928,5.6516,-1.1424,0,6.0
-0.11254,0.37991,-0.56781,1.4597e-20,4936,6.08,-0.69506,0,6.0
-0.002491,0.47623,-0.33441,7.3142e-20,4940,5.762,-1.5616,0,6.0
-0.1075,0.41481,-0.54768,-1.9481e-20,4947,6.3357,-0.91989,0,6.0
-0.016808,0.66433,-0.29782,3.0695e-20,4951,5.9608,-1.7579,0,6.0
-0.23891,0.74203,-0.064361,-1.5953e-20,4986,7.7527,-0.69096,0,6.0
-0.2041,0.83093,0.31551,2.2765000000000002e-20,5005,8.5472,-0.46122,0,6.0
-0.2006,1.0363,0.33603,-8.451e-21,5008,8.3977,-1.1332,0,6.0
-0.13578,1.1632,0.35023,1.0902000000000001e-20,5021,8.5295,-1.7514,0,6.0
-0.12357,0.96904,0.47926,-3.9727999999999994e-21,5027,9.2813,-0.91101,0,6.0
-0.047015,0.88314,0.38154,2.4804e-20,5059,10.499,-1.3395,0,6.0
-0.079606,0.71812,0.41996,4.3010999999999995e-21,5075,11.684,-0.45582,0,6.0
-0.022793,0.81667,0.29636,1.2839000000000001e-20,5081,11.32,-1.7443,0,6.0
-0.11235,0.67321,0.16767,3.3522e-20,5095,12.738,-0.454,0,6.0
0.0017479,1.0883,-0.090468,-2.3644e-21,5561,5.0613,-2.97,0,6.0
-0.0013641,1.1174,-0.096628,9.761799999999999e-21,5591,5.3695,-2.97,0,6.0
-0.0091672,1.1511,-0.09192,1.2151999999999998e-21,5621,5.6893,-2.97,0,6.0
-0.015065,1.1404,-0.049065,-1.8627999999999998e-21,5623,5.6893,-3.4878,0,6.0
-0.056238,1.2449,0.051819,-1.4294e-20,5741,7.0919,-2.97,0,6.0
-0.021624,1.1327,0.042995,-6.5917e-22,5746,7.0919,-4.4072,0,6.0
-0.018638,1.1177,0.040188,5.3258e-22,5747,7.0919,-4.7572,0,6.0
-0.012496,1.0841,0.029977,6.9461e-22,5750,7.0919,-5.9596,0,6.0
-0.060384,1.2116,0.14915,1.3266999999999999e-21,5801,7.874,-2.97,0,6.0
-0.030988,1.1494,0.10278,7.8432999999999995e-22,5804,7.874,-3.7739,0,6.0
-0.050253,1.091,0.27535,-5.9837999999999995e-21,5889,9.1598,-2.5172,0,6.0
-0.012634,1.0653,0.13436,-4.8102e-21,5895,9.1598,-4.08,0,6.0
-0.02311,0.98075,0.26571,5.2707e-22,5949,10.099,-2.5172,0,6.0
-0.0060711,1.0002,0.17633,4.6161e-22,5953,10.099,-3.4878,0,6.0
0.0043028,1.0168,0.085098,-6.1694e-22,5958,10.099,-5.1314,0,6.0
0.0025768,0.90367,0.18642,-3.174e-21,6011,11.109,-2.97,0,6.0
0.011683,0.94961,0.11235,-5.2702e-22,6015,11.109,-4.08,0,6.0
0.0089378,0.7976,0.14052,-1.5832e-20,6070,12.196,-2.736,0,6.0
0.022203,0.9358,0.04053,0.0,6077,12.196,-4.7572,0,6.0
0.019066,0.97942,0.021268,4.4222e-23,6080,12.196,-5.9596,0,6.0
-0.13293,1.1214,-0.21225,7.5159e-20,6745,-0.57975,-2.4134,0,6.0
0.038871,0.95648,-0.2603,-5.1792000000000004e-20,6748,-1.5316,-1.7937,0,6.0
0.065441,0.8995,-0.34935,-7.6123e-20,6789,-1.3571,-1.3571,0,6.0
0.044074,0.87604,-0.45256,5.0555e-20,6819,-1.1532,-1.1532,0,6.0
-0.040208,0.81831,-0.63519,5.7506e-20,6859,-0.91393,-0.91393,0,6.0
-0.20058,0.97179,-0.6256,8.5367e-20,6860,-0.76021,-1.0465,0,6.0
-0.45821,1.053,-0.49755,-2.0831e-20,6873,-0.46551,-1.1238,0,6.0
-0.57393,1.033,-0.29899,5.4542e-20,6876,-0.19028,-1.201,0,6.0
-0.6513,0.38086,-0.065966,-5.786e-20,6897,-0.083909,-1.066,0,6.0
-0.24497,0.0,0.0,0.0,6898,-0.64945,-0.76041,0,6.0
-0.42298,0.0,0.0,0.0,6901,-0.5225,-0.85264,0,6.0
-0.55656,0.0,0.0,0.0,6903,-0.38268,-0.92388,0,6.0
-0.6559,0.0,0.0,0.0,6906,-0.15643,-0.98769,0,6.0
-0.66346,0.0,0.0,0.0,6907,-0.078459,-0.99692,0,6.0
0.11591,0.90225,-0.16735,-1.8745e-20,6923,-2.3204,-1.6853,0,6.0
0.20058,0.82114,-0.10477,6.3560999999999994e-21,6929,-2.6029,-0.84595,0,6.0
0.31634,0.6592,-0.14483,-5.1694999999999995e-21,6991,-1.87,-0.44916,0,6.0
0.2304,0.74068,-0.26076,-3.9062e-21,6994,-1.7142,-0.87328,0,6.0
0.15272,0.81529,-0.31586,5.1103000000000003e-20,6996,-1.5553,-1.1297,0,6.0
0.41085,0.51777,-0.069944,4.4039e-20,7016,-1.6271,-0.12817,0,6.0
0.34066,0.58449,-0.24694,-5.9764e-20,7019,-1.5541,-0.50503,0,6.0
0.21289,0.68608,-0.41902,6.3459e-20,7031,-1.3165,-0.80663,0,6.0
0.45858,0.37612,-0.17785,-4.0079000000000004e-20,7044,-1.3568,-0.21499,0,6.0
0.39649,0.38897,-0.36318,-5.7303e-20,7055,-1.2306,-0.39989,0,6.0
0.20197,0.58107,-0.55196,9.0052e-20,7058,-1.1031,-0.67593,0,6.0
0.042504,0.73778,-0.62042,1.0124000000000001e-19,7060,-0.98326,-0.83971,0,6.0
0.5066,0.14956,-0.20095,2.6611e-20,7071,-1.1273,-0.17859,0,6.0
0.34298,0.17259,-0.31677,-1.4645000000000002e-19,7083,-0.98812,-0.40929,0,6.0
0.53139,0.0,0.0,0.0,7089,-0.98769,-0.15643,0,6.0
0.48493,0.0,0.0,0.0,7090,-0.97237,-0.23345,0,6.0
0.16493,0.0,0.0,0.0,7094,-0.85264,-0.5225,0,6.0
-0.040924,0.0,0.0,0.0,7096,-0.76041,-0.64945,0,6.0
0.16562,0.87315,-0.029629,5.2774999999999996e-21,7368,-3.5732,-0.46918,0,6.0
0.1472,0.88799,-0.071006,1.8633e-20,7371,-3.3916,-1.1488,0,6.0
0.058607,0.97846,-0.067991,-3.0173e-21,8062,-4.1311,-3.4878,0,6.0
-0.039181,1.0569,-0.11286,1.3113e-20,8451,-1.1464,-3.8396,0,6.0
-0.085703,1.0956,-0.099913,2.5172e-20,8570,-0.23491,-3.8016,0,6.0
-0.060308,1.0783,-0.077195,-4.5107999999999996e-21,8573,-0.23383,-4.5663,0,6.0
-0.3001,0.0,0.0,0.0,82,0.70711,0.70711,0,7.0
-0.29619,-0.0098746,0.013955,-2.9267e-20,87,0.85936,0.85936,0,7.0
-0.29181,0.12436,0.0071078,2.9090000000000004e-20,92,0.89178,1.0442,0,7.0
-0.24871,0.47389,0.018531,-1.9087e-20,101,1.2866,1.2866,0,7.0
-0.20866,1.1376,0.090906,-8.310599999999999e-21,112,1.5316,1.7937,0,7.0
-0.18433,1.2518,0.09139,-3.0300999999999996e-21,120,1.8605,2.1789,0,7.0
-0.30862,0.053539,0.01032,-7.681899999999999e-21,126,0.71472,0.98382,0,7.0
-0.33156,0.0,0.0,0.0,145,0.5225,0.85264,0,7.0
-0.30443,0.33241,0.014121,-1.5620000000000002e-20,149,0.71792,1.1717,0,7.0
-0.24427,1.096,0.1091,-6.3923e-20,155,1.0047,1.6399,0,7.0
-0.32796,0.18037,0.0029226,2.0632e-20,168,0.5522,1.0838,0,7.0
-0.32188,0.6047,0.047965,-1.5027e-20,191,0.52598,1.2698,0,7.0
-0.38289,0.0,0.0,0.0,208,0.30902,0.95106,0,7.0
-0.35481,0.37048,0.015618,4.1612e-20,210,0.37591,1.1568,0,7.0
-0.26483,1.1987,0.18326,9.6651e-21,216,0.5338,1.6426,0,7.0
-0.36995,0.48036,0.036397,6.7995e-20,231,0.28397,1.1826,0,7.0
-0.33999,0.8709,0.12112,-3.8078e-20,233,0.32087,1.3362,0,7.0
-0.24027,1.2452,0.21525,-5.3006e-20,238,0.42578,1.7727,0,7.0
-0.41477,0.45616,0.051721,-2.2402e-20,272,0.089562,1.1377,0,7.0
-0.37466,0.90559,0.17235,8.0821e-21,274,0.1015,1.289,0,7.0
-0.45706,0.0,0.0,0.0,292,0.0,1.0,0,7.0
-0.36868,0.0,0.0,0.0,313,1.0,0.0,0,7.0
-0.35549,-0.033099,-0.11558,-1.0047e-20,319,1.212,0.095424,0,7.0
-0.37584,-0.057201,-0.13678,2.6934e-20,320,1.2925,0.0,0,7.0
-0.38076,-0.098598,-0.10387,6.4983e-20,324,1.4555,0.0,0,7.0
-0.35796,-0.10012,-0.074951,2.2226e-20,325,1.4519,0.11435,0,7.0
-0.35892,-0.18002,0.030646,-1.2590000000000001e-20,333,1.8155,0.14304,0,7.0
-0.39671,-0.20778,0.13484,-1.6401e-20,338,2.1297,0.0,0,7.0
-0.36586,-0.20919,0.3991,1.8805e-20,348,2.7283,0.0,0,7.0
-0.33388,0.0,0.0,0.0,355,0.98769,0.15643,0,7.0
-0.31269,-0.18885,0.15347,9.045699999999999e-21,367,2.1071,0.33402,0,7.0
-0.32412,-0.024911,-0.065087,-1.0289e-20,378,1.1826,0.28397,0,7.0
-0.32335,-0.044929,-0.056028,-1.8813e-20,379,1.258,0.30208,0,7.0
-0.31958,-0.08358,-0.02324,-9.042e-21,381,1.4172,0.34035,0,7.0
-0.28121,-0.09083,0.068616,7.3958e-21,406,1.7344,0.56364,0,7.0
-0.24696,-0.030136,0.16065,7.129799999999999e-21,410,2.137,0.69452,0,7.0
-0.23076,0.089841,0.22382,-2.9282e-23,413,2.4799,0.80599,0,7.0
-0.23078,0.1462,0.23754,-6.1597999999999994e-21,414,2.6029,0.84595,0,7.0
-0.30078,0.0,0.0,0.0,418,0.92388,0.38268,0,7.0
-0.23705,0.025244,0.11294,-2.2375e-20,430,1.973,0.81724,0,7.0
-0.29654,-0.024001,-0.013309,3.2716e-22,441,1.0838,0.5522,0,7.0
-0.28552,-0.04617,0.0076724,-3.3117e-20,444,1.2989,0.66178,0,7.0
-0.20964,0.22251,0.10489,6.376699999999999e-21,453,2.1054,1.0726,0,7.0
-0.29193,0.0,0.0,0.0,460,0.85264,0.5225,0,7.0
-0.24632,0.064187,0.029843,-2.1076e-20,469,1.5546,0.95244,0,7.0
-0.29135,-0.027217,0.0050705,-4.571099999999999e-21,483,0.98382,0.71472,0,7.0
-0.28374,-0.021026,0.0037653,1.6258e-20,485,1.1114,0.8074,0,7.0
-0.21709,0.39132,0.036894,-2.2895e-20,493,1.7261,1.2538,0,7.0
-0.3133,-0.10901,0.4727,4.6406e-20,523,3.187,0.23587,0,7.0
-0.32147,-0.029659,0.46375,8.839899999999999e-21,528,3.8141,0.0,0,7.0
-0.33629,0.12319,0.25935,5.4806e-20,532,4.2681,0.0,0,7.0
-0.37603,0.2612,0.17771,3.8198e-20,533,4.2628,0.23492,0,7.0
-0.28104,0.44649,-0.3381,-2.7119e-20,540,5.282,0.0,0,7.0
-0.26303,0.62061,-0.4973,-3.5553e-20,543,5.5544,0.23377,0,7.0
-0.17034,0.67082,-0.59024,6.6446e-20,547,6.1409,0.23326,0,7.0
-0.1354,0.6125,-0.58463,-2.2626e-20,548,6.4555,0.0,0,7.0
-0.12178,0.55687,-0.55284,-4.3694e-20,554,7.4555,0.0,0,7.0
-0.15762,0.53707,-0.23087,3.7607000000000004e-20,561,8.5669,0.23111,0,7.0
-0.15103,0.67268,0.2151,-1.7459e-20,565,9.382,0.23039,0,7.0
-0.087566,0.82854,0.496,2.7596999999999997e-21,570,10.726,0.0,0,7.0
-0.11702,0.76962,0.41659,-6.293899999999999e-21,626,12.738,0.454,0,7.0
-0.40254,0.57344,0.045172,1.3228e-20,641,4.1971,0.69968,0,7.0
-0.40114,0.71986,-0.20066,3.6132e-20,643,4.6868,0.69847,0,7.0
-0.13358,0.78643,-0.55731,3.9646e-21,649,6.3905,0.6943,0,7.0
-0.082138,0.58947,-0.43936,-7.331199999999999e-21,653,7.7527,0.69096,0,7.0
-0.075874,0.79434,0.49571,-6.0701e-22,662,11.654,0.68139,0,7.0
-0.28738,0.41143,0.24221,-2.7060000000000003e-20,675,3.2568,0.92918,0,7.0
-0.34657,0.56499,0.15943,3.5386e-20,677,3.6808,0.9279,0,7.0
-0.32546,0.93822,-0.44503,-8.7062e-21,683,5.1561,0.92345,0,7.0
-0.2514,0.50677,0.18405,1.1951e-20,712,2.9753,1.1514,0,7.0
-0.37358,0.85722,-0.039724,-1.6663e-22,717,4.0596,1.1477,0,7.0
-0.16462,0.94775,-0.52187,1.3384e-20,724,5.9526,1.1414,0,7.0
-0.061332,0.5396,0.0068457,1.9009000000000002e-20,733,9.2192,1.1304,0,7.0
-0.34936,1.0993,-0.24383,1.4458000000000002e-20,757,4.4592,1.3602,0,7.0
-0.25069,1.1029,-0.4581,-1.7932e-20,760,5.2716,1.3574,0,7.0
-0.051588,0.77021,-0.37548,4.647799999999999e-21,766,7.19,1.3508,0,7.0
-0.035328,0.57852,-0.26824,-3.2582e-20,769,8.319,1.347,0,7.0
-0.037822,0.71862,0.37879,-5.810300000000001e-20,774,10.499,1.3395,0,7.0
-0.28241,1.0129,0.018219,-2.4557e-23,791,3.3928,1.5691,0,7.0
-0.31847,1.1186,-0.086818,-5.1506e-20,793,3.8541,1.5676,0,7.0
-0.27481,1.1934,-0.37122,-7.5482e-21,797,4.8843,1.5643,0,7.0
-0.12032,0.9814,-0.43652,1.1983000000000001e-20,801,6.0767,1.5606,0,7.0
-0.044714,0.80062,0.45747,-7.678e-21,814,11.41,1.5437,0,7.0
-0.22419,1.0929,0.048814,7.332399999999999e-22,828,2.8331,1.7658,0,7.0
-0.25469,1.2833,-0.073667,2.3914e-20,871,3.586,1.9485,0,7.0
-0.25921,1.2992,-0.17675,8.725199999999999e-21,873,4.0873,1.9478,0,7.0
-0.20939,1.2226,-0.32191,-4.5361e-20,876,4.9116,1.9466,0,7.0
-0.14943,1.1124,-0.3663,2.0599e-20,878,5.5135,1.9457,0,7.0
-0.04127,0.92554,-0.27517,-9.7889e-21,961,6.7218,2.3126,0,7.0
-0.13587,1.1664,-0.24967,1.9675e-20,996,5.0613,2.5172,0,7.0
-0.095117,1.0768,-0.27325,9.184899999999999e-21,998,5.6893,2.5172,0,7.0
-0.006057,0.85108,-0.19494,-8.1064e-21,1003,7.4758,2.5172,0,7.0
0.032565,0.71484,0.14446,6.6607e-22,1049,10.099,2.736,0,7.0
0.015583,0.80632,0.29543,-1.2170000000000001e-20,1051,11.109,2.736,0,7.0
0.035202,0.78507,0.021819,1.326e-21,1087,9.1598,2.97,0,7.0
-0.019087,1.0061,0.25564,1.0171e-20,1093,12.196,2.97,0,7.0
-0.092885,1.1284,-0.17192,2.9691e-21,1116,5.0613,3.2202,0,7.0
-0.018111,0.98737,-0.13014,-3.8156e-21,1201,6.7218,3.7739,0,7.0
0.032107,0.91974,0.029294,1.5880999999999999e-21,1247,9.1598,4.08,0,7.0
0.030624,1.0319,0.14522,-1.1912e-21,1251,11.109,4.08,0,7.0
-0.011791,1.011,-0.077491,2.8271e-21,1321,6.7218,4.7572,0,7.0
0.016301,1.1169,0.057691,0.0,1333,12.196,4.7572,0,7.0
-0.066963,1.127,0.15282,2.8574e-20,2145,-4.3934e-16,3.1819,0,7.0
-0.045337,1.1099,0.11907,-1.519e-20,2175,-4.2301e-16,3.807,0,7.0
-0.033721,1.0994,0.098884,-8.079e-21,2195,-4.1015e-16,4.2993,0,7.0
0.12364,0.89781,0.27104,3.8688e-20,2456,-1.5845,1.5845,0,7.0
0.11081,0.84364,0.43852,-4.4391e-20,2468,-1.1532,1.1532,0,7.0
0.0018357,0.87491,0.57582,-4.3613e-20,2475,-0.89178,1.0442,0,7.0
-0.066203,0.79309,0.61522,-3.923599999999999e-21,2479,-0.78951,0.92446,0,7.0
-0.1341,0.0,0.0,0.0,2484,-0.64945,0.76041,0,7.0
-0.0074388,0.94984,0.49093,6.372000000000001e-20,2499,-0.90709,1.2487,0,7.0
-0.12077,1.0047,0.55981,6.466e-21,2522,-0.71792,1.1717,0,7.0
-0.28781,0.0,0.0,0.0,2527,-0.5225,0.85264,0,7.0
0.0098706,1.0234,0.26905,-1.3858e-20,2533,-1.0726,2.1054,0,7.0
-0.2656,0.95175,0.52707,-1.6022e-20,2545,-0.5522,1.0838,0,7.0
-0.39735,0.0,0.0,0.0,2569,-0.38268,0.92388,0,7.0
-0.26269,1.1424,0.47138,3.2413999999999998e-21,2585,-0.42475,1.3071,0,7.0
-0.35347,0.98147,0.41787,-5.2144e-20,2587,-0.37591,1.1568,0,7.0
-0.46581,0.0,0.0,0.0,2632,-0.15643,0.98769,0,7.0
-0.11772,1.1548,0.24449,-4.6115000000000003e-20,2639,-0.17623,2.2362,0,7.0
-0.1862,1.1972,0.30325,-8.975e-21,2643,-0.14304,1.8155,0,7.0
-0.33687,1.1568,0.32948,-1.2455000000000002e-19,2648,-0.10781,1.369,0,7.0
-0.40605,0.87025,0.22446,3.6234e-20,2650,-0.095424,1.212,0,7.0
-0.43237,0.62056,0.13906,5.7591e-20,2651,-0.089562,1.1377,0,7.0
0.25032,0.7742,-0.0093198,-8.5064e-22,2660,-2.5997,0.0,0,7.0
0.31454,0.68609,-0.012838,5.8071e-22,2668,-2.1297,0.0,0,7.0
0.41766,0.51467,0.044688,-4.7885e-20,2679,-1.6271,0.12817,0,7.0
0.48825,0.34928,-0.02382,-4.5739e-22,2684,-1.3725,0.0,0,7.0
0.5289,0.20259,-0.026484,-1.2046e-20,2688,-1.2153,0.0,0,7.0
0.56335,0.049431,-0.018454,-1.2656e-22,2692,-1.0692,0.0,0,7.0
0.57359,0.0,0.0,0.0,2695,-1.0,0.0,0,7.0
0.47326,0.36922,0.14552,4.0134e-20,2711,-1.3568,0.21499,0,7.0
0.52362,0.14312,0.16485,-1.836e-20,2714,-1.1273,0.17859,0,7.0
0.54925,0.0,0.0,0.0,2716,-0.98769,0.15643,0,7.0
0.39115,0.5453,0.16692,-7.8295e-20,2729,-1.5885,0.38151,0,7.0
0.21898,0.81437,0.096316,-7.550000000000001e-21,2740,-2.6029,0.84595,0,7.0
0.31585,0.67088,0.16945,2.3553e-20,2747,-1.8296,0.59459,0,7.0
0.36649,0.57215,0.22317,6.0928e-20,2750,-1.5541,0.50503,0,7.0
0.41472,0.43398,0.30036,-6.1145e-20,2753,-1.3071,0.42475,0,7.0
0.44241,0.21852,0.3345,8.5779e-20,2756,-1.0857,0.35279,0,7.0
0.45911,0.0,0.0,0.0,2758,-0.95106,0.30902,0,7.0
0.29785,0.64546,0.32093,-2.1625000000000002e-20,2792,-1.456,0.74178,0,7.0
0.31287,0.33356,0.46513,-1.6786000000000002e-19,2798,-1.0172,0.51827,0,7.0
0.31602,0.0,0.0,0.0,2800,-0.89101,0.45399,0,7.0
0.2253,0.77658,0.25467,-4.6940999999999995e-21,2809,-1.7284,1.0589,0,7.0
0.2557,0.69015,0.36086,2.2433000000000002e-20,2813,-1.393,0.85347,0,7.0
0.26234,0.59755,0.47876,5.2532e-20,2816,-1.1717,0.71792,0,7.0
0.15189,0.47016,0.54308,2.2216000000000004e-19,2840,-0.92341,0.67086,0,7.0
0.13972,0.0,0.0,0.0,2842,-0.80902,0.58779,0,7.0
0.12955,0.91503,0.16526,2.1245000000000002e-20,2844,-2.2843,1.9505,0,7.0
0.16105,0.79034,0.42005,-3.8612000000000003e-20,2855,-1.2411,1.0599,0,7.0
0.13445,0.73376,0.5493,-1.4949e-20,2858,-1.0442,0.89178,0,7.0
0.13989,0.90581,-0.0039434,-1.1379e-21,2912,-4.3358,0.0,0,7.0
0.17222,0.87129,0.024022,-6.5822999999999994e-21,2951,-3.5732,0.46918,0,7.0
0.16718,0.87817,0.052713,-1.111e-20,3011,-3.47,0.92747,0,7.0
0.079007,0.97713,0.076512,2.7478999999999998e-21,3372,-3.8187,3.4878,0,7.0
0.019766,1.0402,0.11118,-1.8855999999999999e-22,4180,-1.5637,4.1771,0,7.0
-0.50603,0.0,0.0,0.0,4394,0.64945,-0.76041,0,7.0
-0.55459,0.0,0.0,0.0,4402,0.45399,-0.89101,0,7.0
-0.599,0.0,0.0,0.0,4406,0.30902,-0.95106,0,7.0
-0.64407,0.0,0.0,0.0,4410,0.15643,-0.98769,0,7.0
-0.6057,0.83478,-0.10908,-4.2839000000000004e-20,4436,0.095424,-1.212,0,7.0
-0.50855,0.32249,0.011909,1.4003e-20,4441,0.67593,-1.1031,0,7.0
-0.5119,0.63189,0.0020876,1.4645e-20,4453,0.62391,-1.2246,0,7.0
-0.52845,1.25,-0.26323,1.7491e-19,4459,-8.2717e-17,-1.3725,0,7.0
-0.48551,1.2029,-0.10202,-3.6927e-20,4477,0.47729,-1.4687,0,7.0
-0.47872,0.48962,-0.00063512,1.2868999999999998e-21,4483,1.1532,-1.1532,0,7.0
-0.47475,0.97985,-0.010961,-2.1462e-20,4485,0.85347,-1.393,0,7.0
-0.33873,1.2876,-0.24146,-3.7366e-20,4514,-1.8199e-16,-1.8196,0,7.0
-0.2435,1.2214,-0.18613,7.4993e-20,4558,-2.7552e-16,-2.2408,0,7.0
-0.39189,1.2765,0.060248,2.2843e-20,4559,1.5316,-1.7937,0,7.0
-0.28397,1.2172,0.12339,-1.1419e-20,4615,2.1213,-2.1213,0,7.0
-0.4083,0.0,0.0,0.0,4627,0.98769,-0.15643,0,7.0
-0.44327,0.0,0.0,0.0,4631,0.95106,-0.30902,0,7.0
-0.46703,0.0,0.0,0.0,4635,0.89101,-0.45399,0,7.0
-0.48798,0.0,0.0,0.0,4641,0.76041,-0.64945,0,7.0
-0.44201,-0.038657,-0.15449,3.4062e-20,4646,1.0857,-0.35279,0,7.0
-0.4816,-0.026115,-0.057982,1.4455e-20,4651,0.86777,-0.74111,0,7.0
-0.41221,-0.042443,-0.17838,8.578199999999999e-21,4653,1.201,-0.19028,0,7.0
-0.46224,-0.035908,-0.15286,-8.5264e-21,4657,1.0838,-0.5522,0,7.0
-0.44641,-0.039565,-0.19277,1.0583999999999998e-21,4664,1.2306,-0.39989,0,7.0
-0.47507,0.031789,-0.073077,5.0067e-21,4669,0.98326,-0.83971,0,7.0
-0.46689,0.0031083,-0.16316,-1.2781e-20,4675,1.2246,-0.62391,0,7.0
-0.42602,-0.071977,-0.15234,-5.9245e-20,4680,1.4391,-0.22804,0,7.0
-0.45876,-0.022386,-0.17261,1.3567e-20,4682,1.3864,-0.45054,0,7.0
-0.47432,0.1615,-0.057817,-1.234e-21,4687,1.1075,-0.94578,0,7.0
-0.42797,-0.13992,-0.015616,-2.9368e-20,4715,1.8155,-0.14304,0,7.0
-0.51785,0.29172,-0.0072504,-2.1555000000000002e-20,4729,1.7142,-0.87328,0,7.0
-0.48028,-0.07252,0.1029,1.8242e-20,4743,2.1071,-0.33402,0,7.0
-0.52676,0.16161,0.078348,-1.9850000000000003e-20,4745,2.0308,-0.65999,0,7.0
-0.528,0.4425,0.080493,-5.6393999999999996e-21,4747,1.9027,-0.96929,0,7.0
-0.499,0.77935,0.094458,3.3096e-20,4749,1.7261,-1.2538,0,7.0
-0.51362,0.29796,0.24558,1.4374e-20,4772,2.3614,-0.76747,0,7.0
-0.49436,0.34555,0.30011,8.8565e-20,4781,2.4799,-0.80599,0,7.0
-0.32702,0.66959,0.39705,2.2360999999999997e-21,4818,2.9753,-1.1514,0,7.0
-0.30944,-0.0091851,0.55245,7.592300000000001e-20,4825,3.3622,-0.47016,0,7.0
-0.25056,0.9673,0.30939,-5.1754e-20,4830,2.9641,-1.5704,0,7.0
-0.24444,1.1293,0.20733,-8.715699999999999e-21,4832,2.6869,-1.9499,0,7.0
-0.20994,0.093978,0.52258,1.4819e-20,4846,3.7419,-0.70079,0,7.0
-0.14927,0.70138,0.34716,-1.7279e-20,4849,3.5057,-1.3635,0,7.0
-0.28259,0.02447,0.33976,4.5788e-20,4864,4.2628,-0.23492,0,7.0
-0.16078,0.029391,0.43662,-3.73e-20,4866,4.1971,-0.69968,0,7.0
-0.074068,0.35302,0.36118,-1.8305e-20,4868,4.0596,-1.1477,0,7.0
-0.060391,0.72511,0.24758,8.381799999999999e-21,4870,3.8541,-1.5676,0,7.0
-0.21191,0.09737,0.12804,-1.7062e-20,4885,4.728,-0.4678,0,7.0
0.00018241,0.38387,0.22753,-1.5527e-20,4889,4.4592,-1.3602,0,7.0
-0.016682,0.83773,0.12412,4.4326e-21,4892,4.0873,-1.9478,0,7.0
-0.022632,0.17279,0.17414,-3.6742e-20,4898,4.812,-1.1452,0,7.0
-0.073402,0.15906,-0.017672,5.6978e-20,4907,5.1561,-0.92345,0,7.0
-0.1194,0.26478,-0.24974,-5.0666000000000003e-20,4916,5.492,-0.6965,0,7.0
0.062297,0.52561,0.00068158,-8.181099999999999e-21,4921,5.0459,-1.7602,0,7.0
-0.024755,0.26858,-0.21325,6.1525e-20,4928,5.6516,-1.1424,0,7.0
-0.098149,0.40839,-0.45848,3.9303e-20,4936,6.08,-0.69506,0,7.0
0.037316,0.36429,-0.19031,7.4276e-20,4940,5.762,-1.5616,0,7.0
-0.068968,0.42188,-0.47387,-5.9017e-20,4947,6.3357,-0.91989,0,7.0
0.045751,0.47461,-0.2311,1.8281e-20,4951,5.9608,-1.7579,0,7.0
-0.16385,0.57842,-0.48584,-2.3920000000000003e-20,4986,7.7527,-0.69096,0,7.0
-0.21737,0.68798,-0.12897,2.6249e-20,5005,8.5472,-0.46122,0,7.0
-0.21749,0.88963,-0.052752,1.9177e-21,5008,8.3977,-1.1332,0,7.0
-0.17469,1.1518,0.14306,2.1522e-20,5021,8.5295,-1.7514,0,7.0
-0.19503,0.96914,0.33288,-3.6474e-21,5027,9.2813,-0.91101,0,7.0
-0.074753,0.97846,0.42247,1.8113e-20,5059,10.499,-1.3395,0,7.0
-0.066732,0.81183,0.44411,2.3873e-21,5075,11.684,-0.45582,0,7.0
-0.033898,0.91,0.33419,6.576899999999999e-21,5081,11.32,-1.7443,0,7.0
-0.083072,0.71715,0.3862,1.8776e-20,5095,12.738,-0.454,0,7.0
0.019078,0.9968,-0.065035,-5.8135e-21,5561,5.0613,-2.97,0,7.0
0.025477,1.0139,-0.093178,1.2554e-20,5591,5.3695,-2.97,0,7.0
0.026635,1.0407,-0.11656,5.065199999999999e-21,5621,5.6893,-2.97,0,7.0
0.0096448,1.0676,-0.073527,-6.128499999999999e-21,5623,5.6893,-3.4878,0,7.0
-0.021052,1.2075,-0.077681,-1.0041e-20,5741,7.0919,-2.97,0,7.0
-0.0086935,1.1256,-0.0039924,-4.8745e-23,5746,7.0919,-4.4072,0,7.0
-0.0083873,1.1127,0.0024869,6.280799999999999e-22,5747,7.0919,-4.7572,0,7.0
-0.0078086,1.083,0.011415,3.0467999999999997e-22,5750,7.0919,-5.9596,0,7.0
-0.051015,1.2531,0.037042,-7.811299999999999e-22,5801,7.874,-2.97,0,7.0
-0.021695,1.1752,0.036415,-5.8732e-22,5804,7.874,-3.7739,0,7.0
-0.07607,1.1989,0.24214,-8.4869e-21,5889,9.1598,-2.5172,0,7.0
-0.016231,1.1142,0.1106,-4.1847e-21,5895,9.1598,-4.08,0,7.0
-0.043374,1.0766,0.27779,6.5138e-22,5949,10.099,-2.5172,0,7.0
-0.01644,1.0674,0.17818,1.4138e-21,5953,10.099,-3.4878,0,7.0
0.00083228,1.0483,0.085327,-8.7968e-22,5958,10.099,-5.1314,0,7.0
-0.0088156,0.97596,0.2171,-3.9314999999999994e-21,6011,11.109,-2.97,0,7.0
0.0040545,0.99695,0.1345,-4.9154e-22,6015,11.109,-4.08,0,7.0
0.0016884,0.87317,0.19611,-1.3243000000000001e-20,6070,12.196,-2.736,0,7.0
0.016616,0.96015,0.075655,0.0,6077,12.196,-4.7572,0,7.0
0.015891,0.99045,0.042532,-1.6210999999999998e-22,6080,12.196,-5.9596,0,7.0
-0.13864,1.1329,-0.21281,7.6113e-20,6745,-0.57975,-2.4134,0,7.0
0.034659,0.9646,-0.2654,-5.3013e-20,6748,-1.5316,-1.7937,0,7.0
0.060046,0.90834,-0.35689,-7.6461e-20,6789,-1.3571,-1.3571,0,7.0
0.036724,0.88611,-0.46181,5.0961e-20,6819,-1.1532,-1.1532,0,7.0
-0.05224,0.83012,-0.647,5.9734e-20,6859,-0.91393,-0.91393,0,7.0
-0.21415,0.98553,-0.63583,8.691000000000001e-20,6860,-0.76021,-1.0465,0,7.0
-0.47472,1.0684,-0.50509,-2.0394e-20,6873,-0.46551,-1.1238,0,7.0
-0.58933,1.0487,-0.3038,5.5936e-20,6876,-0.19028,-1.201,0,7.0
-0.66715,0.38541,-0.067094,-5.6454e-20,6897,-0.083909,-1.066,0,7.0
-0.26285,0.0,0.0,0.0,6898,-0.64945,-0.76041,0,7.0
-0.44221,0.0,0.0,0.0,6901,-0.5225,-0.85264,0,7.0
-0.57602,0.0,0.0,0.0,6903,-0.38268,-0.92388,0,7.0
-0.67331,0.0,0.0,0.0,6906,-0.15643,-0.98769,0,7.0
-0.67956,0.0,0.0,0.0,6907,-0.078459,-0.99692,0,7.0
0.11352,0.90731,-0.17239,-1.8753e-20,6923,-2.3204,-1.6853,0,7.0
0.19957,0.82382,-0.11139,6.2372999999999994e-21,6929,-2.6029,-0.84595,0,7.0
0.31492,0.66194,-0.15512,-4.2249e-21,6991,-1.87,-0.44916,0,7.0
0.22712,0.74614,-0.2702,-4.672599999999999e-21,6994,-1.7142,-0.87328,0,7.0
0.14831,0.82248,-0.32446,5.1116e-20,6996,-1.5553,-1.1297,0,7.0
0.41049,0.51879,-0.08253,4.3040000000000004e-20,7016,-1.6271,-0.12817,0,7.0
0.3377,0.58868,-0.25898,-5.881900000000001e-20,7019,-1.5541,-0.50503,0,7.0
0.20688,0.69365,-0.43064,6.4325e-20,7031,-1.3165,-0.80663,0,7.0
0.45655,0.37852,-0.19271,-3.9533e-20,7044,-1.3568,-0.21499,0,7.0
0.39138,0.39393,-0.37825,-5.7047e-20,7055,-1.2306,-0.39989,0,7.0
0.19308,0.5896,-0.56572,9.5503e-20,7058,-1.1031,-0.67593,0,7.0
0.03143,0.74854,-0.63294,1.0534000000000001e-19,7060,-0.98326,-0.83971,0,7.0
0.50336,0.15181,-0.2154,2.8044e-20,7071,-1.1273,-0.17859,0,7.0
0.33391,0.17634,-0.32608,-1.4603000000000002e-19,7083,-0.98812,-0.40929,0,7.0
0.52773,0.0,0.0,0.0,7089,-0.98769,-0.15643,0,7.0
0.47933,0.0,0.0,0.0,7090,-0.97237,-0.23345,0,7.0
0.1522,0.0,0.0,0.0,7094,-0.85264,-0.5225,0,7.0
-0.056573,0.0,0.0,0.0,7096,-0.76041,-0.64945,0,7.0
0.16572,0.87397,-0.034502,5.1621e-21,7368,-3.5732,-0.46918,0,7.0
0.14652,0.8901,-0.075612,1.8828e-20,7371,-3.3916,-1.1488,0,7.0
0.057201,0.98098,-0.069375,-3.0417999999999995e-21,8062,-4.1311,-3.4878,0,7.0
-0.043028,1.0631,-0.11114,1.3379e-20,8451,-1.1464,-3.8396,0,7.0
-0.090853,1.1031,-0.095398,2.5873e-20,8570,-0.23491,-3.8016,0,7.0
-0.064739,1.0832,-0.072299,-4.6735e-21,8573,-0.23383,-4.5663,0,7.0
-0.32556,0.0,0.0,0.0,82,0.70711,0.70711,0,8.0
-0.32286,0.0001266,0.0064163,-2.7714e-20,87,0.85936,0.85936,0,8.0
-0.32028,0.14209,-0.0048437,2.7648e-20,92,0.89178,1.0442,0,8.0
-0.27363,0.48417,-0.013535,-2.5645e-20,101,1.2866,1.2866,0,8.0
-0.20799,1.1076,0.070328,-1.695e-20,112,1.5316,1.7937,0,8.0
-0.1683,1.2112,0.089547,-1.7271e-21,120,1.8605,2.1789,0,8.0
-0.33541,0.066465,0.0040975,-5.058099999999999e-21,126,0.71472,0.98382,0,8.0
-0.3576,0.0,0.0,0.0,145,0.5225,0.85264,0,8.0
-0.33084,0.34777,0.0046664,-1.3582e-20,149,0.71792,1.1717,0,8.0
-0.2604,1.0867,0.092095,-7.9631e-20,155,1.0047,1.6399,0,8.0
-0.3533,0.19348,-0.0031202,2.1455e-20,168,0.5522,1.0838,0,8.0
-0.34531,0.61469,0.039966,-1.8069e-20,191,0.52598,1.2698,0,8.0
-0.40599,0.0,0.0,0.0,208,0.30902,0.95106,0,8.0
-0.37776,0.38174,0.010801,3.8906e-20,210,0.37591,1.1568,0,8.0
-0.28116,1.1919,0.17254,1.0641e-20,216,0.5338,1.6426,0,8.0
-0.39136,0.49001,0.032277,6.5411e-20,231,0.28397,1.1826,0,8.0
-0.35992,0.87508,0.11434,-3.8874000000000003e-20,233,0.32087,1.3362,0,8.0
-0.25384,1.2364,0.20593,-5.6705e-20,238,0.42578,1.7727,0,8.0
-0.43295,0.46337,0.04998,-1.2969e-20,272,0.089562,1.1377,0,8.0
-0.39172,0.90844,0.16771,1.0986e-20,274,0.1015,1.289,0,8.0
-0.47327,0.0,0.0,0.0,292,0.0,1.0,0,8.0
-0.38051,0.0,0.0,0.0,313,1.0,0.0,0,8.0
-0.36786,-0.024006,-0.19105,-9.875199999999999e-21,319,1.212,0.095424,0,8.0
-0.38592,-0.043463,-0.22718,2.2098e-20,320,1.2925,0.0,0,8.0
-0.39219,-0.078832,-0.22085,5.258e-20,324,1.4555,0.0,0,8.0
-0.37257,-0.08784,-0.19414,2.5926e-20,325,1.4519,0.11435,0,8.0
-0.38246,-0.16699,-0.13163,-2.1146e-21,333,1.8155,0.14304,0,8.0
-0.4318,-0.16525,-0.049665,-1.1971e-20,338,2.1297,0.0,0,8.0
-0.42108,-0.1534,0.23643,1.8089e-20,348,2.7283,0.0,0,8.0
-0.34685,0.0,0.0,0.0,355,0.98769,0.15643,0,8.0
-0.34001,-0.21457,-0.027738,1.0299e-22,367,2.1071,0.33402,0,8.0
-0.33882,-0.01977,-0.13415,-8.160399999999999e-21,378,1.1826,0.28397,0,8.0
-0.33885,-0.042163,-0.14157,-1.6368e-20,379,1.258,0.30208,0,8.0
-0.33739,-0.088005,-0.13499,-1.0429e-20,381,1.4172,0.34035,0,8.0
-0.30262,-0.13004,-0.071157,6.6705999999999994e-21,406,1.7344,0.56364,0,8.0
-0.25539,-0.11656,0.0077401,8.287399999999999e-21,410,2.137,0.69452,0,8.0
-0.2093,-0.047431,0.096699,-4.6334e-20,413,2.4799,0.80599,0,8.0
-0.19496,-0.0096006,0.12863,2.3376e-20,414,2.6029,0.84595,0,8.0
-0.31481,0.0,0.0,0.0,418,0.92388,0.38268,0,8.0
-0.24727,-0.050798,-0.021243,-3.8730000000000006e-20,430,1.973,0.81724,0,8.0
-0.31557,-0.023033,-0.051239,3.1071999999999995e-21,441,1.0838,0.5522,0,8.0
-0.30821,-0.057835,-0.065534,-2.7262e-20,444,1.2989,0.66178,0,8.0
-0.20088,0.13818,0.0002563,2.3791000000000002e-20,453,2.1054,1.0726,0,8.0
-0.31036,0.0,0.0,0.0,460,0.85264,0.5225,0,8.0
-0.2702,0.042551,-0.052284,-2.7407e-20,469,1.5546,0.95244,0,8.0
-0.31503,-0.02285,-0.012264,-4.2945999999999995e-21,483,0.98382,0.71472,0,8.0
-0.31011,-0.016089,-0.029219,1.5959e-20,485,1.1114,0.8074,0,8.0
-0.22682,0.37101,-0.026839,-4.7784e-20,493,1.7261,1.2538,0,8.0
-0.31073,-0.17072,0.41732,6.2634e-20,523,3.187,0.23587,0,8.0
-0.28705,-0.058385,0.59383,-1.9449e-20,528,3.8141,0.0,0,8.0
-0.26726,0.01656,0.55565,3.8714e-20,532,4.2681,0.0,0,8.0
-0.28474,0.083923,0.48449,3.2186e-20,533,4.2628,0.23492,0,8.0
-0.28796,0.34599,0.024448,-4.2182e-20,540,5.282,0.0,0,8.0
-0.30783,0.55176,-0.21332,-2.3265999999999998e-21,543,5.5544,0.23377,0,8.0
-0.23194,0.67812,-0.47664,7.8919e-20,547,6.1409,0.23326,0,8.0
-0.17406,0.63259,-0.52279,-7.7125e-20,548,6.4555,0.0,0,8.0
-0.10608,0.67308,-0.5551,-6.0332e-21,554,7.4555,0.0,0,8.0
-0.11465,0.58712,-0.48047,2.1183e-20,561,8.5669,0.23111,0,8.0
-0.15375,0.58173,-0.20969,-2.8508e-20,565,9.382,0.23039,0,8.0
-0.12855,0.8057,0.4174,8.2822e-21,570,10.726,0.0,0,8.0
-0.08115,0.80147,0.48089,-8.6066e-21,626,12.738,0.454,0,8.0
-0.29157,0.35465,0.31028,3.5175e-20,641,4.1971,0.69968,0,8.0
-0.34408,0.55644,0.11606,-1.7409e-20,643,4.6868,0.69847,0,8.0
-0.19449,0.87091,-0.55117,1.4316e-20,649,6.3905,0.6943,0,8.0
-0.081108,0.73507,-0.47417,-9.5817e-21,653,7.7527,0.69096,0,8.0
-0.070218,0.79593,0.46814,1.2556e-21,662,11.654,0.68139,0,8.0
-0.18352,0.18171,0.27745,-9.5976e-21,675,3.2568,0.92918,0,8.0
-0.22175,0.32647,0.30228,2.7387e-20,677,3.6808,0.9279,0,8.0
-0.34892,0.85714,-0.18451,-5.503199999999999e-21,683,5.1561,0.92345,0,8.0
-0.15961,0.312,0.17417,-2.7571999999999996e-21,712,2.9753,1.1514,0,8.0
-0.26666,0.65534,0.16499,4.8741e-21,717,4.0596,1.1477,0,8.0
-0.23398,1.0385,-0.47707,2.6179e-20,724,5.9526,1.1414,0,8.0
-0.059393,0.56195,-0.26659,1.7439e-20,733,9.2192,1.1304,0,8.0
-0.29976,0.95083,-0.018892,-9.089299999999999e-21,757,4.4592,1.3602,0,8.0
-0.29549,1.1167,-0.30779,7.71e-21,760,5.2716,1.3574,0,8.0
-0.07985,0.88714,-0.43308,9.264e-21,766,7.19,1.3508,0,8.0
-0.040133,0.72491,-0.33899,-1.7518e-20,769,8.319,1.347,0,8.0
-0.044714,0.63054,0.17652,-7.5018e-20,774,10.499,1.3395,0,8.0
-0.18199,0.82779,0.10516,1.201e-20,791,3.3928,1.5691,0,8.0
-0.23023,0.94027,0.065558,-2.6462e-20,793,3.8541,1.5676,0,8.0
-0.28693,1.1711,-0.20538,3.5506e-20,797,4.8843,1.5643,0,8.0
-0.17327,1.1041,-0.43513,3.6722e-21,801,6.0767,1.5606,0,8.0
-0.03155,0.74873,0.36832,-6.7474e-21,814,11.41,1.5437,0,8.0
-0.1507,0.96362,0.076657,-3.0146999999999997e-21,828,2.8331,1.7658,0,8.0
-0.19103,1.1822,0.029519,-2.8312999999999997e-22,871,3.586,1.9485,0,8.0
-0.21983,1.2435,-0.047435,4.3767e-21,873,4.0873,1.9478,0,8.0
-0.22515,1.2785,-0.2221,-3.9724e-20,876,4.9116,1.9466,0,8.0
-0.18655,1.2176,-0.3217,4.6075e-20,878,5.5135,1.9457,0,8.0
-0.06928,1.0189,-0.30415,-1.4543e-20,961,6.7218,2.3126,0,8.0
-0.14935,1.2383,-0.19864,2.2686e-20,996,5.0613,2.5172,0,8.0
-0.11929,1.1643,-0.25468,1.0616000000000001e-20,998,5.6893,2.5172,0,8.0
-0.028756,0.92852,-0.24949,-9.424399999999999e-21,1003,7.4758,2.5172,0,8.0
0.026268,0.71907,0.016117,-2.0127999999999998e-22,1049,10.099,2.736,0,8.0
0.023289,0.73137,0.17841,-1.0556e-20,1051,11.109,2.736,0,8.0
0.020316,0.8154,-0.076597,1.8452999999999998e-21,1087,9.1598,2.97,0,8.0
0.010163,0.86621,0.29241,1.0951e-20,1093,12.196,2.97,0,8.0
-0.1009,1.1774,-0.14172,-3.8443e-22,1116,5.0613,3.2202,0,8.0
-0.033019,1.033,-0.14984,-3.8368e-21,1201,6.7218,3.7739,0,8.0
0.021685,0.91409,-0.033388,3.0921999999999997e-21,1247,9.1598,4.08,0,8.0
0.035387,0.94298,0.11806,2.2733e-22,1251,11.109,4.08,0,8.0
-0.02152,1.0373,-0.092675,2.6808999999999997e-21,1321,6.7218,4.7572,0,8.0
0.02504,1.0587,0.097919,0.0,1333,12.196,4.7572,0,8.0
-0.070798,1.1181,0.1523,2.8694e-20,2145,-4.3934e-16,3.1819,0,8.0
-0.047878,1.1025,0.12059,-1.4975e-20,2175,-4.2301e-16,3.807,0,8.0
-0.03571,1.0932,0.10137,-7.882199999999999e-21,2195,-4.1015e-16,4.2993,0,8.0
0.1195,0.89385,0.26623,3.9225e-20,2456,-1.5845,1.5845,0,8.0
0.10719,0.83915,0.43241,-4.4864e-20,2468,-1.1532,1.1532,0,8.0
-0.0012708,0.86983,0.56952,-4.4791e-20,2475,-0.89178,1.0442,0,8.0
-0.068218,0.78855,0.6097,-5.533899999999999e-21,2479,-0.78951,0.92446,0,8.0
-0.13508,0.0,0.0,0.0,2484,-0.64945,0.76041,0,8.0
-0.011936,0.9447,0.48503,6.3483e-20,2499,-0.90709,1.2487,0,8.0
-0.12542,0.99936,0.55404,7.735299999999999e-21,2522,-0.71792,1.1717,0,8.0
-0.29091,0.0,0.0,0.0,2527,-0.5225,0.85264,0,8.0
0.00432,1.018,0.26494,-1.4188e-20,2533,-1.0726,2.1054,0,8.0
-0.27062,0.948,0.52292,-1.4561e-20,2545,-0.5522,1.0838,0,8.0
-0.40349,0.0,0.0,0.0,2569,-0.38268,0.92388,0,8.0
-0.27069,1.1375,0.46603,4.6533999999999996e-21,2585,-0.42475,1.3071,0,8.0
-0.36149,0.97923,0.41449,-5.2465000000000004e-20,2587,-0.37591,1.1568,0,8.0
-0.47782,0.0,0.0,0.0,2632,-0.15643,0.98769,0,8.0
-0.12535,1.1467,0.23982,-4.8467e-20,2639,-0.17623,2.2362,0,8.0
-0.19609,1.1902,0.29713,-9.4829e-21,2643,-0.14304,1.8155,0,8.0
-0.34948,1.1537,0.32394,-1.2841e-19,2648,-0.10781,1.369,0,8.0
-0.41975,0.87215,0.22165,3.1466e-20,2650,-0.095424,1.212,0,8.0
-0.44647,0.62465,0.13787,5.5096e-20,2651,-0.089562,1.1377,0,8.0
0.24903,0.77415,-0.014252,-7.8806e-22,2660,-2.5997,0.0,0,8.0
0.3132,0.68604,-0.018767,5.8055e-22,2668,-2.1297,0.0,0,8.0
0.41612,0.51412,0.037256,-4.7905e-20,2679,-1.6271,0.12817,0,8.0
0.48671,0.34925,-0.032353,-3.3899e-22,2684,-1.3725,0.0,0,8.0
0.52728,0.20258,-0.035168,-1.3056e-20,2688,-1.2153,0.0,0,8.0
0.56166,0.049424,-0.023489,4.4173e-23,2692,-1.0692,0.0,0,8.0
0.57189,0.0,0.0,0.0,2695,-1.0,0.0,0,8.0
0.47191,0.36802,0.13707,4.0477e-20,2711,-1.3568,0.21499,0,8.0
0.52275,0.14203,0.15727,-1.8165e-20,2714,-1.1273,0.17859,0,8.0
0.54855,0.0,0.0,0.0,2716,-0.98769,0.15643,0,8.0
0.3894,0.54375,0.15962,-7.8698e-20,2729,-1.5885,0.38151,0,8.0
0.21671,0.81288,0.091765,-7.483899999999999e-21,2740,-2.6029,0.84595,0,8.0
0.31367,0.66905,0.16316,2.3611e-20,2747,-1.8296,0.59459,0,8.0
0.36461,0.5701,0.21598,6.1451e-20,2750,-1.5541,0.50503,0,8.0
0.41346,0.43166,0.29217,-6.251400000000001e-20,2753,-1.3071,0.42475,0,8.0
0.44217,0.21643,0.32731,8.5821e-20,2756,-1.0857,0.35279,0,8.0
0.45925,0.0,0.0,0.0,2758,-0.95106,0.30902,0,8.0
0.2956,0.6425,0.31405,-2.2040000000000002e-20,2792,-1.456,0.74178,0,8.0
0.31296,0.33065,0.45857,-1.6808e-19,2798,-1.0172,0.51827,0,8.0
0.31663,0.0,0.0,0.0,2800,-0.89101,0.45399,0,8.0
0.22225,0.77358,0.249,-4.684799999999999e-21,2809,-1.7284,1.0589,0,8.0
0.2532,0.68675,0.35416,2.3130000000000003e-20,2813,-1.393,0.85347,0,8.0
0.26082,0.59374,0.47127,5.2236e-20,2816,-1.1717,0.71792,0,8.0
0.15184,0.46671,0.53738,2.2186000000000003e-19,2840,-0.92341,0.67086,0,8.0
0.14026,0.0,0.0,0.0,2842,-0.80902,0.58779,0,8.0
0.12614,0.91192,0.16164,2.1601e-20,2844,-2.2843,1.9505,0,8.0
0.15787,0.78618,0.41374,-3.8353e-20,2855,-1.2411,1.0599,0,8.0
0.13236,0.72919,0.54239,-1.5455e-20,2858,-1.0442,0.89178,0,8.0
0.13868,0.90577,-0.0066294,-1.0136999999999998e-21,2912,-4.3358,0.0,0,8.0
0.17062,0.87075,0.020589,-6.504e-21,2951,-3.5732,0.46918,0,8.0
0.16522,0.87713,0.049331,-1.1299e-20,3011,-3.47,0.92747,0,8.0
0.076535,0.97509,0.075152,2.7418999999999998e-21,3372,-3.8187,3.4878,0,8.0
0.016761,1.0361,0.11093,-3.633e-23,4180,-1.5637,4.1771,0,8.0
-0.48075,0.0,0.0,0.0,4394,0.64945,-0.76041,0,8.0
-0.53136,0.0,0.0,0.0,4402,0.45399,-0.89101,0,8.0
-0.57811,0.0,0.0,0.0,4406,0.30902,-0.95106,0,8.0
-0.62641,0.0,0.0,0.0,4410,0.15643,-0.98769,0,8.0
-0.59064,0.82883,-0.11227,-3.2809e-20,4436,0.095424,-1.212,0,8.0
-0.48448,0.30723,0.0047831,1.7142e-20,4441,0.67593,-1.1031,0,8.0
-0.48934,0.61924,-0.0061672,1.2833e-20,4453,0.62391,-1.2246,0,8.0
-0.51696,1.2517,-0.26894,1.702e-19,4459,-8.2717e-17,-1.3725,0,8.0
-0.46873,1.2038,-0.11133,-3.7643e-20,4477,0.47729,-1.4687,0,8.0
-0.44791,0.46605,-0.020209,1.1057999999999998e-21,4483,1.1532,-1.1532,0,8.0
-0.45259,0.97375,-0.024032,-1.6310000000000002e-20,4485,0.85347,-1.393,0,8.0
-0.33056,1.2945,-0.24803,-3.6284e-20,4514,-1.8199e-16,-1.8196,0,8.0
-0.2379,1.2297,-0.19123,7.248100000000001e-20,4558,-2.7552e-16,-2.2408,0,8.0
-0.39069,1.302,0.040325,1.518e-20,4559,1.5316,-1.7937,0,8.0
-0.30684,1.2622,0.1241,-1.3867e-20,4615,2.1213,-2.1213,0,8.0
-0.41428,0.0,0.0,0.0,4627,0.98769,-0.15643,0,8.0
-0.43902,0.0,0.0,0.0,4631,0.95106,-0.30902,0,8.0
-0.45208,0.0,0.0,0.0,4635,0.89101,-0.45399,0,8.0
-0.46367,0.0,0.0,0.0,4641,0.76041,-0.64945,0,8.0
-0.43506,-0.034572,-0.17022,2.7937e-20,4646,1.0857,-0.35279,0,8.0
-0.45743,-0.02978,-0.055587,1.2964e-20,4651,0.86777,-0.74111,0,8.0
-0.41438,-0.032123,-0.23513,7.8579e-21,4653,1.201,-0.19028,0,8.0
-0.44394,-0.034011,-0.16372,-5.9245999999999996e-21,4657,1.0838,-0.5522,0,8.0
-0.4359,-0.027965,-0.2422,8.1800000000000005e-22,4664,1.2306,-0.39989,0,8.0
-0.44845,0.018561,-0.076901,4.8311999999999996e-21,4669,0.98326,-0.83971,0,8.0
-0.44381,0.0058429,-0.19825,-9.882899999999999e-21,4675,1.2246,-0.62391,0,8.0
-0.42665,-0.044509,-0.25456,-5.3097e-20,4680,1.4391,-0.22804,0,8.0
-0.44513,-0.00048786,-0.24914,1.3958e-20,4682,1.3864,-0.45054,0,8.0
-0.4437,0.14013,-0.072179,-2.2033e-21,4687,1.1075,-0.94578,0,8.0
-0.44362,-0.093224,-0.16789,-4.3488e-20,4715,1.8155,-0.14304,0,8.0
-0.49452,0.30522,-0.090126,-2.2121e-20,4729,1.7142,-0.87328,0,8.0
-0.5055,0.0065728,-0.059859,1.5197e-20,4743,2.1071,-0.33402,0,8.0
-0.53242,0.22595,-0.050642,-2.6231e-20,4745,2.0308,-0.65999,0,8.0
-0.51827,0.46282,-0.010112,-3.7669e-20,4747,1.9027,-0.96929,0,8.0
-0.48505,0.77973,0.040853,5.5928e-21,4749,1.7261,-1.2538,0,8.0
-0.55492,0.38781,0.12032,1.5376e-20,4772,2.3614,-0.76747,0,8.0
-0.55026,0.44847,0.18609,3.9095e-20,4781,2.4799,-0.80599,0,8.0
-0.42061,0.82745,0.39526,-1.5771e-20,4818,2.9753,-1.1514,0,8.0
-0.38366,0.20095,0.51318,1.2968e-19,4825,3.3622,-0.47016,0,8.0
-0.32536,1.0852,0.33875,-4.1327e-20,4830,2.9641,-1.5704,0,8.0
-0.29088,1.1997,0.22723,-1.8007e-20,4832,2.6869,-1.9499,0,8.0
-0.27067,0.35945,0.54809,9.9972e-21,4846,3.7419,-0.70079,0,8.0
-0.23524,0.87179,0.41557,-1.8057000000000002e-20,4849,3.5057,-1.3635,0,8.0
-0.24159,0.024916,0.59282,4.155e-20,4864,4.2628,-0.23492,0,8.0
-0.17872,0.26305,0.54417,8.8408e-21,4866,4.1971,-0.69968,0,8.0
-0.1365,0.60768,0.43178,-7.962599999999999e-21,4868,4.0596,-1.1477,0,8.0
-0.13367,0.86346,0.34115,1.0262e-20,4870,3.8541,-1.5676,0,8.0
-0.18207,0.090152,0.47104,-2.0014e-20,4885,4.728,-0.4678,0,8.0
-0.048264,0.60843,0.31813,-2.4105e-20,4889,4.4592,-1.3602,0,8.0
-0.073159,0.89998,0.22732,1.7422999999999997e-21,4892,4.0873,-1.9478,0,8.0
-0.038475,0.36494,0.34278,-1.8492e-20,4898,4.812,-1.1452,0,8.0
-0.069141,0.19155,0.29331,5.0124000000000004e-20,4907,5.1561,-0.92345,0,8.0
-0.12186,0.20927,0.088294,-6.1735e-20,4916,5.492,-0.6965,0,8.0
0.031116,0.64207,0.12009,2.9593e-20,4921,5.0459,-1.7602,0,8.0
-0.023388,0.25399,0.069282,5.6099e-20,4928,5.6516,-1.1424,0,8.0
-0.10837,0.35767,-0.24169,5.6529e-20,4936,6.08,-0.69506,0,8.0
0.038677,0.38034,0.023831,5.8766e-20,4940,5.762,-1.5616,0,8.0
-0.063521,0.39051,-0.29575,-8.6296e-20,4947,6.3357,-0.91989,0,8.0
0.054653,0.45588,-0.051186,8.5537e-21,4951,5.9608,-1.7579,0,8.0
-0.099782,0.59923,-0.56262,-1.1195e-20,4986,7.7527,-0.69096,0,8.0
-0.15069,0.60782,-0.5011,1.0093e-20,5005,8.5472,-0.46122,0,8.0
-0.13812,0.69105,-0.45551,2.3759e-21,5008,8.3977,-1.1332,0,8.0
-0.12856,0.92108,-0.24,3.3e-20,5021,8.5295,-1.7514,0,8.0
-0.21476,0.8317,-0.089937,-2.3761e-21,5027,9.2813,-0.91101,0,8.0
-0.1324,1.0588,0.40863,1.8605e-20,5059,10.499,-1.3395,0,8.0
-0.08124,0.87409,0.47187,1.1249e-21,5075,11.684,-0.45582,0,8.0
-0.059964,1.0062,0.37225,4.636e-21,5081,11.32,-1.7443,0,8.0
-0.066835,0.80382,0.43202,8.394e-21,5095,12.738,-0.454,0,8.0
0.0092979,0.9424,0.0032609,-8.4865e-21,5561,5.0613,-2.97,0,8.0
0.023393,0.93986,-0.032278,7.246699999999999e-21,5591,5.3695,-2.97,0,8.0
0.034045,0.94676,-0.070261,6.427599999999999e-21,5621,5.6893,-2.97,0,8.0
0.01701,0.99645,-0.050864,-7.419199999999999e-21,5623,5.6893,-3.4878,0,8.0
0.023142,1.0771,-0.16905,-7.453799999999999e-22,5741,7.0919,-2.97,0,8.0
0.005573,1.0912,-0.042017,5.6089999999999995e-22,5746,7.0919,-4.4072,0,8.0
0.0025573,1.0864,-0.028618,-3.5433e-22,5747,7.0919,-4.7572,0,8.0
-0.003319,1.072,-0.0048037,-2.3195e-22,5750,7.0919,-5.9596,0,8.0
-0.016021,1.1893,-0.11224,-3.2947999999999998e-21,5801,7.874,-2.97,0,8.0
-0.0022013,1.1579,-0.044685,-1.4590999999999998e-21,5804,7.874,-3.7739,0,8.0
-0.095566,1.2587,0.11404,-9.312599999999999e-21,5889,9.1598,-2.5172,0,8.0
-0.014868,1.1524,0.060779,-2.2060999999999997e-21,5895,9.1598,-4.08,0,8.0
-0.073209,1.1869,0.25394,6.063999999999999e-22,5949,10.099,-2.5172,0,8.0
-0.0271,1.1404,0.15293,3.2244e-21,5953,10.099,-3.4878,0,8.0
-0.0016159,1.0787,0.071091,-1.0692e-21,5958,10.099,-5.1314,0,8.0
-0.024605,1.0579,0.22914,-5.2693e-21,6011,11.109,-2.97,0,8.0
-0.0044103,1.0505,0.13846,-4.9647e-22,6015,11.109,-4.08,0,8.0
-0.010133,0.94882,0.23249,-1.4025e-20,6070,12.196,-2.736,0,8.0
0.0098268,0.99479,0.096989,0.0,6077,12.196,-4.7572,0,8.0
0.011598,1.0093,0.056077,-3.5396999999999996e-22,6080,12.196,-5.9596,0,8.0
-0.13482,1.1395,-0.2166,7.4554e-20,6745,-0.57975,-2.4134,0,8.0
0.036532,0.96867,-0.26988,-5.2377e-20,6748,-1.5316,-1.7937,0,8.0
0.061374,0.91235,-0.36235,-7.5556e-20,6789,-1.3571,-1.3571,0,8.0
0.037465,0.89041,-0.46787,5.0486e-20,6819,-1.1532,-1.1532,0,8.0
-0.053349,0.83478,-0.65341,6.053e-20,6859,-0.91393,-0.91393,0,8.0
-0.21389,0.99036,-0.64149,8.6793e-20,6860,-0.76021,-1.0465,0,8.0
-0.47134,1.0713,-0.50876,-1.9547e-20,6873,-0.46551,-1.1238,0,8.0
-0.58057,1.0482,-0.30669,5.5607e-20,6876,-0.19028,-1.201,0,8.0
-0.65569,0.38101,-0.067264,-5.2562e-20,6897,-0.083909,-1.066,0,8.0
-0.26508,0.0,0.0,0.0,6898,-0.64945,-0.76041,0,8.0
-0.44225,0.0,0.0,0.0,6901,-0.5225,-0.85264,0,8.0
-0.57292,0.0,0.0,0.0,6903,-0.38268,-0.92388,0,8.0
-0.66409,0.0,0.0,0.0,6906,-0.15643,-0.98769,0,8.0
-0.66813,0.0,0.0,0.0,6907,-0.078459,-0.99692,0,8.0
0.11427,0.91005,-0.17637,-1.8649e-20,6923,-2.3204,-1.6853,0,8.0
0.19929,0.8252,-0.11595,6.2907e-21,6929,-2.6029,-0.84595,0,8.0
0.31412,0.66323,-0.16148,-4.310299999999999e-21,6991,-1.87,-0.44916,0,8.0
0.22705,0.74869,-0.27624,-4.724699999999999e-21,6994,-1.7142,-0.87328,0,8.0
0.14886,0.8258,-0.33021,5.0451e-20,6996,-1.5553,-1.1297,0,8.0
0.40913,0.51925,-0.089954,4.2862e-20,7016,-1.6271,-0.12817,0,8.0
0.33668,0.59063,-0.26614,-5.8156e-20,7019,-1.5541,-0.50503,0,8.0
0.20618,0.69704,-0.43755,6.3943e-20,7031,-1.3165,-0.80663,0,8.0
0.45481,0.37965,-0.20114,-3.9074e-20,7044,-1.3568,-0.21499,0,8.0
0.38918,0.39626,-0.38658,-5.6258e-20,7055,-1.2306,-0.39989,0,8.0
0.19098,0.59338,-0.57322,9.7885e-20,7058,-1.1031,-0.67593,0,8.0
0.029861,0.75298,-0.63973,1.0687000000000001e-19,7060,-0.98326,-0.83971,0,8.0
0.50091,0.15287,-0.22295,2.8212e-20,7071,-1.1273,-0.17859,0,8.0
0.33026,0.17793,-0.33039,-1.4468e-19,7083,-0.98812,-0.40929,0,8.0
0.52503,0.0,0.0,0.0,7089,-0.98769,-0.15643,0,8.0
0.47619,0.0,0.0,0.0,7090,-0.97237,-0.23345,0,8.0
0.14822,0.0,0.0,0.0,7094,-0.85264,-0.5225,0,8.0
-0.060096,0.0,0.0,0.0,7096,-0.76041,-0.64945,0,8.0
0.16484,0.87443,-0.037944,5.2329e-21,7368,-3.5732,-0.46918,0,8.0
0.14619,0.89131,-0.078981,1.8657e-20,7371,-3.3916,-1.1488,0,8.0
0.057164,0.98277,-0.070725,-3.0502999999999997e-21,8062,-4.1311,-3.4878,0,8.0
-0.041983,1.068,-0.11172,1.3575e-20,8451,-1.1464,-3.8396,0,8.0
-0.090131,1.1099,-0.094853,2.5448e-20,8570,-0.23491,-3.8016,0,8.0
-0.064922,1.0885,-0.070377,-4.619899999999999e-21,8573,-0.23383,-4.5663,0,8.0
-0.37088,0.0,0.0,0.0,82,0.70711,0.70711,0,9.0
-0.3681,0.01079,0.008744,-2.7692e-20,87,0.85936,0.85936,0,9.0
-0.36786,0.17063,-0.010412,2.4216e-20,92,0.89178,1.0442,0,9.0
-0.32417,0.53353,-0.041242,-2.8062e-20,101,1.2866,1.2866,0,9.0
-0.23398,1.1087,0.034397,-2.54e-20,112,1.5316,1.7937,0,9.0
-0.17242,1.181,0.062855,-7.9325e-22,120,1.8605,2.1789,0,9.0
-0.38165,0.083208,0.00025578,-1.8094999999999998e-21,126,0.71472,0.98382,0,9.0
-0.40461,0.0,0.0,0.0,145,0.5225,0.85264,0,9.0
-0.3773,0.37932,-0.0043765,-1.2998e-20,149,0.71792,1.1717,0,9.0
-0.29849,1.1046,0.068414,-9.3426e-20,155,1.0047,1.6399,0,9.0
-0.39949,0.21524,-0.0095771,2.2340000000000003e-20,168,0.5522,1.0838,0,9.0
-0.38994,0.64555,0.030806,-2.1015e-20,191,0.52598,1.2698,0,9.0
-0.45233,0.0,0.0,0.0,208,0.30902,0.95106,0,9.0
-0.42312,0.40645,0.0051692,3.7742e-20,210,0.37591,1.1568,0,9.0
-0.31682,1.204,0.15634,1.1791e-20,216,0.5338,1.6426,0,9.0
-0.43584,0.51492,0.027639,6.5247e-20,231,0.28397,1.1826,0,9.0
-0.4017,0.90099,0.10649,-4.0853e-20,233,0.32087,1.3362,0,9.0
-0.28541,1.2421,0.1902,-6.2483e-20,238,0.42578,1.7727,0,9.0
-0.47559,0.48298,0.048636,-3.4822999999999996e-21,272,0.089562,1.1377,0,9.0
-0.43164,0.93083,0.16345,1.4462e-20,274,0.1015,1.289,0,9.0
-0.51485,0.0,0.0,0.0,292,0.0,1.0,0,9.0
-0.37579,0.0,0.0,0.0,313,1.0,0.0,0,9.0
-0.36854,-0.020998,-0.2091,-8.343899999999999e-21,319,1.212,0.095424,0,9.0
-0.3798,-0.036144,-0.25735,1.2754e-20,320,1.2925,0.0,0,9.0
-0.38541,-0.06763,-0.27866,2.9673e-20,324,1.4555,0.0,0,9.0
-0.37386,-0.081304,-0.2538,2.1776e-20,325,1.4519,0.11435,0,9.0
-0.38812,-0.15386,-0.25101,6.7637e-21,333,1.8155,0.14304,0,9.0
-0.43585,-0.1321,-0.2139,-4.9955e-21,338,2.1297,0.0,0,9.0
-0.46336,-0.093569,0.025932,1.4957e-20,348,2.7283,0.0,0,9.0
-0.35307,0.0,0.0,0.0,355,0.98769,0.15643,0,9.0
-0.36287,-0.21384,-0.19732,-8.210799999999999e-21,367,2.1071,0.33402,0,9.0
-0.35198,-0.022296,-0.14909,-2.2824999999999996e-21,378,1.1826,0.28397,0,9.0
-0.35285,-0.045198,-0.16956,-7.481799999999999e-21,379,1.258,0.30208,0,9.0
-0.35381,-0.092544,-0.19089,-7.091e-21,381,1.4172,0.34035,0,9.0
-0.3338,-0.14562,-0.1789,-9.0189e-22,406,1.7344,0.56364,0,9.0
-0.288,-0.1525,-0.15618,7.2191e-21,410,2.137,0.69452,0,9.0
-0.22945,-0.11693,-0.089973,-6.7914e-20,413,2.4799,0.80599,0,9.0
-0.20702,-0.095103,-0.057808,5.8425e-20,414,2.6029,0.84595,0,9.0
-0.33811,0.0,0.0,0.0,418,0.92388,0.38268,0,9.0
-0.28499,-0.075542,-0.1536,-4.4237000000000003e-20,430,1.973,0.81724,0,9.0
-0.34701,-0.027294,-0.051031,7.9543e-21,441,1.0838,0.5522,0,9.0
-0.34531,-0.058385,-0.095465,-1.6369e-20,444,1.2989,0.66178,0,9.0
-0.2319,0.12579,-0.12145,3.7905e-20,453,2.1054,1.0726,0,9.0
-0.34529,0.0,0.0,0.0,460,0.85264,0.5225,0,9.0
-0.32008,0.065867,-0.10997,-2.5846e-20,469,1.5546,0.95244,0,9.0
-0.35587,-0.02018,-0.0065253,-4.0337e-21,483,0.98382,0.71472,0,9.0
-0.35449,-0.0021666,-0.03453,1.5827e-20,485,1.1114,0.8074,0,9.0
-0.27161,0.41352,-0.08912,-6.4271e-20,493,1.7261,1.2538,0,9.0
-0.3587,-0.14219,0.23124,5.3907000000000003e-20,523,3.187,0.23587,0,9.0
-0.32578,0.058116,0.52597,-3.4536e-20,528,3.8141,0.0,0,9.0
-0.2556,0.09044,0.6176,5.4243e-21,532,4.2681,0.0,0,9.0
-0.23946,0.023753,0.59465,-2.0316e-20,533,4.2628,0.23492,0,9.0
-0.23285,0.21497,0.4347,-4.0259e-20,540,5.282,0.0,0,9.0
-0.27955,0.39695,0.19691,4.1019e-20,543,5.5544,0.23377,0,9.0
-0.2744,0.59048,-0.16886,3.5129e-20,547,6.1409,0.23326,0,9.0
-0.22366,0.57039,-0.28086,-1.3839000000000002e-19,548,6.4555,0.0,0,9.0
-0.12626,0.71725,-0.54715,2.2265e-20,554,7.4555,0.0,0,9.0
-0.090367,0.71447,-0.50501,6.9515e-21,561,8.5669,0.23111,0,9.0
-0.11107,0.62558,-0.46166,-1.8171e-20,565,9.382,0.23039,0,9.0
-0.1696,0.71746,0.099048,1.5292e-20,570,10.726,0.0,0,9.0
-0.07401,0.82299,0.47368,-1.2913e-20,626,12.738,0.454,0,9.0
-0.18518,0.10166,0.46225,2.4403e-20,641,4.1971,0.69968,0,9.0
-0.22866,0.29813,0.4126,-3.7720000000000004e-20,643,4.6868,0.69847,0,9.0
-0.26478,0.86745,-0.3881,2.5347e-20,649,6.3905,0.6943,0,9.0
-0.10345,0.83932,-0.51928,-1.4356e-20,653,7.7527,0.69096,0,9.0
-0.086844,0.7395,0.35791,2.705e-21,662,11.654,0.68139,0,9.0
-0.13735,-0.0040117,0.16395,2.5115e-20,675,3.2568,0.92918,0,9.0
-0.13313,0.082081,0.29859,1.05e-20,677,3.6808,0.9279,0,9.0
-0.28425,0.65925,0.14145,-4.8924e-21,683,5.1561,0.92345,0,9.0
-0.11537,0.16178,0.054066,-7.895099999999999e-21,712,2.9753,1.1514,0,9.0
-0.13776,0.38378,0.28603,1.4712e-20,717,4.0596,1.1477,0,9.0
-0.28337,1.0172,-0.281,3.9726e-20,724,5.9526,1.1414,0,9.0
-0.05103,0.69938,-0.36205,1.0064e-20,733,9.2192,1.1304,0,9.0
-0.18551,0.7164,0.1808,-2.4830000000000002e-20,757,4.4592,1.3602,0,9.0
-0.27197,0.98663,-0.05306,3.3481e-20,760,5.2716,1.3574,0,9.0
-0.12245,1.0064,-0.46294,1.6705e-20,766,7.19,1.3508,0,9.0
-0.054489,0.83962,-0.39128,-6.8791e-21,769,8.319,1.347,0,9.0
-0.050627,0.58307,-0.11023,-8.9669e-20,774,10.499,1.3395,0,9.0
-0.086279,0.64615,0.10728,6.9454e-21,791,3.3928,1.5691,0,9.0
-0.11466,0.72133,0.1489,-7.9906e-21,793,3.8541,1.5676,0,9.0
-0.2285,1.0124,0.016749,7.1078e-20,797,4.8843,1.5643,0,9.0
-0.22286,1.1788,-0.34297,-1.7732e-20,801,6.0767,1.5606,0,9.0
-0.033812,0.66364,0.1835,-8.460000000000001e-21,814,11.41,1.5437,0,9.0
-0.099446,0.86908,0.047428,1.0616000000000001e-20,828,2.8331,1.7658,0,9.0
-0.10728,1.0394,0.089491,-1.3651e-20,871,3.586,1.9485,0,9.0
-0.13877,1.1017,0.069804,-1.1271999999999999e-21,873,4.0873,1.9478,0,9.0
-0.19545,1.2316,-0.066148,-1.601e-20,876,4.9116,1.9466,0,9.0
-0.20037,1.266,-0.20522,6.7044e-20,878,5.5135,1.9457,0,9.0
-0.097004,1.1196,-0.30057,-2.3969e-20,961,6.7218,2.3126,0,9.0
-0.1401,1.2772,-0.11047,2.0303e-20,996,5.0613,2.5172,0,9.0
-0.13086,1.24,-0.19553,1.0991e-20,998,5.6893,2.5172,0,9.0
-0.050967,1.0152,-0.27549,-1.2202e-20,1003,7.4758,2.5172,0,9.0
0.015284,0.7708,-0.088255,-6.9592e-22,1049,10.099,2.736,0,9.0
0.020466,0.70953,0.038557,-1.0476e-20,1051,11.109,2.736,0,9.0
0.0048639,0.86648,-0.15184,2.259e-21,1087,9.1598,2.97,0,9.0
0.020743,0.7805,0.20317,9.676e-21,1093,12.196,2.97,0,9.0
-0.095975,1.2084,-0.089529,-3.6885999999999995e-21,1116,5.0613,3.2202,0,9.0
-0.044473,1.082,-0.14906,-3.5813e-21,1201,6.7218,3.7739,0,9.0
0.0099956,0.93489,-0.084997,3.965699999999999e-21,1247,9.1598,4.08,0,9.0
0.031665,0.89821,0.052894,7.3149e-22,1251,11.109,4.08,0,9.0
-0.029066,1.0668,-0.094733,2.3095e-21,1321,6.7218,4.7572,0,9.0
0.028986,0.9908,0.093868,0.0,1333,12.196,4.7572,0,9.0
-0.08392,1.1134,0.14631,3.008e-20,2145,-4.3934e-16,3.1819,0,9.0
-0.057876,1.0971,0.11724,-1.5307e-20,2175,-4.2301e-16,3.807,0,9.0
-0.04403,1.088,0.099637,-7.9311e-21,2195,-4.1015e-16,4.2993,0,9.0
0.10808,0.895,0.26394,4.0842e-20,2456,-1.5845,1.5845,0,9.0
0.093783,0.84172,0.43111,-4.6104e-20,2468,-1.1532,1.1532,0,9.0
-0.017484,0.87382,0.56925,-4.6137e-20,2475,-0.89178,1.0442,0,9.0
-0.085601,0.79355,0.61143,-6.316699999999999e-21,2479,-0.78951,0.92446,0,9.0
-0.15371,0.0,0.0,0.0,2484,-0.64945,0.76041,0,9.0
-0.028792,0.94847,0.4833,6.5255e-20,2499,-0.90709,1.2487,0,9.0
-0.14544,1.0049,0.55308,8.6797e-21,2522,-0.71792,1.1717,0,9.0
-0.31452,0.0,0.0,0.0,2527,-0.5225,0.85264,0,9.0
-0.010562,1.0189,0.2608,-1.5047e-20,2533,-1.0726,2.1054,0,9.0
-0.29492,0.95679,0.52441,-1.3697e-20,2545,-0.5522,1.0838,0,9.0
-0.43255,0.0,0.0,0.0,2569,-0.38268,0.92388,0,9.0
-0.29712,1.1462,0.46331,6.0822e-21,2585,-0.42475,1.3071,0,9.0
-0.39099,0.99153,0.41546,-5.4429e-20,2587,-0.37591,1.1568,0,9.0
-0.51497,0.0,0.0,0.0,2632,-0.15643,0.98769,0,9.0
-0.14564,1.1471,0.23117,-5.2956e-20,2639,-0.17623,2.2362,0,9.0
-0.22135,1.1943,0.28806,-1.0161e-20,2643,-0.14304,1.8155,0,9.0
-0.38289,1.1677,0.31899,-1.3683e-19,2648,-0.10781,1.369,0,9.0
-0.45703,0.89096,0.22098,2.7267e-20,2650,-0.095424,1.212,0,9.0
-0.48515,0.64224,0.13856,5.377000000000001e-20,2651,-0.089562,1.1377,0,9.0
0.24724,0.77415,-0.015324,-6.3593e-22,2660,-2.5997,0.0,0,9.0
0.31138,0.68605,-0.019614,4.8225e-22,2668,-2.1297,0.0,0,9.0
0.41324,0.51432,0.036964,-4.7185e-20,2679,-1.6271,0.12817,0,9.0
0.48485,0.34925,-0.032125,-3.4351999999999996e-22,2684,-1.3725,0.0,0,9.0
0.52543,0.20258,-0.034332,-1.0355e-20,2688,-1.2153,0.0,0,9.0
0.55983,0.049425,-0.02217,3.0424e-23,2692,-1.0692,0.0,0,9.0
0.57006,0.0,0.0,0.0,2695,-1.0,0.0,0,9.0
0.46795,0.36844,0.13731,4.0691000000000003e-20,2711,-1.3568,0.21499,0,9.0
0.51876,0.14242,0.1586,-1.9275e-20,2714,-1.1273,0.17859,0,9.0
0.54456,0.0,0.0,0.0,2716,-0.98769,0.15643,0,9.0
0.38445,0.54433,0.15928,-8.0348e-20,2729,-1.5885,0.38151,0,9.0
0.2116,0.81311,0.090479,-7.256799999999999e-21,2740,-2.6029,0.84595,0,9.0
0.30786,0.66968,0.16234,2.2459000000000002e-20,2747,-1.8296,0.59459,0,9.0
0.35858,0.57089,0.2156,6.1591e-20,2750,-1.5541,0.50503,0,9.0
0.40729,0.43254,0.29244,-6.2118e-20,2753,-1.3071,0.42475,0,9.0
0.43586,0.21732,0.32887,8.7455e-20,2756,-1.0857,0.35279,0,9.0
0.45289,0.0,0.0,0.0,2758,-0.95106,0.30902,0,9.0
0.28732,0.64377,0.31352,-2.1411000000000002e-20,2792,-1.456,0.74178,0,9.0
0.30399,0.33227,0.46049,-1.7145e-19,2798,-1.0172,0.51827,0,9.0
0.30753,0.0,0.0,0.0,2800,-0.89101,0.45399,0,9.0
0.21346,0.77464,0.24767,-3.9348e-21,2809,-1.7284,1.0589,0,9.0
0.24372,0.6883,0.3535,2.2881e-20,2813,-1.393,0.85347,0,9.0
0.25089,0.5956,0.47151,5.3733e-20,2816,-1.1717,0.71792,0,9.0
0.13971,0.4694,0.53972,2.2617e-19,2840,-0.92341,0.67086,0,9.0
0.12788,0.0,0.0,0.0,2842,-0.80902,0.58779,0,9.0
0.11753,0.91203,0.15961,2.2663e-20,2844,-2.2843,1.9505,0,9.0
0.14584,0.78838,0.41272,-3.9699e-20,2855,-1.2411,1.0599,0,9.0
0.1195,0.73197,0.54249,-1.5552e-20,2858,-1.0442,0.89178,0,9.0
0.137,0.90576,-0.0075198,-6.236799999999999e-22,2912,-4.3358,0.0,0,9.0
0.16777,0.87075,0.019501,-6.250799999999999e-21,2951,-3.5732,0.46918,0,9.0
0.16124,0.87712,0.048164,-1.1877e-20,3011,-3.47,0.92747,0,9.0
0.070633,0.9744,0.074099,2.7484999999999998e-21,3372,-3.8187,3.4878,0,9.0
0.0082552,1.0339,0.10903,3.0321e-22,4180,-1.5637,4.1771,0,9.0
-0.43704,0.0,0.0,0.0,4394,0.64945,-0.76041,0,9.0
-0.48748,0.0,0.0,0.0,4402,0.45399,-0.89101,0,9.0
-0.53468,0.0,0.0,0.0,4406,0.30902,-0.95106,0,9.0
-0.58463,0.0,0.0,0.0,4410,0.15643,-0.98769,0,9.0
-0.55231,0.80599,-0.11499,-2.1261e-20,4436,0.095424,-1.212,0,9.0
-0.44154,0.28038,-0.0036386,1.8396e-20,4441,0.67593,-1.1031,0,9.0
-0.44722,0.58716,-0.016419,1.0942e-20,4453,0.62391,-1.2246,0,9.0
-0.48499,1.2361,-0.27489,1.6013e-19,4459,-8.2717e-17,-1.3725,0,9.0
-0.43279,1.1837,-0.1243,-3.7339e-20,4477,0.47729,-1.4687,0,9.0
-0.3989,0.41989,-0.036373,-1.2425999999999998e-21,4483,1.1532,-1.1532,0,9.0
-0.41159,0.94131,-0.040522,-1.1328e-20,4485,0.85347,-1.393,0,9.0
-0.30767,1.2904,-0.25814,-3.4140000000000003e-20,4514,-1.8199e-16,-1.8196,0,9.0
-0.22038,1.2295,-0.20076,6.7646e-20,4558,-2.7552e-16,-2.2408,0,9.0
-0.36659,1.3047,0.005741,7.829199999999999e-21,4559,1.5316,-1.7937,0,9.0
-0.3117,1.3003,0.099126,-1.5206e-20,4615,2.1213,-2.1213,0,9.0
-0.39789,0.0,0.0,0.0,4627,0.98769,-0.15643,0,9.0
-0.4114,0.0,0.0,0.0,4631,0.95106,-0.30902,0,9.0
-0.41574,0.0,0.0,0.0,4635,0.89101,-0.45399,0,9.0
-0.4209,0.0,0.0,0.0,4641,0.76041,-0.64945,0,9.0
-0.40651,-0.02932,-0.15905,1.9761e-20,4646,1.0857,-0.35279,0,9.0
-0.41555,-0.032701,-0.050603,1.1546e-20,4651,0.86777,-0.74111,0,9.0
-0.39581,-0.024928,-0.24278,5.629499999999999e-21,4653,1.201,-0.19028,0,9.0
-0.4067,-0.032435,-0.15341,-3.7481999999999995e-21,4657,1.0838,-0.5522,0,9.0
-0.40443,-0.02173,-0.25008,5.3791e-22,4664,1.2306,-0.39989,0,9.0
-0.40552,0.0035343,-0.073895,4.047899999999999e-21,4669,0.98326,-0.83971,0,9.0
-0.40239,0.0011582,-0.20439,-1.6606999999999998e-21,4675,1.2246,-0.62391,0,9.0
-0.40377,-0.030211,-0.30328,-3.664e-20,4680,1.4391,-0.22804,0,9.0
-0.40876,0.006944,-0.28266,1.0511e-20,4682,1.3864,-0.45054,0,9.0
-0.3971,0.10992,-0.077445,-1.5832999999999998e-21,4687,1.1075,-0.94578,0,9.0
-0.42766,-0.067351,-0.27747,-4.4541e-20,4715,1.8155,-0.14304,0,9.0
-0.43854,0.28315,-0.15563,-1.6075e-20,4729,1.7142,-0.87328,0,9.0
-0.48538,0.046998,-0.20329,1.0188000000000001e-20,4743,2.1071,-0.33402,0,9.0
-0.49112,0.24394,-0.16486,-2.5862e-20,4745,2.0308,-0.65999,0,9.0
-0.46649,0.43372,-0.094975,-5.3640000000000006e-20,4747,1.9027,-0.96929,0,9.0
-0.43652,0.72827,-0.01647,-1.6115e-20,4749,1.7261,-1.2538,0,9.0
-0.53846,0.41219,-0.023803,1.2862e-20,4772,2.3614,-0.76747,0,9.0
-0.54849,0.47759,0.037398,-1.9254e-20,4781,2.4799,-0.80599,0,9.0
-0.48815,0.91158,0.32313,-3.6198e-20,4818,2.9753,-1.1514,0,9.0
-0.47159,0.34257,0.41211,1.2208e-19,4825,3.3622,-0.47016,0,9.0
-0.38163,1.1758,0.31687,-2.7008e-20,4830,2.9641,-1.5704,0,9.0
-0.3203,1.2662,0.21064,-2.5824e-20,4832,2.6869,-1.9499,0,9.0
-0.36226,0.55135,0.54165,4.8039e-21,4846,3.7419,-0.70079,0,9.0
-0.3212,1.0092,0.4385,-1.5745e-20,4849,3.5057,-1.3635,0,9.0
-0.25927,0.20996,0.61483,4.7643e-20,4864,4.2628,-0.23492,0,9.0
-0.24086,0.51177,0.57102,4.9840000000000007e-20,4866,4.1971,-0.69968,0,9.0
-0.21948,0.79407,0.49812,-2.9402e-21,4868,4.0596,-1.1477,0,9.0
-0.20998,0.99014,0.40357,2.2904e-20,4870,3.8541,-1.5676,0,9.0
-0.1774,0.28385,0.58972,-5.3333e-20,4885,4.728,-0.4678,0,9.0
-0.11615,0.77986,0.40685,-2.9267e-20,4889,4.4592,-1.3602,0,9.0
-0.13177,0.98258,0.30135,-1.1471999999999998e-21,4892,4.0873,-1.9478,0,9.0
-0.083625,0.60899,0.41184,2.132e-21,4898,4.812,-1.1452,0,9.0
-0.078461,0.40387,0.43692,2.9196000000000003e-20,4907,5.1561,-0.92345,0,9.0
-0.10814,0.24572,0.41243,-4.7885e-20,4916,5.492,-0.6965,0,9.0
-0.020415,0.75653,0.22864,4.8885e-20,4921,5.0459,-1.7602,0,9.0
-0.030695,0.36526,0.29738,2.7893e-20,4928,5.6516,-1.1424,0,9.0
-0.11366,0.2907,0.1144,5.7629e-20,4936,6.08,-0.69506,0,9.0
0.016922,0.51725,0.17297,2.3943e-20,4940,5.762,-1.5616,0,9.0
-0.069846,0.32799,0.0083362,-1.0521000000000001e-19,4947,6.3357,-0.91989,0,9.0
0.034491,0.55638,0.095768,-2.6034999999999996e-21,4951,5.9608,-1.7579,0,9.0
-0.079512,0.62812,-0.50715,-2.5366e-21,4986,7.7527,-0.69096,0,9.0
-0.098766,0.67216,-0.54664,1.7564e-22,5005,8.5472,-0.46122,0,9.0
-0.072254,0.65257,-0.52387,-4.0162e-21,5008,8.3977,-1.1332,0,9.0
-0.046741,0.71076,-0.44556,3.0204e-20,5021,8.5295,-1.7514,0,9.0
-0.14284,0.70627,-0.47214,-4.3126e-21,5027,9.2813,-0.91101,0,9.0
-0.19138,1.0268,0.16109,2.6307000000000002e-20,5059,10.499,-1.3395,0,9.0
-0.12574,0.89257,0.45008,-1.4538999999999999e-21,5075,11.684,-0.45582,0,9.0
-0.10917,1.1048,0.36891,1.2549e-20,5081,11.32,-1.7443,0,9.0
-0.074947,0.86776,0.45631,2.0223e-22,5095,12.738,-0.454,0,9.0
-0.013967,0.93454,0.080989,-9.2966e-21,5561,5.0613,-2.97,0,9.0
0.0037705,0.91557,0.050185,1.4533999999999999e-22,5591,5.3695,-2.97,0,9.0
0.019561,0.90274,0.013506,5.7022e-21,5621,5.6893,-2.97,0,9.0
0.0091038,0.95506,0.0038097,-6.222e-21,5623,5.6893,-3.4878,0,9.0
0.046834,0.93984,-0.15791,3.5388999999999994e-21,5741,7.0919,-2.97,0,9.0
0.015321,1.0407,-0.053248,6.9422e-22,5746,7.0919,-4.4072,0,9.0
0.010402,1.0467,-0.03962,-1.7809e-21,5747,7.0919,-4.7572,0,9.0
0.00046716,1.054,-0.012954,-6.969099999999999e-22,5750,7.0919,-5.9596,0,9.0
0.027477,1.0201,-0.20132,-2.0601e-21,5801,7.874,-2.97,0,9.0
0.020352,1.0889,-0.10337,-1.3247e-21,5804,7.874,-3.7739,0,9.0
-0.065795,1.1158,-0.14051,-3.1238e-21,5889,9.1598,-2.5172,0,9.0
-0.00384,1.1597,-0.012716,1.0381999999999999e-21,5895,9.1598,-4.08,0,9.0
-0.098543,1.2425,0.12024,-3.0073999999999997e-22,5949,10.099,-2.5172,0,9.0
-0.031656,1.2069,0.085115,6.185299999999999e-21,5953,10.099,-3.4878,0,9.0
-0.00039267,1.1012,0.041801,-1.0620999999999999e-21,5958,10.099,-5.1314,0,9.0
-0.04466,1.1552,0.214,-7.526099999999999e-21,6011,11.109,-2.97,0,9.0
-0.011227,1.1076,0.12038,-4.3617e-22,6015,11.109,-4.08,0,9.0
-0.026395,1.0333,0.25507,-1.926e-20,6070,12.196,-2.736,0,9.0
0.0039584,1.0355,0.1034,0.0,6077,12.196,-4.7572,0,9.0
0.0083114,1.0323,0.060051,-5.177899999999999e-22,6080,12.196,-5.9596,0,9.0
-0.12174,1.1396,-0.22252,7.0901e-20,6745,-0.57975,-2.4134,0,9.0
0.044915,0.96768,-0.27252,-5.0070000000000005e-20,6748,-1.5316,-1.7937,0,9.0
0.070043,0.91053,-0.36426,-7.3691e-20,6789,-1.3571,-1.3571,0,9.0
0.047099,0.88789,-0.46913,4.9276e-20,6819,-1.1532,-1.1532,0,9.0
-0.042181,0.83117,-0.65275,5.9669e-20,6859,-0.91393,-0.91393,0,9.0
-0.19889,0.98514,-0.64113,8.506000000000001e-20,6860,-0.76021,-1.0465,0,9.0
-0.44812,1.0611,-0.50761,-1.8526e-20,6873,-0.46551,-1.1238,0,9.0
-0.54929,1.0319,-0.30688,5.3674e-20,6876,-0.19028,-1.201,0,9.0
-0.61943,0.36906,-0.066438,-4.7404e-20,6897,-0.083909,-1.066,0,9.0
-0.25001,0.0,0.0,0.0,6898,-0.64945,-0.76041,0,9.0
-0.42214,0.0,0.0,0.0,6901,-0.5225,-0.85264,0,9.0
-0.54726,0.0,0.0,0.0,6903,-0.38268,-0.92388,0,9.0
-0.6301,0.0,0.0,0.0,6906,-0.15643,-0.98769,0,9.0
-0.63169,0.0,0.0,0.0,6907,-0.078459,-0.99692,0,9.0
0.11892,0.90978,-0.17821,-1.8470000000000003e-20,6923,-2.3204,-1.6853,0,9.0
0.20083,0.82497,-0.11723,6.502599999999999e-21,6929,-2.6029,-0.84595,0,9.0
0.31524,0.66277,-0.16223,-5.4044e-21,6991,-1.87,-0.44916,0,9.0
0.23125,0.74771,-0.27726,-4.043399999999999e-21,6994,-1.7142,-0.87328,0,9.0
0.15524,0.82442,-0.33158,4.9318e-20,6996,-1.5553,-1.1297,0,9.0
0.4083,0.51907,-0.090246,4.3583e-20,7016,-1.6271,-0.12817,0,9.0
0.33899,0.58985,-0.26652,-5.8003e-20,7019,-1.5541,-0.50503,0,9.0
0.21207,0.69541,-0.43795,6.2442e-20,7031,-1.3165,-0.80663,0,9.0
0.45506,0.37925,-0.2009,-3.8868e-20,7044,-1.3568,-0.21499,0,9.0
0.39168,0.39537,-0.386,-5.521000000000001e-20,7055,-1.2306,-0.39989,0,9.0
0.19735,0.59144,-0.57251,9.6511e-20,7058,-1.1031,-0.67593,0,9.0
0.039305,0.75002,-0.63901,1.0538000000000001e-19,7060,-0.98326,-0.83971,0,9.0
0.50122,0.15248,-0.22163,2.7102000000000002e-20,7071,-1.1273,-0.17859,0,9.0
0.33426,0.17696,-0.32859,-1.4287e-19,7083,-0.98812,-0.40929,0,9.0
0.52536,0.0,0.0,0.0,7089,-0.98769,-0.15643,0,9.0
0.47767,0.0,0.0,0.0,7090,-0.97237,-0.23345,0,9.0
0.15526,0.0,0.0,0.0,7094,-0.85264,-0.5225,0,9.0
-0.049421,0.0,0.0,0.0,7096,-0.76041,-0.64945,0,9.0
0.16426,0.87442,-0.03903,5.4693e-21,7368,-3.5732,-0.46918,0,9.0
0.14731,0.89131,-0.080201,1.8179000000000002e-20,7371,-3.3916,-1.1488,0,9.0
0.059482,0.98337,-0.071655,-3.0406e-21,8062,-4.1311,-3.4878,0,9.0
-0.035461,1.0704,-0.11437,1.3659000000000002e-20,8451,-1.1464,-3.8396,0,9.0
-0.082924,1.1143,-0.098273,2.4063e-20,8570,-0.23491,-3.8016,0,9.0
-0.059928,1.0927,-0.071826,-4.375599999999999e-21,8573,-0.23383,-4.5663,0,9.0
-0.4239,0.0,0.0,0.0,82,0.70711,0.70711,0,10.0
-0.4194,0.019745,0.019449,-2.8365e-20,87,0.85936,0.85936,0,10.0
-0.42085,0.20221,-0.0087418,1.9393e-20,92,0.89178,1.0442,0,10.0
-0.38653,0.60788,-0.056784,-2.557e-20,101,1.2866,1.2866,0,10.0
-0.27913,1.1387,-0.0062998,-3.0788e-20,112,1.5316,1.7937,0,10.0
-0.19643,1.1706,0.019174,-6.680899999999999e-22,120,1.8605,2.1789,0,10.0
-0.43407,0.09953,-0.001065,3.2126e-22,126,0.71472,0.98382,0,10.0
-0.45912,0.0,0.0,0.0,145,0.5225,0.85264,0,10.0
-0.43031,0.41853,-0.011121,-1.3985e-20,149,0.71792,1.1717,0,10.0
-0.34715,1.1431,0.044697,-1.0122000000000001e-19,155,1.0047,1.6399,0,10.0
-0.45327,0.24012,-0.015131,2.3249e-20,168,0.5522,1.0838,0,10.0
-0.44274,0.68873,0.022643,-2.3309e-20,191,0.52598,1.2698,0,10.0
-0.50861,0.0,0.0,0.0,208,0.30902,0.95106,0,10.0
-0.47781,0.43817,5.4127e-05,3.8424e-20,210,0.37591,1.1568,0,10.0
-0.36095,1.2308,0.13914,1.2774e-20,216,0.5338,1.6426,0,10.0
-0.49049,0.54846,0.02359,6.7602e-20,231,0.28397,1.1826,0,10.0
-0.45297,0.94113,0.099476,-4.3585e-20,233,0.32087,1.3362,0,10.0
-0.32523,1.2604,0.17262,-6.8705e-20,238,0.42578,1.7727,0,10.0
-0.53026,0.50977,0.04799,3.8437999999999995e-21,272,0.089562,1.1377,0,10.0
-0.48255,0.96637,0.16058,1.7733e-20,274,0.1015,1.289,0,10.0
-0.56964,0.0,0.0,0.0,292,0.0,1.0,0,10.0
-0.35863,0.0,0.0,0.0,313,1.0,0.0,0,10.0
-0.36117,-0.029076,-0.16401,-6.8705e-21,319,1.212,0.095424,0,10.0
-0.36287,-0.042722,-0.22076,6.998199999999999e-22,320,1.2925,0.0,0,10.0
-0.36647,-0.076194,-0.26481,1.2575999999999998e-21,324,1.4555,0.0,0,10.0
-0.36592,-0.091249,-0.23881,1.0573e-20,325,1.4519,0.11435,0,10.0
-0.37732,-0.16182,-0.30023,7.432499999999999e-21,333,1.8155,0.14304,0,10.0
-0.40608,-0.13623,-0.32447,2.2350999999999996e-21,338,2.1297,0.0,0,10.0
-0.45366,-0.077493,-0.18794,4.5189e-21,348,2.7283,0.0,0,10.0
-0.35443,0.0,0.0,0.0,355,0.98769,0.15643,0,10.0
-0.37039,-0.21574,-0.30935,-1.2236e-20,367,2.1071,0.33402,0,10.0
-0.36479,-0.03432,-0.10132,6.6414999999999994e-21,378,1.1826,0.28397,0,10.0
-0.36659,-0.056455,-0.12797,6.511e-21,379,1.258,0.30208,0,10.0
-0.36989,-0.10108,-0.17132,1.4447999999999998e-22,381,1.4172,0.34035,0,10.0
-0.37152,-0.1366,-0.21473,-1.7813e-20,406,1.7344,0.56364,0,10.0
-0.33187,-0.13444,-0.27094,1.0227999999999998e-21,410,2.137,0.69452,0,10.0
-0.26857,-0.10531,-0.26493,-7.5307e-20,413,2.4799,0.80599,0,10.0
-0.24154,-0.090214,-0.2489,6.8535e-20,414,2.6029,0.84595,0,10.0
-0.36909,0.0,0.0,0.0,418,0.92388,0.38268,0,10.0
-0.34228,-0.031916,-0.23027,-4.312e-20,430,1.973,0.81724,0,10.0
-0.38639,-0.034056,-0.0087269,1.2067e-20,441,1.0838,0.5522,0,10.0
-0.39177,-0.043201,-0.068294,4.0666999999999996e-22,444,1.2989,0.66178,0,10.0
-0.29453,0.20735,-0.20899,4.6111e-20,453,2.1054,1.0726,0,10.0
-0.39049,0.0,0.0,0.0,460,0.85264,0.5225,0,10.0
-0.38636,0.13407,-0.12134,-1.9332000000000002e-20,469,1.5546,0.95244,0,10.0
-0.40432,-0.018512,0.021605,-4.0107e-21,483,0.98382,0.71472,0,10.0
-0.40636,0.018942,-0.0089897,1.2927e-20,485,1.1114,0.8074,0,10.0
-0.34067,0.51019,-0.12944,-7.0915e-20,493,1.7261,1.2538,0,10.0
-0.38961,-0.11849,-0.013275,3.6077e-20,523,3.187,0.23587,0,10.0
-0.38806,0.14146,0.36899,-4.1981e-20,528,3.8141,0.0,0,10.0
-0.30085,0.22396,0.53594,-1.6001e-20,532,4.2681,0.0,0,10.0
-0.26469,0.10709,0.4968,-5.5924e-20,533,4.2628,0.23492,0,10.0
-0.18472,0.25558,0.62775,-1.5867e-20,540,5.282,0.0,0,10.0
-0.20145,0.25804,0.5604,2.94e-20,543,5.5544,0.23377,0,10.0
-0.24209,0.4249,0.27467,-3.3003e-20,547,6.1409,0.23326,0,10.0
-0.22457,0.44014,0.14128,-1.7696e-19,548,6.4555,0.0,0,10.0
-0.1752,0.68619,-0.40359,5.4155e-20,554,7.4555,0.0,0,10.0
-0.09711,0.79336,-0.52788,-2.8677e-21,561,8.5669,0.23111,0,10.0
-0.084456,0.74065,-0.48953,-6.316899999999999e-21,565,9.382,0.23039,0,10.0
-0.1483,0.65892,-0.31169,1.0526e-20,570,10.726,0.0,0,10.0
-0.089179,0.7926,0.41479,-2.2595e-20,626,12.738,0.454,0,10.0
-0.15779,-0.0035624,0.38097,1.6473e-20,641,4.1971,0.69968,0,10.0
-0.14982,0.11438,0.5114,-8.043699999999999e-21,643,4.6868,0.69847,0,10.0
-0.28088,0.73295,-0.034773,2.5284e-20,649,6.3905,0.6943,0,10.0
-0.15531,0.91155,-0.51449,-1.9022000000000002e-20,653,7.7527,0.69096,0,10.0
-0.10688,0.65408,0.063597,7.544099999999999e-21,662,11.654,0.68139,0,10.0
-0.14206,-0.076062,-0.058714,5.4022e-20,675,3.2568,0.92918,0,10.0
-0.11447,-0.043908,0.12005,5.8076e-21,677,3.6808,0.9279,0,10.0
-0.16319,0.37046,0.42731,-1.6451e-20,683,5.1561,0.92345,0,10.0
-0.12224,0.13018,-0.12687,-9.8258e-21,712,2.9753,1.1514,0,10.0
-0.057407,0.15305,0.22824,2.7291e-20,717,4.0596,1.1477,0,10.0
-0.25461,0.84319,0.048181,3.3166e-20,724,5.9526,1.1414,0,10.0
-0.054749,0.81864,-0.40084,4.6452e-21,733,9.2192,1.1304,0,10.0
-0.060428,0.43206,0.26476,-2.1379e-20,757,4.4592,1.3602,0,10.0
-0.16748,0.73037,0.21654,3.7745e-20,760,5.2716,1.3574,0,10.0
-0.18149,1.1008,-0.41884,2.0042e-20,766,7.19,1.3508,0,10.0
-0.080869,0.94926,-0.434,-6.6066e-22,769,8.319,1.347,0,10.0
-0.043681,0.66214,-0.29155,-7.1672e-20,774,10.499,1.3395,0,10.0
-0.033748,0.54436,0.01774,-1.3460000000000002e-20,791,3.3928,1.5691,0,10.0
-0.022363,0.5294,0.11336,-1.1958e-20,793,3.8541,1.5676,0,10.0
-0.10983,0.75299,0.20373,7.3676e-20,797,4.8843,1.5643,0,10.0
-0.2277,1.1129,-0.1193,-4.1841e-20,801,6.0767,1.5606,0,10.0
-0.038369,0.61564,-0.076931,-6.715599999999999e-21,814,11.41,1.5437,0,10.0
-0.090805,0.84863,-0.025,3.4121e-20,828,2.8331,1.7658,0,10.0
-0.039001,0.91678,0.078425,-8.3625e-21,871,3.586,1.9485,0,10.0
-0.044526,0.92902,0.12026,-4.8374999999999996e-21,873,4.0873,1.9478,0,10.0
-0.11102,1.063,0.097147,1.667e-20,876,4.9116,1.9466,0,10.0
-0.16308,1.1866,-0.01838,6.0658e-20,878,5.5135,1.9457,0,10.0
-0.11958,1.2182,-0.25156,-3.8791e-20,961,6.7218,2.3126,0,10.0
-0.099134,1.2547,0.0027607,1.0086e-20,996,5.0613,2.5172,0,10.0
-0.11712,1.276,-0.091023,8.7123e-21,998,5.6893,2.5172,0,10.0
-0.072276,1.11,-0.27245,-1.8275e-20,1003,7.4758,2.5172,0,10.0
0.004315,0.83718,-0.16484,-9.6674e-22,1049,10.099,2.736,0,10.0
0.013735,0.75126,-0.077067,-7.603799999999999e-21,1051,11.109,2.736,0,10.0
-0.0087982,0.93179,-0.19937,2.9398e-21,1087,9.1598,2.97,0,10.0
0.021361,0.74117,0.075119,8.9223e-21,1093,12.196,2.97,0,10.0
-0.074106,1.2085,-0.022854,-5.307699999999999e-21,1116,5.0613,3.2202,0,10.0
-0.049023,1.1277,-0.12648,-2.9224e-21,1201,6.7218,3.7739,0,10.0
2.5385e-05,0.97171,-0.11981,4.475899999999999e-21,1247,9.1598,4.08,0,10.0
0.024797,0.89189,-0.016697,7.3253e-22,1251,11.109,4.08,0,10.0
-0.031731,1.0942,-0.08308,1.683e-21,1321,6.7218,4.7572,0,10.0
0.028624,0.94455,0.05505,0.0,1333,12.196,4.7572,0,10.0
-0.10182,1.1141,0.13651,3.2397e-20,2145,-4.3934e-16,3.1819,0,10.0
-0.071729,1.0953,0.10989,-1.6134e-20,2175,-4.2301e-16,3.807,0,10.0
-0.055549,1.0853,0.094077,-8.238199999999999e-21,2195,-4.1015e-16,4.2993,0,10.0
0.093719,0.90091,0.26478,4.3097e-20,2456,-1.5845,1.5845,0,10.0
0.075507,0.8506,0.43497,-4.7773e-20,2468,-1.1532,1.1532,0,10.0
-0.041122,0.88571,0.57504,-4.7277000000000003e-20,2475,-0.89178,1.0442,0,10.0
-0.11237,0.80666,0.61989,-6.0446e-21,2479,-0.78951,0.92446,0,10.0
-0.1837,0.0,0.0,0.0,2484,-0.64945,0.76041,0,10.0
-0.052156,0.96003,0.48622,6.854200000000001e-20,2499,-0.90709,1.2487,0,10.0
-0.1741,1.0196,0.55716,8.907399999999999e-21,2522,-0.71792,1.1717,0,10.0
-0.35105,0.0,0.0,0.0,2527,-0.5225,0.85264,0,10.0
-0.029531,1.0259,0.2578,-1.6185e-20,2533,-1.0726,2.1054,0,10.0
-0.33069,0.97559,0.53106,-1.3812e-20,2545,-0.5522,1.0838,0,10.0
-0.47552,0.0,0.0,0.0,2569,-0.38268,0.92388,0,10.0
-0.33358,1.166,0.46395,7.1328e-21,2585,-0.42475,1.3071,0,10.0
-0.43279,1.0149,0.42042,-5.7581e-20,2587,-0.37591,1.1568,0,10.0
-0.56619,0.0,0.0,0.0,2632,-0.15643,0.98769,0,10.0
-0.17193,1.156,0.22105,-5.827000000000001e-20,2639,-0.17623,2.2362,0,10.0
-0.25391,1.2085,0.27868,-1.0843000000000001e-20,2643,-0.14304,1.8155,0,10.0
-0.42687,1.1947,0.31589,-1.4762000000000002e-19,2648,-0.10781,1.369,0,10.0
-0.50673,0.92138,0.22252,2.4728e-20,2650,-0.095424,1.212,0,10.0
-0.53693,0.66852,0.14088,5.4020000000000003e-20,2651,-0.089562,1.1377,0,10.0
0.24674,0.7742,-0.012266,-4.3418e-22,2660,-2.5997,0.0,0,10.0
0.3109,0.6861,-0.015175,3.1168e-22,2668,-2.1297,0.0,0,10.0
0.41116,0.51519,0.043852,-4.5924e-20,2679,-1.6271,0.12817,0,10.0
0.48455,0.34928,-0.023244,-4.6924e-22,2684,-1.3725,0.0,0,10.0
0.52521,0.20259,-0.024251,-4.6481e-21,2688,-1.2153,0.0,0,10.0
0.55968,0.049433,-0.014884,-1.6381e-22,2692,-1.0692,0.0,0,10.0
0.56992,0.0,0.0,0.0,2695,-1.0,0.0,0,10.0
0.4638,0.37033,0.14612,4.0719e-20,2711,-1.3568,0.21499,0,10.0
0.51406,0.14418,0.16842,-2.1391e-20,2714,-1.1273,0.17859,0,10.0
0.53967,0.0,0.0,0.0,2716,-0.98769,0.15643,0,10.0
0.37895,0.54687,0.16596,-8.281000000000001e-20,2729,-1.5885,0.38151,0,10.0
0.2063,0.81498,0.092795,-6.935e-21,2740,-2.6029,0.84595,0,10.0
0.30129,0.6726,0.16718,2.0426e-20,2747,-1.8296,0.59459,0,10.0
0.35136,0.57428,0.22209,6.1322e-20,2750,-1.5541,0.50503,0,10.0
0.3992,0.43637,0.30103,-6.0068e-20,2753,-1.3071,0.42475,0,10.0
0.4265,0.22093,0.33871,9.0232e-20,2756,-1.0857,0.35279,0,10.0
0.44307,0.0,0.0,0.0,2758,-0.95106,0.30902,0,10.0
0.27656,0.64891,0.31945,-1.9920000000000003e-20,2792,-1.456,0.74178,0,10.0
0.28969,0.33795,0.47031,-1.7705e-19,2798,-1.0172,0.51827,0,10.0
0.29249,0.0,0.0,0.0,2800,-0.89101,0.45399,0,10.0
0.20258,0.77945,0.25102,-2.6611e-21,2809,-1.7284,1.0589,0,10.0
0.23114,0.69434,0.35905,2.1766e-20,2813,-1.393,0.85347,0,10.0
0.23655,0.60257,0.47938,5.6613e-20,2816,-1.1717,0.71792,0,10.0
0.12009,0.47747,0.54941,2.3392e-19,2840,-0.92341,0.67086,0,10.0
0.10719,0.0,0.0,0.0,2842,-0.80902,0.58779,0,10.0
0.10727,0.91532,0.1597,2.4146e-20,2844,-2.2843,1.9505,0,10.0
0.1295,0.79629,0.41724,-4.2275e-20,2855,-1.2411,1.0599,0,10.0
0.10065,0.74128,0.54952,-1.5216e-20,2858,-1.0442,0.89178,0,10.0
0.13651,0.90579,-0.0063824,-7.0013e-23,2912,-4.3358,0.0,0,10.0
0.16566,0.87128,0.021041,-5.896599999999999e-21,2951,-3.5732,0.46918,0,10.0
0.15752,0.87814,0.049519,-1.27e-20,3011,-3.47,0.92747,0,10.0
0.063991,0.97527,0.073633,2.7705999999999997e-21,3372,-3.8187,3.4878,0,10.0
-0.0024237,1.0343,0.10597,7.280099999999999e-22,4180,-1.5637,4.1771,0,10.0
-0.38468,0.0,0.0,0.0,4394,0.64945,-0.76041,0,10.0
-0.43301,0.0,0.0,0.0,4402,0.45399,-0.89101,0,10.0
-0.47884,0.0,0.0,0.0,4406,0.30902,-0.95106,0,10.0
-0.52853,0.0,0.0,0.0,4410,0.15643,-0.98769,0,10.0
-0.49952,0.77252,-0.11644,-1.1427e-20,4436,0.095424,-1.212,0,10.0
-0.38937,0.2496,-0.010837,1.7613e-20,4441,0.67593,-1.1031,0,10.0
-0.39501,0.5446,-0.025702,9.5369e-21,4453,0.62391,-1.2246,0,10.0
-0.43949,1.2071,-0.2794,1.4748000000000002e-19,4459,-8.2717e-17,-1.3725,0,10.0
-0.38549,1.1475,-0.13729,-3.6157000000000004e-20,4477,0.47729,-1.4687,0,10.0
-0.34315,0.36447,-0.045423,-4.6989e-21,4483,1.1532,-1.1532,0,10.0
-0.36082,0.89073,-0.055884,-7.706799999999999e-21,4485,0.85347,-1.393,0,10.0
-0.27452,1.2763,-0.26917,-3.1471e-20,4514,-1.8199e-16,-1.8196,0,10.0
-0.1941,1.2211,-0.21226,6.165e-20,4558,-2.7552e-16,-2.2408,0,10.0
-0.32495,1.2829,-0.034299,2.5050999999999998e-21,4559,1.5316,-1.7937,0,10.0
-0.29711,1.322,0.054929,-1.5130000000000002e-20,4615,2.1213,-2.1213,0,10.0
-0.36624,0.0,0.0,0.0,4627,0.98769,-0.15643,0,10.0
-0.36984,0.0,0.0,0.0,4631,0.95106,-0.30902,0,10.0
-0.3683,0.0,0.0,0.0,4635,0.89101,-0.45399,0,10.0
-0.36955,0.0,0.0,0.0,4641,0.76041,-0.64945,0,10.0
-0.36577,-0.02458,-0.1283,9.811499999999998e-21,4646,1.0857,-0.35279,0,10.0
-0.36562,-0.033786,-0.044129,1.0249000000000001e-20,4651,0.86777,-0.74111,0,10.0
-0.36439,-0.024885,-0.2039,2.5534e-21,4653,1.201,-0.19028,0,10.0
-0.36039,-0.031019,-0.12843,-2.0940999999999998e-21,4657,1.0838,-0.5522,0,10.0
-0.36222,-0.02251,-0.22015,1.6909999999999998e-22,4664,1.2306,-0.39989,0,10.0
-0.35577,-0.0090189,-0.065626,2.8785999999999998e-21,4669,0.98326,-0.83971,0,10.0
-0.35365,-0.0079728,-0.18476,6.5814999999999994e-21,4675,1.2246,-0.62391,0,10.0
-0.36728,-0.036632,-0.29062,-1.4683e-20,4680,1.4391,-0.22804,0,10.0
-0.36182,-0.00137,-0.26979,5.3334999999999994e-21,4682,1.3864,-0.45054,0,10.0
-0.34501,0.079721,-0.073641,5.8916e-23,4687,1.1075,-0.94578,0,10.0
-0.38834,-0.077306,-0.32429,-3.1283e-20,4715,1.8155,-0.14304,0,10.0
-0.36766,0.23728,-0.19194,-6.613699999999999e-21,4729,1.7142,-0.87328,0,10.0
-0.42756,0.035918,-0.3017,2.832e-21,4743,2.1071,-0.33402,0,10.0
-0.41853,0.21742,-0.24403,-1.9582e-20,4745,2.0308,-0.65999,0,10.0
-0.39051,0.37364,-0.15518,-5.0688e-20,4747,1.9027,-0.96929,0,10.0
-0.36765,0.64284,-0.062451,-2.5079e-20,4749,1.7261,-1.2538,0,10.0
-0.47088,0.38367,-0.1492,8.542e-21,4772,2.3614,-0.76747,0,10.0
-0.48854,0.44796,-0.10346,-5.6875e-20,4781,2.4799,-0.80599,0,10.0
-0.50077,0.90393,0.18477,-4.6534000000000004e-20,4818,2.9753,-1.1514,0,10.0
-0.52369,0.39539,0.22297,5.5969e-20,4825,3.3622,-0.47016,0,10.0
-0.40427,1.215,0.24153,-1.1353e-20,4830,2.9641,-1.5704,0,10.0
-0.32598,1.3126,0.16095,-3.0036e-20,4832,2.6869,-1.9499,0,10.0
-0.45305,0.64872,0.4485,-1.7299e-21,4846,3.7419,-0.70079,0,10.0
-0.39009,1.1009,0.39228,-9.8072e-21,4849,3.5057,-1.3635,0,10.0
-0.32241,0.36193,0.56322,5.0722e-20,4864,4.2628,-0.23492,0,10.0
-0.32975,0.66383,0.57071,7.1986e-20,4866,4.1971,-0.69968,0,10.0
-0.30892,0.93407,0.51501,-7.4033e-22,4868,4.0596,-1.1477,0,10.0
-0.28025,1.1101,0.4167,4.1941e-20,4870,3.8541,-1.5676,0,10.0
-0.21983,0.5015,0.60396,-8.1834e-20,4885,4.728,-0.4678,0,10.0
-0.18934,0.92188,0.47272,-3.2683e-20,4889,4.4592,-1.3602,0,10.0
-0.1848,1.0816,0.33681,-4.465299999999999e-21,4892,4.0873,-1.9478,0,10.0
-0.1468,0.7797,0.4902,1.1922e-20,4898,4.812,-1.1452,0,10.0
-0.11691,0.63231,0.4914,1.4833e-20,4907,5.1561,-0.92345,0,10.0
-0.10985,0.47096,0.50657,-2.57e-20,4916,5.492,-0.6965,0,10.0
-0.074135,0.85767,0.32544,5.3711e-20,4921,5.0459,-1.7602,0,10.0
-0.054929,0.58664,0.37745,6.690599999999999e-21,4928,5.6516,-1.1424,0,10.0
-0.099294,0.34256,0.41847,4.8152e-20,4936,6.08,-0.69506,0,10.0
-0.019731,0.68055,0.26509,-3.7178999999999995e-21,4940,5.762,-1.5616,0,10.0
-0.06778,0.35954,0.31483,-8.7903e-20,4947,6.3357,-0.91989,0,10.0
-0.00018831,0.69074,0.19917,-1.1778e-20,4951,5.9608,-1.7579,0,10.0
-0.089945,0.57866,-0.37305,2.245e-21,4986,7.7527,-0.69096,0,10.0
-0.085967,0.70949,-0.52055,-4.6041e-21,5005,8.5472,-0.46122,0,10.0
-0.047085,0.64069,-0.43911,-9.0187e-21,5008,8.3977,-1.1332,0,10.0
-0.0082791,0.64091,-0.37786,2.8285e-20,5021,8.5295,-1.7514,0,10.0
-0.083325,0.71061,-0.52932,-7.2044e-21,5027,9.2813,-0.91101,0,10.0
-0.16083,0.87637,-0.27169,4.8360000000000003e-20,5059,10.499,-1.3395,0,10.0
-0.17961,0.83676,0.19487,-6.4465999999999995e-21,5075,11.684,-0.45582,0,10.0
-0.15947,1.1054,0.16249,3.9952e-20,5081,11.32,-1.7443,0,10.0
-0.10926,0.89256,0.45606,-1.0596e-20,5095,12.738,-0.454,0,10.0
-0.041292,0.96325,0.14581,-8.904099999999999e-21,5561,5.0613,-2.97,0,10.0
-0.022706,0.93405,0.1248,-5.9957999999999996e-21,5591,5.3695,-2.97,0,10.0
-0.0052838,0.90796,0.097282,4.1961e-21,5621,5.6893,-2.97,0,10.0
-0.0074349,0.95012,0.065727,-3.8138999999999995e-21,5623,5.6893,-3.4878,0,10.0
0.044088,0.86414,-0.073909,3.395499999999999e-21,5741,7.0919,-2.97,0,10.0
0.017496,0.99516,-0.033698,4.0572e-22,5746,7.0919,-4.4072,0,10.0
0.012781,1.0092,-0.026339,-2.902e-21,5747,7.0919,-4.7572,0,10.0
0.002786,1.0349,-0.010058,-8.9063e-22,5750,7.0919,-5.9596,0,10.0
0.047692,0.88385,-0.16808,3.4941e-22,5801,7.874,-2.97,0,10.0
0.033534,0.9995,-0.10506,-3.3265e-24,5804,7.874,-3.7739,0,10.0
-0.0024479,0.86185,-0.30942,-3.4493e-23,5889,9.1598,-2.5172,0,10.0
0.015029,1.1166,-0.084107,3.3584999999999997e-21,5895,9.1598,-4.08,0,10.0
-0.070287,1.0886,-0.15992,-1.4673e-21,5949,10.099,-2.5172,0,10.0
-0.018802,1.2174,-0.03571,8.147799999999999e-21,5953,10.099,-3.4878,0,10.0
0.0060864,1.1061,0.00096936,-6.3435e-22,5958,10.099,-5.1314,0,10.0
-0.06269,1.2411,0.12908,-1.0531e-20,6011,11.109,-2.97,0,10.0
-0.012637,1.1592,0.071461,1.6247e-22,6015,11.109,-4.08,0,10.0
-0.050284,1.1372,0.25526,-3.2887e-20,6070,12.196,-2.736,0,10.0
0.00041658,1.0787,0.092517,0.0,6077,12.196,-4.7572,0,10.0
0.0073001,1.0559,0.053239,-5.8868e-22,6080,12.196,-5.9596,0,10.0
-0.10142,1.1331,-0.22903,6.5982e-20,6745,-0.57975,-2.4134,0,10.0
0.058973,0.96193,-0.27262,-4.6644e-20,6748,-1.5316,-1.7937,0,10.0
0.08517,0.90341,-0.36214,-7.133600000000001e-20,6789,-1.3571,-1.3571,0,10.0
0.064501,0.87926,-0.4653,4.7634e-20,6819,-1.1532,-1.1532,0,10.0
-0.020297,0.82026,-0.64523,5.7389e-20,6859,-0.91393,-0.91393,0,10.0
-0.1717,0.97128,-0.63485,8.2179e-20,6860,-0.76021,-1.0465,0,10.0
-0.40982,1.0406,-0.50195,-1.757e-20,6873,-0.46551,-1.1238,0,10.0
-0.50242,1.0043,-0.30427,5.0707e-20,6876,-0.19028,-1.201,0,10.0
-0.56676,0.35289,-0.064843,-4.2417e-20,6897,-0.083909,-1.066,0,10.0
-0.22033,0.0,0.0,0.0,6898,-0.64945,-0.76041,0,10.0
-0.38592,0.0,0.0,0.0,6901,-0.5225,-0.85264,0,10.0
-0.50457,0.0,0.0,0.0,6903,-0.38268,-0.92388,0,10.0
-0.57912,0.0,0.0,0.0,6906,-0.15643,-0.98769,0,10.0
-0.57868,0.0,0.0,0.0,6907,-0.078459,-0.99692,0,10.0
0.12755,0.9066,-0.17743,-1.8273e-20,6923,-2.3204,-1.6853,0,10.0
0.20511,0.82319,-0.11489,6.8245e-21,6929,-2.6029,-0.84595,0,10.0
0.31936,0.66068,-0.15719,-7.233e-21,6991,-1.87,-0.44916,0,10.0
0.23999,0.74348,-0.27303,-2.7928999999999996e-21,6994,-1.7142,-0.87328,0,10.0
0.16713,0.81875,-0.32824,4.8004e-20,6996,-1.5553,-1.1297,0,10.0
0.4096,0.51829,-0.083366,4.5023000000000004e-20,7016,-1.6271,-0.12817,0,10.0
0.34541,0.58658,-0.26005,-5.8404e-20,7019,-1.5541,-0.50503,0,10.0
0.22439,0.68922,-0.43177,6.0201e-20,7031,-1.3165,-0.80663,0,10.0
0.4586,0.37742,-0.19212,-3.8965e-20,7044,-1.3568,-0.21499,0,10.0
0.39961,0.39151,-0.3767,-5.4160000000000003e-20,7055,-1.2306,-0.39989,0,10.0
0.21189,0.58435,-0.56382,9.1773e-20,7058,-1.1031,-0.67593,0,10.0
0.058654,0.74046,-0.63103,1.0129000000000001e-19,7060,-0.98326,-0.83971,0,10.0
0.50556,0.15075,-0.21184,2.4998e-20,7071,-1.1273,-0.17859,0,10.0
0.34619,0.17371,-0.3212,-1.4102000000000002e-19,7083,-0.98812,-0.40929,0,10.0
0.52999,0.0,0.0,0.0,7089,-0.98769,-0.15643,0,10.0
0.48472,0.0,0.0,0.0,7090,-0.97237,-0.23345,0,10.0
0.17277,0.0,0.0,0.0,7094,-0.85264,-0.5225,0,10.0
-0.026047,0.0,0.0,0.0,7096,-0.76041,-0.64945,0,10.0
0.16537,0.87396,-0.037479,5.817099999999999e-21,7368,-3.5732,-0.46918,0,10.0
0.15083,0.89013,-0.078955,1.753e-20,7371,-3.3916,-1.1488,0,10.0
0.064684,0.98263,-0.071911,-3.021e-21,8062,-4.1311,-3.4878,0,10.0
-0.024004,1.0697,-0.11835,1.3635e-20,8451,-1.1464,-3.8396,0,10.0
-0.069982,1.115,-0.10468,2.2039e-20,8570,-0.23491,-3.8016,0,10.0
-0.05002,1.0948,-0.076182,-3.9979e-21,8573,-0.23383,-4.5663,0,10.0
-0.47012,0.0,0.0,0.0,82,0.70711,0.70711,0,11.0
-0.46276,0.024744,0.031615,-3.0244000000000003e-20,87,0.85936,0.85936,0,11.0
-0.46453,0.22782,-0.003171,1.5424e-20,92,0.89178,1.0442,0,11.0
-0.44279,0.6845,-0.058852,-1.9166000000000002e-20,101,1.2866,1.2866,0,11.0
-0.32942,1.1857,-0.040872,-3.1879e-20,112,1.5316,1.7937,0,11.0
-0.23233,1.1815,-0.027897,-1.4896999999999999e-21,120,1.8605,2.1789,0,11.0
-0.47858,0.11142,-0.0010118,4.4215e-22,126,0.71472,0.98382,0,11.0
-0.50648,0.0,0.0,0.0,145,0.5225,0.85264,0,11.0
-0.47554,0.4553,-0.014886,-1.6526e-20,149,0.71792,1.1717,0,11.0
-0.39232,1.1897,0.026735,-1.0184e-19,155,1.0047,1.6399,0,11.0
-0.50034,0.26194,-0.018751,2.3959e-20,168,0.5522,1.0838,0,11.0
-0.48959,0.73288,0.017172,-2.4532e-20,191,0.52598,1.2698,0,11.0
-0.5599,0.0,0.0,0.0,208,0.30902,0.95106,0,11.0
-0.52735,0.46875,-0.0033662,4.0775e-20,210,0.37591,1.1568,0,11.0
-0.40129,1.2643,0.1253,1.3381e-20,216,0.5338,1.6426,0,11.0
-0.54085,0.58189,0.021071,7.1909e-20,231,0.28397,1.1826,0,11.0
-0.50003,0.98459,0.094887,-4.6527e-20,233,0.32087,1.3362,0,11.0
-0.36221,1.2857,0.15789,-7.3801e-20,238,0.42578,1.7727,0,11.0
-0.58252,0.53671,0.048172,7.213199999999999e-21,272,0.089562,1.1377,0,11.0
-0.5309,1.0054,0.15969,2.0027e-20,274,0.1015,1.289,0,11.0
-0.62317,0.0,0.0,0.0,292,0.0,1.0,0,11.0
-0.34681,0.0,0.0,0.0,313,1.0,0.0,0,11.0
-0.3613,-0.041529,-0.065197,-6.262199999999999e-21,319,1.212,0.095424,0,11.0
-0.35264,-0.057165,-0.123,-1.2958e-20,320,1.2925,0.0,0,11.0
-0.35461,-0.097106,-0.17858,-3.057e-20,324,1.4555,0.0,0,11.0
-0.36637,-0.10726,-0.14909,-7.3616e-22,325,1.4519,0.11435,0,11.0
-0.37371,-0.18173,-0.26182,5.1645999999999996e-21,333,1.8155,0.14304,0,11.0
-0.37049,-0.17813,-0.35509,9.521699999999999e-21,338,2.1297,0.0,0,11.0
-0.40283,-0.1202,-0.36316,-3.9202e-21,348,2.7283,0.0,0,11.0
-0.36454,0.0,0.0,0.0,355,0.98769,0.15643,0,11.0
-0.38505,-0.21055,-0.32856,-1.4794e-20,367,2.1071,0.33402,0,11.0
-0.38596,-0.046336,-0.0055466,1.5628e-20,378,1.1826,0.28397,0,11.0
-0.38891,-0.064837,-0.029018,2.0677e-20,379,1.258,0.30208,0,11.0
-0.39562,-0.099823,-0.080667,5.579499999999999e-21,381,1.4172,0.34035,0,11.0
-0.42232,-0.088547,-0.16597,-2.6276000000000002e-20,406,1.7344,0.56364,0,11.0
-0.39458,-0.046037,-0.29473,-7.702e-21,410,2.137,0.69452,0,11.0
-0.32711,0.0038356,-0.35866,-9.249000000000001e-20,413,2.4799,0.80599,0,11.0
-0.29606,0.019336,-0.36626,7.1346e-20,414,2.6029,0.84595,0,11.0
-0.40729,0.0,0.0,0.0,418,0.92388,0.38268,0,11.0
-0.41672,0.077678,-0.22899,-3.3402e-20,430,1.973,0.81724,0,11.0
-0.42729,-0.037928,0.056565,1.2945e-20,441,1.0838,0.5522,0,11.0
-0.4389,-0.014142,0.0012103,2.1502e-20,444,1.2989,0.66178,0,11.0
-0.37748,0.35502,-0.24169,4.5779e-20,453,2.1054,1.0726,0,11.0
-0.43647,0.0,0.0,0.0,460,0.85264,0.5225,0,11.0
-0.45275,0.22145,-0.091331,-6.1837999999999994e-21,469,1.5546,0.95244,0,11.0
-0.44787,-0.017428,0.05756,-4.9947e-21,483,0.98382,0.71472,0,11.0
-0.45151,0.039816,0.033512,5.504e-21,485,1.1114,0.8074,0,11.0
-0.41545,0.62684,-0.14277,-6.8634e-20,493,1.7261,1.2538,0,11.0
-0.37413,-0.1368,-0.27176,1.4252e-20,523,3.187,0.23587,0,11.0
-0.42221,0.14621,0.11844,-4.2774e-20,528,3.8141,0.0,0,11.0
-0.3588,0.26276,0.36634,-3.4859e-20,532,4.2681,0.0,0,11.0
-0.30612,0.13655,0.30355,-6.9348e-20,533,4.2628,0.23492,0,11.0
-0.18987,0.41651,0.6083,2.4858999999999997e-21,540,5.282,0.0,0,11.0
-0.16396,0.34334,0.61567,-1.6507e-20,543,5.5544,0.23377,0,11.0
-0.16926,0.35254,0.58911,-3.0117e-20,547,6.1409,0.23326,0,11.0
-0.16941,0.37297,0.52233,-1.1651000000000002e-19,548,6.4555,0.0,0,11.0
-0.20704,0.57296,-0.037775,9.2437e-20,554,7.4555,0.0,0,11.0
-0.13724,0.82023,-0.50027,-1.0759e-20,561,8.5669,0.23111,0,11.0
-0.088138,0.81473,-0.50997,2.8790999999999998e-21,565,9.382,0.23039,0,11.0
-0.098496,0.71342,-0.47875,4.3816e-21,570,10.726,0.0,0,11.0
-0.11476,0.71786,0.17721,-3.7884e-20,626,12.738,0.454,0,11.0
-0.16965,-0.017221,0.14987,2.5059e-20,641,4.1971,0.69968,0,11.0
-0.1417,0.1019,0.37277,1.4544e-20,643,4.6868,0.69847,0,11.0
-0.20539,0.50155,0.399,9.4244e-22,649,6.3905,0.6943,0,11.0
-0.22376,0.89161,-0.33777,-1.0664000000000001e-20,653,7.7527,0.69096,0,11.0
-0.094252,0.63808,-0.26701,1.7173e-20,662,11.654,0.68139,0,11.0
-0.16361,-0.031742,-0.2884,6.9952e-20,675,3.2568,0.92918,0,11.0
-0.1225,-0.056304,-0.14308,2.6694999999999997e-21,677,3.6808,0.9279,0,11.0
-0.089243,0.20502,0.46468,-3.7920000000000005e-20,683,5.1561,0.92345,0,11.0
-0.16435,0.2468,-0.27525,-1.3366e-20,712,2.9753,1.1514,0,11.0
-0.038403,0.072133,0.012899,3.1944e-20,717,4.0596,1.1477,0,11.0
-0.14396,0.54879,0.38461,1.6877e-20,724,5.9526,1.1414,0,11.0
-0.074692,0.91948,-0.44422,1.719e-21,733,9.2192,1.1304,0,11.0
0.0062303,0.24628,0.15347,-5.3859e-21,757,4.4592,1.3602,0,11.0
-0.045344,0.42451,0.35421,2.112e-20,760,5.2716,1.3574,0,11.0
-0.22644,1.0735,-0.20678,4.1061999999999996e-21,766,7.19,1.3508,0,11.0
-0.12836,1.0568,-0.44203,8.1043e-22,769,8.319,1.347,0,11.0
-0.038635,0.78691,-0.34575,-4.1615e-20,774,10.499,1.3395,0,11.0
-0.036523,0.58152,-0.10413,-3.2112e-20,791,3.3928,1.5691,0,11.0
0.011715,0.47255,-0.018258,-2.4088000000000002e-20,793,3.8541,1.5676,0,11.0
0.0017969,0.48078,0.23858,5.743900000000001e-20,797,4.8843,1.5643,0,11.0
-0.14851,0.87181,0.17936,-4.7409e-20,801,6.0767,1.5606,0,11.0
-0.032946,0.68156,-0.25529,-8.1206e-22,814,11.41,1.5437,0,11.0
-0.12375,0.89785,-0.1141,5.7151e-20,828,2.8331,1.7658,0,11.0
-0.016766,0.86807,0.0063678,1.1013e-20,871,3.586,1.9485,0,11.0
0.016179,0.81153,0.079006,-6.4064999999999996e-21,873,4.0873,1.9478,0,11.0
-0.0064189,0.83753,0.17681,2.8881e-20,876,4.9116,1.9466,0,11.0
-0.06741,0.96444,0.16637,2.6876e-20,878,5.5135,1.9457,0,11.0
-0.12312,1.2732,-0.13297,-5.1388e-20,961,6.7218,2.3126,0,11.0
-0.03425,1.1573,0.10273,-5.3547999999999996e-21,996,5.0613,2.5172,0,11.0
-0.069175,1.2306,0.044206,2.5417e-21,998,5.6893,2.5172,0,11.0
-0.090269,1.2078,-0.22852,-2.8981e-20,1003,7.4758,2.5172,0,11.0
-0.0063123,0.90963,-0.21541,-1.1933e-21,1049,10.099,2.736,0,11.0
0.0068596,0.82147,-0.15578,-5.8784e-21,1051,11.109,2.736,0,11.0
-0.021466,1.0055,-0.22278,4.333899999999999e-21,1087,9.1598,2.97,0,11.0
0.017801,0.76167,-0.041152,7.8751e-21,1093,12.196,2.97,0,11.0
-0.038989,1.1683,0.040045,-3.1083999999999996e-21,1116,5.0613,3.2202,0,11.0
-0.043654,1.161,-0.081405,-1.7528e-21,1201,6.7218,3.7739,0,11.0
-0.0074748,1.0173,-0.13646,4.783e-21,1247,9.1598,4.08,0,11.0
0.017947,0.91305,-0.073904,6.1025e-22,1251,11.109,4.08,0,11.0
-0.028156,1.1137,-0.058558,8.3948e-22,1321,6.7218,4.7572,0,11.0
0.025905,0.92816,0.0043909,0.0,1333,12.196,4.7572,0,11.0
-0.1193,1.1203,0.12573,3.4985e-20,2145,-4.3934e-16,3.1819,0,11.0
-0.085392,1.0978,0.10063,-1.7221e-20,2175,-4.2301e-16,3.807,0,11.0
-0.0669,1.0859,0.086255,-8.7188e-21,2195,-4.1015e-16,4.2993,0,11.0
0.080522,0.90996,0.26857,4.5374e-20,2456,-1.5845,1.5845,0,11.0
0.057418,0.86333,0.44295,-4.9414e-20,2468,-1.1532,1.1532,0,11.0
-0.065779,0.90222,0.58532,-4.7872e-20,2475,-0.89178,1.0442,0,11.0
-0.14136,0.8243,0.63278,-4.725899999999999e-21,2479,-0.78951,0.92446,0,11.0
-0.21713,0.0,0.0,0.0,2484,-0.64945,0.76041,0,11.0
-0.075627,0.9762,0.49299,7.2508e-20,2499,-0.90709,1.2487,0,11.0
-0.20367,1.0395,0.56515,8.3831e-21,2522,-0.71792,1.1717,0,11.0
-0.39082,0.0,0.0,0.0,2527,-0.5225,0.85264,0,11.0
-0.04719,1.0371,0.25681,-1.73e-20,2533,-1.0726,2.1054,0,11.0
-0.36836,0.99927,0.54104,-1.4837e-20,2545,-0.5522,1.0838,0,11.0
-0.52103,0.0,0.0,0.0,2569,-0.38268,0.92388,0,11.0
-0.37024,1.1913,0.46771,7.5047e-21,2585,-0.42475,1.3071,0,11.0
-0.47573,1.0428,0.42798,-6.1126e-20,2587,-0.37591,1.1568,0,11.0
-0.61795,0.0,0.0,0.0,2632,-0.15643,0.98769,0,11.0
-0.19679,1.1707,0.21233,-6.3052e-20,2639,-0.17623,2.2362,0,11.0
-0.28476,1.2286,0.27159,-1.1303e-20,2643,-0.14304,1.8155,0,11.0
-0.46959,1.227,0.31535,-1.5807e-19,2648,-0.10781,1.369,0,11.0
-0.55564,0.9552,0.22579,2.4521e-20,2650,-0.095424,1.212,0,11.0
-0.58812,0.69649,0.1442,5.580600000000001e-20,2651,-0.089562,1.1377,0,11.0
0.24785,0.77425,-0.0058833,-2.3767e-22,2660,-2.5997,0.0,0,11.0
0.31207,0.68615,-0.0066233,1.1427e-22,2668,-2.1297,0.0,0,11.0
0.41053,0.51648,0.056096,-4.4421000000000003e-20,2679,-1.6271,0.12817,0,11.0
0.48592,0.34931,-0.0080622,-6.8303999999999995e-22,2684,-1.3725,0.0,0,11.0
0.52665,0.20261,-0.0075929,2.5567999999999997e-21,2688,-1.2153,0.0,0,11.0
0.56119,0.049442,-0.0035545,-4.8752e-22,2692,-1.0692,0.0,0,11.0
0.57143,0.0,0.0,0.0,2695,-1.0,0.0,0,11.0
0.46062,0.37319,0.16117,4.0504e-20,2711,-1.3568,0.21499,0,11.0
0.50987,0.14683,0.18413,-2.3926e-20,2714,-1.1273,0.17859,0,11.0
0.53512,0.0,0.0,0.0,2716,-0.98769,0.15643,0,11.0
0.37451,0.55066,0.17788,-8.5368e-20,2729,-1.5885,0.38151,0,11.0
0.20245,0.81798,0.098109,-6.604499999999999e-21,2740,-2.6029,0.84595,0,11.0
0.29591,0.67698,0.17641,1.8027e-20,2747,-1.8296,0.59459,0,11.0
0.345,0.57934,0.23373,6.0658e-20,2750,-1.5541,0.50503,0,11.0
0.39141,0.44209,0.31565,-5.6795e-20,2753,-1.3071,0.42475,0,11.0
0.41655,0.2263,0.35421,9.3376e-20,2756,-1.0857,0.35279,0,11.0
0.43234,0.0,0.0,0.0,2758,-0.95106,0.30902,0,11.0
0.26634,0.65649,0.33027,-1.7921e-20,2792,-1.456,0.74178,0,11.0
0.27385,0.34617,0.4854,-1.8334000000000001e-19,2798,-1.0172,0.51827,0,11.0
0.27544,0.0,0.0,0.0,2800,-0.89101,0.45399,0,11.0
0.19274,0.78666,0.25818,-1.1896999999999999e-21,2809,-1.7284,1.0589,0,11.0
0.21897,0.70321,0.36932,2.0030000000000002e-20,2813,-1.393,0.85347,0,11.0
0.22169,0.61275,0.49275,6.0131e-20,2816,-1.1717,0.71792,0,11.0
0.098166,0.48873,0.56384,2.4307000000000004e-19,2840,-0.92341,0.67086,0,11.0
0.083667,0.0,0.0,0.0,2842,-0.80902,0.58779,0,11.0
0.098378,0.92089,0.16195,2.5639e-20,2844,-2.2843,1.9505,0,11.0
0.1134,0.80774,0.4261,-4.5426e-20,2855,-1.2411,1.0599,0,11.0
0.080937,0.75457,0.56158,-1.4509e-20,2858,-1.0442,0.89178,0,11.0
0.13756,0.90583,-0.0035158,4.963599999999999e-22,2912,-4.3358,0.0,0,11.0
0.16507,0.87218,0.02481,-5.538799999999999e-21,2951,-3.5732,0.46918,0,11.0
0.15528,0.87989,0.053048,-1.3542000000000001e-20,3011,-3.47,0.92747,0,11.0
0.058632,0.97745,0.073903,2.8035e-21,3372,-3.8187,3.4878,0,11.0
-0.012129,1.0371,0.10263,1.1144999999999998e-21,4180,-1.5637,4.1771,0,11.0
-0.33786,0.0,0.0,0.0,4394,0.64945,-0.76041,0,11.0
-0.38266,0.0,0.0,0.0,4402,0.45399,-0.89101,0,11.0
-0.42567,0.0,0.0,0.0,4406,0.30902,-0.95106,0,11.0
-0.47327,0.0,0.0,0.0,4410,0.15643,-0.98769,0,11.0
-0.44651,0.73719,-0.11618,-6.093499999999999e-21,4436,0.095424,-1.212,0,11.0
-0.34203,0.22318,-0.014519,1.4942e-20,4441,0.67593,-1.1031,0,11.0
-0.34674,0.50294,-0.031294,9.123099999999998e-21,4453,0.62391,-1.2246,0,11.0
-0.39262,1.172,-0.28119,1.3575e-19,4459,-8.2717e-17,-1.3725,0,11.0
-0.33944,1.1042,-0.14669,-3.4470000000000004e-20,4477,0.47729,-1.4687,0,11.0
-0.29488,0.31339,-0.044096,-8.4886e-21,4483,1.1532,-1.1532,0,11.0
-0.31367,0.83479,-0.065723,-6.3735e-21,4485,0.85347,-1.393,0,11.0
-0.2399,1.2559,-0.27836,-2.8989e-20,4514,-1.8199e-16,-1.8196,0,11.0
-0.16598,1.2064,-0.22286,5.6078e-20,4558,-2.7552e-16,-2.2408,0,11.0
-0.27681,1.2402,-0.069455,4.6013999999999995e-22,4559,1.5316,-1.7937,0,11.0
-0.26737,1.3207,0.0022464,-1.3469e-20,4615,2.1213,-2.1213,0,11.0
-0.33751,0.0,0.0,0.0,4627,0.98769,-0.15643,0,11.0
-0.33118,0.0,0.0,0.0,4631,0.95106,-0.30902,0,11.0
-0.32498,0.0,0.0,0.0,4635,0.89101,-0.45399,0,11.0
-0.32396,0.0,0.0,0.0,4641,0.76041,-0.64945,0,11.0
-0.32926,-0.020137,-0.080194,-3.4668e-21,4646,1.0857,-0.35279,0,11.0
-0.32138,-0.032315,-0.035528,8.4186e-21,4651,0.86777,-0.74111,0,11.0
-0.33785,-0.030149,-0.12322,-1.163e-21,4653,1.201,-0.19028,0,11.0
-0.31962,-0.029491,-0.090453,-7.897799999999999e-22,4657,1.0838,-0.5522,0,11.0
-0.32557,-0.029396,-0.1554,-2.5659999999999997e-22,4664,1.2306,-0.39989,0,11.0
-0.31259,-0.016469,-0.05169,1.5443e-21,4669,0.98326,-0.83971,0,11.0
-0.31205,-0.020011,-0.14086,1.18e-20,4675,1.2246,-0.62391,0,11.0
-0.3365,-0.060705,-0.21574,8.9231e-21,4680,1.4391,-0.22804,0,11.0
-0.32146,-0.023627,-0.21021,3.1884999999999996e-22,4682,1.3864,-0.45054,0,11.0
-0.30082,0.055754,-0.059786,2.0557e-21,4687,1.1075,-0.94578,0,11.0
-0.35111,-0.12001,-0.29512,-9.3849e-21,4715,1.8155,-0.14304,0,11.0
-0.30192,0.1745,-0.19054,4.348e-21,4729,1.7142,-0.87328,0,11.0
-0.35973,-0.026714,-0.33517,-6.069099999999999e-21,4743,2.1071,-0.33402,0,11.0
-0.33969,0.1483,-0.27347,-7.9991e-21,4745,2.0308,-0.65999,0,11.0
-0.31314,0.29411,-0.17844,-3.3310000000000003e-20,4747,1.9027,-0.96929,0,11.0
-0.2977,0.54553,-0.08526,-1.9715e-20,4749,1.7261,-1.2538,0,11.0
-0.37898,0.3071,-0.23375,4.437e-21,4772,2.3614,-0.76747,0,11.0
-0.3962,0.37023,-0.20701,-6.3929e-20,4781,2.4799,-0.80599,0,11.0
-0.45136,0.81362,0.024056,-4.1591e-20,4818,2.9753,-1.1514,0,11.0
-0.50361,0.3709,-0.012543,-2.557e-20,4825,3.3622,-0.47016,0,11.0
-0.38441,1.179,0.12883,2.3289e-21,4830,2.9641,-1.5704,0,11.0
-0.3065,1.3221,0.089201,-2.9028e-20,4832,2.6869,-1.9499,0,11.0
-0.49499,0.64983,0.24495,-6.3308e-21,4846,3.7419,-0.70079,0,11.0
-0.41935,1.11,0.2692,-2.4888e-23,4849,3.5057,-1.3635,0,11.0
-0.39522,0.41051,0.4149,3.4552e-20,4864,4.2628,-0.23492,0,11.0
-0.41688,0.72831,0.45998,6.7007e-20,4866,4.1971,-0.69968,0,11.0
-0.38709,1.0115,0.44012,1.445e-21,4868,4.0596,-1.1477,0,11.0
-0.33478,1.1993,0.36561,6.0559e-20,4870,3.8541,-1.5676,0,11.0
-0.2942,0.61624,0.58742,-9.568800000000001e-20,4885,4.728,-0.4678,0,11.0
-0.26452,1.0495,0.48436,-3.4626e-20,4889,4.4592,-1.3602,0,11.0
-0.22949,1.1849,0.32935,-7.879199999999999e-21,4892,4.0873,-1.9478,0,11.0
-0.22057,0.91934,0.53479,1.6294e-20,4898,4.812,-1.1452,0,11.0
-0.17622,0.78597,0.55571,1.0332000000000001e-20,4907,5.1561,-0.92345,0,11.0
-0.14328,0.66004,0.55446,-1.3168e-20,4916,5.492,-0.6965,0,11.0
-0.12634,0.96999,0.38624,5.3845000000000004e-20,4921,5.0459,-1.7602,0,11.0
-0.095613,0.74836,0.45323,4.5962e-22,4928,5.6516,-1.1424,0,11.0
-0.098212,0.55545,0.4901,4.1382e-20,4936,6.08,-0.69506,0,11.0
-0.062302,0.8022,0.35714,-1.5525e-20,4940,5.762,-1.5616,0,11.0
-0.070063,0.55551,0.41889,-5.7564e-20,4947,6.3357,-0.91989,0,11.0
-0.039485,0.79665,0.29768,-1.7241e-20,4951,5.9608,-1.7579,0,11.0
-0.10903,0.48609,-0.064126,-2.5218e-22,4986,7.7527,-0.69096,0,11.0
-0.10468,0.67491,-0.42523,-1.0479e-20,5005,8.5472,-0.46122,0,11.0
-0.046933,0.56783,-0.2655,-1.5018e-20,5008,8.3977,-1.1332,0,11.0
0.0040511,0.57729,-0.20638,2.6168e-20,5021,8.5295,-1.7514,0,11.0
-0.061812,0.71207,-0.47579,-1.0942e-20,5027,9.2813,-0.91101,0,11.0
-0.088305,0.78783,-0.48837,5.2810000000000007e-20,5059,10.499,-1.3395,0,11.0
-0.16772,0.75781,-0.23054,-7.047299999999999e-21,5075,11.684,-0.45582,0,11.0
-0.13327,0.96412,-0.22714,5.4631e-20,5081,11.32,-1.7443,0,11.0
-0.16009,0.85549,0.25621,-1.6628e-20,5095,12.738,-0.454,0,11.0
-0.06683,1.0149,0.18823,-7.844699999999999e-21,5561,5.0613,-2.97,0,11.0
-0.048518,0.9805,0.17838,-1.0978e-20,5591,5.3695,-2.97,0,11.0
-0.030771,0.94715,0.16211,2.4588e-21,5621,5.6893,-2.97,0,11.0
-0.025726,0.97408,0.11769,-1.3442999999999999e-21,5623,5.6893,-3.4878,0,11.0
0.02727,0.84597,0.02908,2.0406999999999998e-21,5741,7.0919,-2.97,0,11.0
0.01324,0.97026,0.0051927,-5.2062e-23,5746,7.0919,-4.4072,0,11.0
0.01015,0.9869,0.0038025,-3.3705999999999997e-21,5747,7.0919,-4.7572,0,11.0
0.0032954,1.0209,0.0024099,-7.6467e-22,5750,7.0919,-5.9596,0,11.0
0.04372,0.82905,-0.072692,1.4468999999999998e-21,5801,7.874,-2.97,0,11.0
0.033703,0.93425,-0.056048,1.5941999999999999e-21,5804,7.874,-3.7739,0,11.0
0.029726,0.72052,-0.25838,-2.0048999999999997e-21,5889,9.1598,-2.5172,0,11.0
0.030999,1.0353,-0.11267,2.8356999999999997e-21,5895,9.1598,-4.08,0,11.0
-0.010686,0.86677,-0.33555,-1.0523999999999998e-21,5949,10.099,-2.5172,0,11.0
0.011035,1.1093,-0.16011,5.339e-21,5953,10.099,-3.4878,0,11.0
0.016286,1.0854,-0.0386,1.8595999999999999e-22,5958,10.099,-5.1314,0,11.0
-0.050099,1.1814,-0.076079,-5.836599999999999e-21,6011,11.109,-2.97,0,11.0
-0.0031239,1.1788,-0.012685,1.6228999999999998e-21,6015,11.109,-4.08,0,11.0
-0.077739,1.2196,0.16511,-5.2032e-20,6070,12.196,-2.736,0,11.0
0.00098856,1.1174,0.059911,0.0,6077,12.196,-4.7572,0,11.0
0.0093286,1.0751,0.035121,-4.1164e-22,6080,12.196,-5.9596,0,11.0
-0.07917,1.1217,-0.2345,6.1112e-20,6745,-0.57975,-2.4134,0,11.0
0.075116,0.95288,-0.27021,-4.3024e-20,6748,-1.5316,-1.7937,0,11.0
0.10285,0.8928,-0.35657,-6.9113e-20,6789,-1.3571,-1.3571,0,11.0
0.085119,0.86671,-0.45738,4.5996e-20,6819,-1.1532,-1.1532,0,11.0
0.006462,0.80488,-0.63279,5.4328e-20,6859,-0.91393,-0.91393,0,11.0
-0.1396,0.95235,-0.62427,7.8983e-20,6860,-0.76021,-1.0465,0,11.0
-0.36671,1.015,-0.49318,-1.6907e-20,6873,-0.46551,-1.1238,0,11.0
-0.45256,0.9724,-0.29949,4.7533e-20,6876,-0.19028,-1.201,0,11.0
-0.5119,0.33677,-0.062895,-3.8967e-20,6897,-0.083909,-1.066,0,11.0
-0.18406,0.0,0.0,0.0,6898,-0.64945,-0.76041,0,11.0
-0.34337,0.0,0.0,0.0,6901,-0.5225,-0.85264,0,11.0
-0.45638,0.0,0.0,0.0,6903,-0.38268,-0.92388,0,11.0
-0.52492,0.0,0.0,0.0,6906,-0.15643,-0.98769,0,11.0
-0.52342,0.0,0.0,0.0,6907,-0.078459,-0.99692,0,11.0
0.13803,0.90132,-0.17426,-1.811e-20,6923,-2.3204,-1.6853,0,11.0
0.21116,0.8203,-0.10957,7.1679e-21,6929,-2.6029,-0.84595,0,11.0
0.32551,0.65749,-0.14769,-9.2892e-21,6991,-1.87,-0.44916,0,11.0
0.25108,0.73708,-0.26466,-1.3188e-21,6994,-1.7142,-0.87328,0,11.0
0.18152,0.81022,-0.32106,4.6848e-20,6996,-1.5553,-1.1297,0,11.0
0.41278,0.51708,-0.071129,4.6756e-20,7016,-1.6271,-0.12817,0,11.0
0.35433,0.58163,-0.24845,-5.9206e-20,7019,-1.5541,-0.50503,0,11.0
0.23993,0.68006,-0.42061,5.7812e-20,7031,-1.3165,-0.80663,0,11.0
0.46453,0.37463,-0.17709,-3.9295e-20,7044,-1.3568,-0.21499,0,11.0
0.41084,0.38569,-0.36112,-5.3331e-20,7055,-1.2306,-0.39989,0,11.0
0.23073,0.57392,-0.54941,8.5025e-20,7058,-1.1031,-0.67593,0,11.0
0.082742,0.72677,-0.61783,9.5756e-20,7060,-0.98326,-0.83971,0,11.0
0.51272,0.14813,-0.19615,2.2446000000000002e-20,7071,-1.1273,-0.17859,0,11.0
0.3628,0.16903,-0.31015,-1.3955e-19,7083,-0.98812,-0.40929,0,11.0
0.53758,0.0,0.0,0.0,7089,-0.98769,-0.15643,0,11.0
0.49538,0.0,0.0,0.0,7090,-0.97237,-0.23345,0,11.0
0.19601,0.0,0.0,0.0,7094,-0.85264,-0.5225,0,11.0
0.0036916,0.0,0.0,0.0,7096,-0.76041,-0.64945,0,11.0
0.16808,0.87314,-0.033702,6.182599999999999e-21,7368,-3.5732,-0.46918,0,11.0
0.156,0.88804,-0.075581,1.6890000000000002e-20,7371,-3.3916,-1.1488,0,11.0
0.071538,0.98074,-0.071439,-2.9996e-21,8062,-4.1311,-3.4878,0,11.0
-0.010573,1.066,-0.12264,1.3529000000000001e-20,8451,-1.1464,-3.8396,0,11.0
-0.054719,1.112,-0.11246,1.9919e-20,8570,-0.23491,-3.8016,0,11.0
-0.037826,1.0942,-0.082316,-3.5896e-21,8573,-0.23383,-4.5663,0,11.0
-0.49611,0.0,0.0,0.0,82,0.70711,0.70711,0,12.0
-0.486,0.023898,0.040097,-3.4158e-20,87,0.85936,0.85936,0,12.0
-0.48698,0.24007,0.0035621,1.445e-20,92,0.89178,1.0442,0,12.0
-0.47642,0.74142,-0.048517,-1.0788e-20,101,1.2866,1.2866,0,12.0
-0.37054,1.2358,-0.060428,-2.8779e-20,112,1.5316,1.7937,0,12.0
-0.26919,1.2087,-0.064851,-2.8158e-21,120,1.8605,2.1789,0,12.0
-0.50332,0.11549,0.0003617,-8.189499999999999e-22,126,0.71472,0.98382,0,12.0
-0.53403,0.0,0.0,0.0,145,0.5225,0.85264,0,12.0
-0.50111,0.47981,-0.014786,-2.0178e-20,149,0.71792,1.1717,0,12.0
-0.42186,1.2318,0.018976,-9.5647e-20,155,1.0047,1.6399,0,12.0
-0.52831,0.27465,-0.019287,2.4034e-20,168,0.5522,1.0838,0,12.0
-0.51831,0.76623,0.015901,-2.4199e-20,191,0.52598,1.2698,0,12.0
-0.59272,0.0,0.0,0.0,208,0.30902,0.95106,0,12.0
-0.55877,0.48981,-0.0040674,4.4187e-20,210,0.37591,1.1568,0,12.0
-0.4275,1.2953,0.11841,1.3491e-20,216,0.5338,1.6426,0,12.0
-0.5738,0.6061,0.020843,7.6991e-20,231,0.28397,1.1826,0,12.0
-0.53076,1.0198,0.094007,-4.8879e-20,233,0.32087,1.3362,0,12.0
-0.38693,1.3109,0.14987,-7.643000000000001e-20,238,0.42578,1.7727,0,12.0
-0.6188,0.55639,0.049171,5.4443e-21,272,0.089562,1.1377,0,12.0
-0.56428,1.0374,0.1611,2.0621e-20,274,0.1015,1.289,0,12.0
-0.66157,0.0,0.0,0.0,292,0.0,1.0,0,12.0
-0.35221,0.0,0.0,0.0,313,1.0,0.0,0,12.0
-0.37559,-0.046371,0.057756,-6.2571999999999995e-21,319,1.212,0.095424,0,12.0
-0.35956,-0.064181,0.01102,-2.4239e-20,320,1.2925,0.0,0,12.0
-0.36226,-0.1081,-0.04002,-5.7894e-20,324,1.4555,0.0,0,12.0
-0.38347,-0.10783,-0.0095666,-2.1956999999999998e-21,325,1.4519,0.11435,0,12.0
-0.3955,-0.17743,-0.14047,1.2746e-20,333,1.8155,0.14304,0,12.0
-0.3653,-0.21684,-0.28456,1.5135000000000002e-20,338,2.1297,0.0,0,12.0
-0.3564,-0.19193,-0.44907,-1.3161e-20,348,2.7283,0.0,0,12.0
-0.38687,0.0,0.0,0.0,355,0.98769,0.15643,0,12.0
-0.42871,-0.15817,-0.24498,-1.7198e-20,367,2.1071,0.33402,0,12.0
-0.41229,-0.048962,0.10282,1.9344e-20,378,1.1826,0.28397,0,12.0
-0.41605,-0.060618,0.091436,2.6692e-20,379,1.258,0.30208,0,12.0
-0.42665,-0.078967,0.047426,4.2538e-21,381,1.4172,0.34035,0,12.0
-0.47401,-0.011884,-0.060598,-1.0842e-20,406,1.7344,0.56364,0,12.0
-0.47067,0.0887,-0.23646,-1.1321e-20,410,2.137,0.69452,0,12.0
-0.41034,0.1835,-0.35899,-1.0736e-19,413,2.4799,0.80599,0,12.0
-0.37724,0.21119,-0.38756,7.265e-20,414,2.6029,0.84595,0,12.0
-0.44148,0.0,0.0,0.0,418,0.92388,0.38268,0,12.0
-0.48978,0.20491,-0.1685,-1.3442e-20,430,1.973,0.81724,0,12.0
-0.45619,-0.037771,0.11683,1.1074e-20,441,1.0838,0.5522,0,12.0
-0.46976,0.015953,0.083385,3.6011e-20,444,1.2989,0.66178,0,12.0
-0.46035,0.50536,-0.22802,3.5549e-20,453,2.1054,1.0726,0,12.0
-0.46819,0.0,0.0,0.0,460,0.85264,0.5225,0,12.0
-0.49702,0.29251,-0.036659,9.769099999999999e-21,469,1.5546,0.95244,0,12.0
-0.47295,-0.018128,0.085564,-6.974099999999999e-21,483,0.98382,0.71472,0,12.0
-0.47523,0.051243,0.074951,-1.2112e-21,485,1.1114,0.8074,0,12.0
-0.47407,0.72568,-0.12993,-5.5624e-20,493,1.7261,1.2538,0,12.0
-0.33839,-0.17041,-0.47755,-1.0474000000000001e-20,523,3.187,0.23587,0,12.0
-0.39094,0.081198,-0.18712,-3.1568e-20,528,3.8141,0.0,0,12.0
-0.37958,0.22469,0.077101,-5.0787e-20,532,4.2681,0.0,0,12.0
-0.31905,0.098673,0.0019891,-6.2222e-20,533,4.2628,0.23492,0,12.0
-0.23156,0.4742,0.54249,1.7489000000000002e-20,540,5.282,0.0,0,12.0
-0.17316,0.42712,0.5545,-4.9266e-20,543,5.5544,0.23377,0,12.0
-0.13794,0.47376,0.59646,3.9041e-21,547,6.1409,0.23326,0,12.0
-0.13221,0.512,0.58707,-3.2044e-20,548,6.4555,0.0,0,12.0
-0.17204,0.47257,0.40435,9.0467e-20,554,7.4555,0.0,0,12.0
-0.19571,0.75732,-0.27512,-1.3544e-20,561,8.5669,0.23111,0,12.0
-0.12532,0.83992,-0.49181,9.9503e-21,565,9.382,0.23039,0,12.0
-0.077479,0.79224,-0.48772,6.8268e-22,570,10.726,0.0,0,12.0
-0.11164,0.67313,-0.17826,-3.3315e-20,626,12.738,0.454,0,12.0
-0.1708,-0.028261,-0.15968,4.3596e-20,641,4.1971,0.69968,0,12.0
-0.14969,0.086511,0.11948,1.0944e-20,643,4.6868,0.69847,0,12.0
-0.1226,0.41336,0.58402,-1.2417e-20,649,6.3905,0.6943,0,12.0
-0.23716,0.7353,0.080705,1.6864e-20,653,7.7527,0.69096,0,12.0
-0.067481,0.72774,-0.40255,1.3879e-20,662,11.654,0.68139,0,12.0
-0.20642,0.15157,-0.42212,8.1956e-20,675,3.2568,0.92918,0,12.0
-0.13755,0.050839,-0.37121,-1.4494e-20,677,3.6808,0.9279,0,12.0
-0.074511,0.18405,0.28828,-4.9613e-20,683,5.1561,0.92345,0,12.0
-0.2371,0.46397,-0.35512,-1.1908e-20,712,2.9753,1.1514,0,12.0
-0.044967,0.13831,-0.22718,2.8489e-20,717,4.0596,1.1477,0,12.0
-0.056466,0.36087,0.47137,3.9627e-20,724,5.9526,1.1414,0,12.0
-0.12152,1.0113,-0.45973,1.149e-21,733,9.2192,1.1304,0,12.0
0.018358,0.23564,-0.063915,6.603099999999999e-21,757,4.4592,1.3602,0,12.0
0.010128,0.27156,0.24531,1.2041e-20,760,5.2716,1.3574,0,12.0
-0.18613,0.85296,0.17857,-1.673e-20,766,7.19,1.3508,0,12.0
-0.1923,1.0947,-0.31579,-9.194099999999999e-21,769,8.319,1.347,0,12.0
-0.047475,0.88623,-0.3829,-2.4393e-20,774,10.499,1.3395,0,12.0
-0.082743,0.71502,-0.20988,-4.1492e-20,791,3.3928,1.5691,0,12.0
-0.0073736,0.57235,-0.14777,-1.7823e-20,793,3.8541,1.5676,0,12.0
0.048097,0.36053,0.092977,5.3744e-20,797,4.8843,1.5643,0,12.0
-0.032842,0.5585,0.36375,-4.2018000000000004e-20,801,6.0767,1.5606,0,12.0
-0.029171,0.79744,-0.31635,1.7073999999999997e-21,814,11.41,1.5437,0,12.0
-0.18325,0.98075,-0.19822,7.4774e-20,828,2.8331,1.7658,0,12.0
-0.040943,0.88702,-0.09301,2.6779e-20,871,3.586,1.9485,0,12.0
0.019444,0.7966,-0.017186,-5.973899999999999e-21,873,4.0873,1.9478,0,12.0
0.05575,0.68794,0.12283,1.8212e-20,876,4.9116,1.9466,0,12.0
0.029448,0.70961,0.21892,8.0715e-21,878,5.5135,1.9457,0,12.0
-0.083899,1.1952,0.059161,-4.1134e-20,961,6.7218,2.3126,0,12.0
0.022328,1.0246,0.13292,-1.4345e-20,996,5.0613,2.5172,0,12.0
-0.00052372,1.0939,0.1504,-4.8796e-21,998,5.6893,2.5172,0,12.0
-0.094559,1.2724,-0.11752,-4.0145e-20,1003,7.4758,2.5172,0,12.0
-0.018725,0.98904,-0.24361,-1.4807999999999999e-21,1049,10.099,2.736,0,12.0
-0.0013355,0.89482,-0.20762,-5.8826999999999995e-21,1051,11.109,2.736,0,12.0
-0.035079,1.0875,-0.22262,6.803899999999999e-21,1087,9.1598,2.97,0,12.0
0.013065,0.82042,-0.12386,6.2132e-21,1093,12.196,2.97,0,12.0
-0.0057097,1.0943,0.071314,2.9531999999999996e-21,1116,5.0613,3.2202,0,12.0
-0.027257,1.1683,-0.018053,-2.2501e-22,1201,6.7218,3.7739,0,12.0
-0.012945,1.067,-0.13394,4.8177e-21,1247,9.1598,4.08,0,12.0
0.01139,0.95104,-0.11335,5.2611999999999995e-22,1251,11.109,4.08,0,12.0
-0.019096,1.1189,-0.024804,2.5336e-23,1321,6.7218,4.7572,0,12.0
0.021981,0.93638,-0.041892,0.0,1333,12.196,4.7572,0,12.0
-0.13225,1.13,0.11704,3.7105e-20,2145,-4.3934e-16,3.1819,0,12.0
-0.095837,1.1038,0.092138,-1.8272e-20,2175,-4.2301e-16,3.807,0,12.0
-0.075718,1.0897,0.078436,-9.238199999999999e-21,2195,-4.1015e-16,4.2993,0,12.0
0.071373,0.91964,0.2743,4.7071e-20,2456,-1.5845,1.5845,0,12.0
0.043644,0.87644,0.45289,-5.0585e-20,2468,-1.1532,1.1532,0,12.0
-0.08561,0.91886,0.59729,-4.7744e-20,2475,-0.89178,1.0442,0,12.0
-0.1656,0.84165,0.64658,-2.6994999999999997e-21,2479,-0.78951,0.92446,0,12.0
-0.24584,0.0,0.0,0.0,2484,-0.64945,0.76041,0,12.0
-0.09364,0.99254,0.50179,7.6118e-20,2499,-0.90709,1.2487,0,12.0
-0.22697,1.0591,0.57487,7.243399999999999e-21,2522,-0.71792,1.1717,0,12.0
-0.42395,0.0,0.0,0.0,2527,-0.5225,0.85264,0,12.0
-0.059455,1.0494,0.25813,-1.8101e-20,2533,-1.0726,2.1054,0,12.0
-0.39859,1.0214,0.55164,-1.6501e-20,2545,-0.5522,1.0838,0,12.0
-0.5576,0.0,0.0,0.0,2569,-0.38268,0.92388,0,12.0
-0.39796,1.2153,0.47356,7.088299999999999e-21,2585,-0.42475,1.3071,0,12.0
-0.50902,1.0679,0.4361,-6.409e-20,2587,-0.37591,1.1568,0,12.0
-0.65696,0.0,0.0,0.0,2632,-0.15643,0.98769,0,12.0
-0.21415,1.1872,0.20739,-6.604400000000001e-20,2639,-0.17623,2.2362,0,12.0
-0.30626,1.2491,0.26867,-1.1387e-20,2643,-0.14304,1.8155,0,12.0
-0.50025,1.256,0.31753,-1.6532e-19,2648,-0.10781,1.369,0,12.0
-0.59125,0.98324,0.22992,2.6746e-20,2650,-0.095424,1.212,0,12.0
-0.62555,0.71851,0.14762,5.8603e-20,2651,-0.089562,1.1377,0,12.0
0.2497,0.77425,0.002111,-9.7513e-23,2660,-2.5997,0.0,0,12.0
0.31395,0.68614,0.003747,-5.7398e-23,2668,-2.1297,0.0,0,12.0
0.41082,0.51781,0.070408,-4.3001e-20,2679,-1.6271,0.12817,0,12.0
0.48783,0.34931,0.0093482,-9.256499999999999e-22,2684,-1.3725,0.0,0,12.0
0.52855,0.20261,0.011171,9.324799999999999e-21,2688,-1.2153,0.0,0,12.0
0.56307,0.04944,0.0087713,-8.5273e-22,2692,-1.0692,0.0,0,12.0
0.57332,0.0,0.0,0.0,2695,-1.0,0.0,0,12.0
0.45848,0.37621,0.1784,4.0063e-20,2711,-1.3568,0.21499,0,12.0
0.50645,0.14965,0.2015,-2.6192e-20,2714,-1.1273,0.17859,0,12.0
0.53123,0.0,0.0,0.0,2716,-0.98769,0.15643,0,12.0
0.3716,0.55465,0.19184,-8.729500000000001e-20,2729,-1.5885,0.38151,0,12.0
0.20048,0.82125,0.105,-6.348799999999999e-21,2740,-2.6029,0.84595,0,12.0
0.29248,0.6816,0.18753,1.5873000000000002e-20,2747,-1.8296,0.59459,0,12.0
0.34049,0.58465,0.24738,5.9733e-20,2750,-1.5541,0.50503,0,12.0
0.38523,0.44815,0.33236,-5.3083e-20,2753,-1.3071,0.42475,0,12.0
0.40783,0.23195,0.37118,9.6023e-20,2756,-1.0857,0.35279,0,12.0
0.42269,0.0,0.0,0.0,2758,-0.95106,0.30902,0,12.0
0.25868,0.66445,0.34306,-1.5913e-20,2792,-1.456,0.74178,0,12.0
0.25986,0.35468,0.50167,-1.8864000000000002e-19,2798,-1.0172,0.51827,0,12.0
0.26008,0.0,0.0,0.0,2800,-0.89101,0.45399,0,12.0
0.18592,0.7943,0.26722,1.0261e-22,2809,-1.7284,1.0589,0,12.0
0.20975,0.71247,0.38154,1.8101e-20,2813,-1.393,0.85347,0,12.0
0.20953,0.62336,0.50801,6.3366e-20,2816,-1.1717,0.71792,0,12.0
0.078992,0.50012,0.5791,2.5116000000000004e-19,2840,-0.92341,0.67086,0,12.0
0.062747,0.0,0.0,0.0,2842,-0.80902,0.58779,0,12.0
0.092619,0.92719,0.16576,2.6747e-20,2844,-2.2843,1.9505,0,12.0
0.10112,0.81958,0.4369,-4.8334000000000003e-20,2855,-1.2411,1.0599,0,12.0
0.064861,0.76821,0.5754,-1.3597e-20,2858,-1.0442,0.89178,0,12.0
0.13929,0.90583,0.00031148,9.2803e-22,2912,-4.3358,0.0,0,12.0
0.16559,0.87318,0.029799,-5.2697e-21,2951,-3.5732,0.46918,0,12.0
0.15455,0.88188,0.057813,-1.4179e-20,3011,-3.47,0.92747,0,12.0
0.055375,0.98034,0.074865,2.8405999999999996e-21,3372,-3.8187,3.4878,0,12.0
-0.018907,1.0416,0.09998,1.3528999999999999e-21,4180,-1.5637,4.1771,0,12.0
-0.30946,0.0,0.0,0.0,4394,0.64945,-0.76041,0,12.0
-0.3504,0.0,0.0,0.0,4402,0.45399,-0.89101,0,12.0
-0.38992,0.0,0.0,0.0,4406,0.30902,-0.95106,0,12.0
-0.43419,0.0,0.0,0.0,4410,0.15643,-0.98769,0,12.0
-0.4081,0.70943,-0.1143,-6.5730999999999996e-21,4436,0.095424,-1.212,0,12.0
-0.31278,0.20818,-0.013274,1.1095e-20,4441,0.67593,-1.1031,0,12.0
-0.31592,0.47342,-0.031412,9.9138e-21,4453,0.62391,-1.2246,0,12.0
-0.35762,1.1403,-0.27975,1.2814000000000001e-19,4459,-8.2717e-17,-1.3725,0,12.0
-0.30752,1.0653,-0.14981,-3.2880000000000005e-20,4477,0.47729,-1.4687,0,12.0
-0.26624,0.27796,-0.030077,-1.2331e-20,4483,1.1532,-1.1532,0,12.0
-0.28291,0.78846,-0.066806,-7.8059e-21,4485,0.85347,-1.393,0,12.0
-0.21356,1.2344,-0.28323,-2.7386e-20,4514,-1.8199e-16,-1.8196,0,12.0
-0.14389,1.1894,-0.22981,5.2566e-20,4558,-2.7552e-16,-2.2408,0,12.0
-0.23364,1.1862,-0.090344,2.5200999999999996e-21,4559,1.5316,-1.7937,0,12.0
-0.22826,1.2947,-0.046017,-1.0732e-20,4615,2.1213,-2.1213,0,12.0
-0.32658,0.0,0.0,0.0,4627,0.98769,-0.15643,0,12.0
-0.30952,0.0,0.0,0.0,4631,0.95106,-0.30902,0,12.0
-0.2985,0.0,0.0,0.0,4635,0.89101,-0.45399,0,12.0
-0.2963,0.0,0.0,0.0,4641,0.76041,-0.64945,0,12.0
-0.31035,-0.014176,-0.017415,-1.9755e-20,4646,1.0857,-0.35279,0,12.0
-0.29514,-0.028146,-0.024118,7.0089e-21,4651,0.86777,-0.74111,0,12.0
-0.32958,-0.033077,-0.014605,-4.7097999999999994e-21,4653,1.201,-0.19028,0,12.0
-0.29654,-0.027094,-0.039626,6.3722e-23,4657,1.0838,-0.5522,0,12.0
-0.30745,-0.037124,-0.062307,-7.321799999999999e-22,4664,1.2306,-0.39989,0,12.0
-0.28781,-0.017827,-0.031017,4.353699999999999e-22,4669,0.98326,-0.83971,0,12.0
-0.28925,-0.033024,-0.074098,1.3170000000000001e-20,4675,1.2246,-0.62391,0,12.0
-0.32667,-0.085451,-0.090596,2.6655e-20,4680,1.4391,-0.22804,0,12.0
-0.30131,-0.051021,-0.10969,-2.2764999999999996e-21,4682,1.3864,-0.45054,0,12.0
-0.27604,0.041507,-0.034624,4.071e-21,4687,1.1075,-0.94578,0,12.0
-0.34075,-0.16558,-0.1863,9.0654e-21,4715,1.8155,-0.14304,0,12.0
-0.25671,0.10046,-0.14461,1.6457e-20,4729,1.7142,-0.87328,0,12.0
-0.31433,-0.11871,-0.28462,-1.2113e-20,4743,2.1071,-0.33402,0,12.0
-0.27845,0.046568,-0.23853,8.9218e-21,4745,2.0308,-0.65999,0,12.0
-0.25238,0.20097,-0.15489,-5.1586999999999996e-21,4747,1.9027,-0.96929,0,12.0
-0.24264,0.45521,-0.076866,-1.8386999999999998e-21,4749,1.7261,-1.2538,0,12.0
-0.28968,0.18367,-0.25933,-2.206e-22,4772,2.3614,-0.76747,0,12.0
-0.29922,0.24321,-0.25525,-4.2834e-20,4781,2.4799,-0.80599,0,12.0
-0.35713,0.67473,-0.10894,-2.7675e-20,4818,2.9753,-1.1514,0,12.0
-0.4182,0.2636,-0.23486,-6.727e-20,4825,3.3622,-0.47016,0,12.0
-0.32325,1.0688,0.012212,1.0281e-20,4830,2.9641,-1.5704,0,12.0
-0.26395,1.2853,0.013133,-2.4047e-20,4832,2.6869,-1.9499,0,12.0
-0.45687,0.56748,-0.0029919,-6.490000000000001e-21,4846,3.7419,-0.70079,0,12.0
-0.38828,1.0168,0.099881,9.902499999999999e-21,4849,3.5057,-1.3635,0,12.0
-0.42285,0.37507,0.14137,-3.8574e-21,4864,4.2628,-0.23492,0,12.0
-0.45006,0.69275,0.22544,2.9558e-20,4866,4.1971,-0.69968,0,12.0
-0.41651,0.98324,0.2603,2.758e-21,4868,4.0596,-1.1477,0,12.0
-0.35272,1.2106,0.24489,6.5635e-20,4870,3.8541,-1.5676,0,12.0
-0.37157,0.642,0.43847,-7.111900000000001e-20,4885,4.728,-0.4678,0,12.0
-0.32859,1.1278,0.41068,-3.0196e-20,4889,4.4592,-1.3602,0,12.0
-0.25816,1.2695,0.2743,-9.867599999999999e-21,4892,4.0873,-1.9478,0,12.0
-0.2991,1.0201,0.4984,1.5263e-20,4898,4.812,-1.1452,0,12.0
-0.25245,0.90044,0.5608,9.867099999999999e-21,4907,5.1561,-0.92345,0,12.0
-0.20207,0.78246,0.59067,-8.736199999999998e-21,4916,5.492,-0.6965,0,12.0
-0.17803,1.0908,0.40539,4.7276e-20,4921,5.0459,-1.7602,0,12.0
-0.14732,0.88262,0.51516,5.5672e-22,4928,5.6516,-1.1424,0,12.0
-0.12356,0.71241,0.54235,4.1511e-20,4936,6.08,-0.69506,0,12.0
-0.10685,0.92272,0.42167,-1.9946e-20,4940,5.762,-1.5616,0,12.0
-0.091469,0.71998,0.47623,-4.2658e-20,4947,6.3357,-0.91989,0,12.0
-0.078504,0.90485,0.36837,-2.1869e-20,4951,5.9608,-1.7579,0,12.0
-0.10171,0.45558,0.30124,3.0141999999999997e-21,4986,7.7527,-0.69096,0,12.0
-0.13503,0.57978,-0.13585,-2.5805e-20,5005,8.5472,-0.46122,0,12.0
-0.055872,0.49214,0.036953,-1.9913000000000002e-20,5008,8.3977,-1.1332,0,12.0
0.0012661,0.54028,0.016439,3.0931e-20,5021,8.5295,-1.7514,0,12.0
-0.067645,0.64938,-0.34463,-1.6908e-20,5027,9.2813,-0.91101,0,12.0
-0.049058,0.76578,-0.47012,5.1025e-20,5059,10.499,-1.3395,0,12.0
-0.11007,0.75205,-0.46905,-3.277e-21,5075,11.684,-0.45582,0,12.0
-0.069177,0.85011,-0.44389,4.5303000000000003e-20,5081,11.32,-1.7443,0,12.0
-0.1632,0.78873,-0.14065,-2.9523e-21,5095,12.738,-0.454,0,12.0
-0.088694,1.0778,0.20512,-6.321799999999999e-21,5561,5.0613,-2.97,0,12.0
-0.071549,1.0422,0.20672,-1.5276e-20,5591,5.3695,-2.97,0,12.0
-0.054259,1.0058,0.20208,6.048999999999999e-22,5621,5.6893,-2.97,0,12.0
-0.042972,1.0162,0.15171,9.687399999999999e-22,5623,5.6893,-3.4878,0,12.0
0.0069308,0.87151,0.11797,-9.2492e-23,5741,7.0919,-2.97,0,12.0
0.0051719,0.96915,0.048092,-4.6466e-22,5746,7.0919,-4.4072,0,12.0
0.0040908,0.98376,0.039009,-3.3144e-21,5747,7.0919,-4.7572,0,12.0
0.0016946,1.0159,0.019867,-4.2217999999999998e-22,5750,7.0919,-5.9596,0,12.0
0.028878,0.82561,0.032966,1.7514e-21,5801,7.874,-2.97,0,12.0
0.025155,0.91018,0.012245,2.6878999999999997e-21,5804,7.874,-3.7739,0,12.0
0.034702,0.67269,-0.1223,-3.187e-21,5889,9.1598,-2.5172,0,12.0
0.036349,0.95975,-0.085749,5.840099999999999e-22,5895,9.1598,-4.08,0,12.0
0.019571,0.74677,-0.28801,-4.4169e-22,5949,10.099,-2.5172,0,12.0
0.035157,0.95911,-0.18964,8.5321e-22,5953,10.099,-3.4878,0,12.0
0.024768,1.0443,-0.058636,8.8363e-22,5958,10.099,-5.1314,0,12.0
-0.0060546,0.97732,-0.26063,4.249499999999999e-21,6011,11.109,-2.97,0,12.0
0.015242,1.1307,-0.10399,2.3403e-21,6015,11.109,-4.08,0,12.0
-0.070288,1.1413,-0.084185,-4.3310000000000004e-20,6070,12.196,-2.736,0,12.0
0.0066594,1.136,0.0040406,0.0,6077,12.196,-4.7572,0,12.0
0.013404,1.0832,0.007652,4.8991e-23,6080,12.196,-5.9596,0,12.0
-0.061363,1.1084,-0.23754,5.7639e-20,6745,-0.57975,-2.4134,0,12.0
0.088487,0.94288,-0.26593,-4.0196e-20,6748,-1.5316,-1.7937,0,12.0
0.11776,0.88148,-0.34903,-6.7591e-20,6789,-1.3571,-1.3571,0,12.0
0.10278,0.85354,-0.44746,4.4795e-20,6819,-1.1532,-1.1532,0,12.0
0.030187,0.78906,-0.61873,5.1329e-20,6859,-0.91393,-0.91393,0,12.0
-0.11189,0.9333,-0.61219,7.6169e-20,6860,-0.76021,-1.0465,0,12.0
-0.3311,0.99111,-0.48367,-1.6775e-20,6873,-0.46551,-1.1238,0,12.0
-0.41375,0.94472,-0.29382,4.5002e-20,6876,-0.19028,-1.201,0,12.0
-0.47018,0.32494,-0.061112,-3.7899e-20,6897,-0.083909,-1.066,0,12.0
-0.15169,0.0,0.0,0.0,6898,-0.64945,-0.76041,0,12.0
-0.30663,0.0,0.0,0.0,6901,-0.5225,-0.85264,0,12.0
-0.41631,0.0,0.0,0.0,6903,-0.38268,-0.92388,0,12.0
-0.48267,0.0,0.0,0.0,6906,-0.15643,-0.98769,0,12.0
-0.48134,0.0,0.0,0.0,6907,-0.078459,-0.99692,0,12.0
0.14704,0.8953,-0.16956,-1.8014e-20,6923,-2.3204,-1.6853,0,12.0
0.21681,0.81704,-0.10269,7.438299999999999e-21,6929,-2.6029,-0.84595,0,12.0
0.33141,0.654,-0.13628,-1.1007e-20,6991,-1.87,-0.44916,0,12.0
0.26092,0.73016,-0.25438,-3.3317e-23,6994,-1.7142,-0.87328,0,12.0
0.19393,0.80107,-0.31197,4.6134e-20,6996,-1.5553,-1.1297,0,12.0
0.4163,0.51574,-0.056818,4.8244e-20,7016,-1.6271,-0.12817,0,12.0
0.36265,0.57629,-0.2348,-6.014e-20,7019,-1.5541,-0.50503,0,12.0
0.25383,0.67031,-0.40745,5.591000000000001e-20,7031,-1.3165,-0.80663,0,12.0
0.47049,0.37159,-0.15986,-3.9726e-20,7044,-1.3568,-0.21499,0,12.0
0.42159,0.37942,-0.34342,-5.2891e-20,7055,-1.2306,-0.39989,0,12.0
0.24806,0.56291,-0.53311,7.8152e-20,7058,-1.1031,-0.67593,0,12.0
0.10437,0.71256,-0.60292,9.0296e-20,7060,-0.98326,-0.83971,0,12.0
0.51993,0.1453,-0.17878,2.0116e-20,7071,-1.1273,-0.17859,0,12.0
0.37878,0.16415,-0.29839,-1.3877000000000002e-19,7083,-0.98812,-0.40929,0,12.0
0.54523,0.0,0.0,0.0,7089,-0.98769,-0.15643,0,12.0
0.50592,0.0,0.0,0.0,7090,-0.97237,-0.23345,0,12.0
0.21791,0.0,0.0,0.0,7094,-0.85264,-0.5225,0,12.0
0.031018,0.0,0.0,0.0,7096,-0.76041,-0.64945,0,12.0
0.17111,0.87215,-0.028715,6.468199999999999e-21,7368,-3.5732,-0.46918,0,12.0
0.16091,0.88558,-0.07099,1.6417e-20,7371,-3.3916,-1.1488,0,12.0
0.077718,0.97819,-0.070391,-2.9803999999999998e-21,8062,-4.1311,-3.4878,0,12.0
0.00086082,1.0604,-0.12618,1.3347e-20,8451,-1.1464,-3.8396,0,12.0
-0.041519,1.1061,-0.11966,1.8232e-20,8570,-0.23491,-3.8016,0,12.0
-0.026942,1.0912,-0.088689,-3.2522999999999997e-21,8573,-0.23383,-4.5663,0,12.0
-0.49564,0.0,0.0,0.0,82,0.70711,0.70711,0,13.0
-0.48394,0.017069,0.044272,-3.8925e-20,87,0.85936,0.85936,0,13.0
-0.48348,0.23556,0.010809,1.6718e-20,92,0.89178,1.0442,0,13.0
-0.4789,0.76385,-0.027822,-2.8809e-21,101,1.2866,1.2866,0,13.0
-0.3925,1.2776,-0.0599,-2.2607e-20,112,1.5316,1.7937,0,13.0
-0.29724,1.2445,-0.082467,-4.2074e-21,120,1.8605,2.1789,0,13.0
-0.5027,0.11022,0.0037159,-2.6894e-21,126,0.71472,0.98382,0,13.0
-0.53533,0.0,0.0,0.0,145,0.5225,0.85264,0,13.0
-0.50125,0.48496,-0.010117,-2.3753e-20,149,0.71792,1.1717,0,13.0
-0.42914,1.2596,0.023666,-8.4464e-20,155,1.0047,1.6399,0,13.0
-0.53054,0.2742,-0.016162,2.3339e-20,168,0.5522,1.0838,0,13.0
-0.52221,0.77955,0.019591,-2.2196e-20,191,0.52598,1.2698,0,13.0
-0.59898,0.0,0.0,0.0,208,0.30902,0.95106,0,13.0
-0.56447,0.49513,-0.0016408,4.7686e-20,210,0.37591,1.1568,0,13.0
-0.43384,1.3162,0.12041,1.3087e-20,216,0.5338,1.6426,0,13.0
-0.58132,0.61413,0.023142,8.133700000000001e-20,231,0.28397,1.1826,0,13.0
-0.53797,1.0373,0.097369,-4.9865e-20,233,0.32087,1.3362,0,13.0
-0.39404,1.3297,0.15062,-7.5916e-20,238,0.42578,1.7727,0,13.0
-0.63017,0.56319,0.05078,-1.2824e-21,272,0.089562,1.1377,0,13.0
-0.57474,1.0538,0.16459,1.9197e-20,274,0.1015,1.289,0,13.0
-0.67532,0.0,0.0,0.0,292,0.0,1.0,0,13.0
-0.36958,0.0,0.0,0.0,313,1.0,0.0,0,13.0
-0.39427,-0.040126,0.16563,-5.3706e-21,319,1.212,0.095424,0,13.0
-0.37671,-0.056784,0.14055,-2.6838e-20,320,1.2925,0.0,0,13.0
-0.38173,-0.098007,0.10843,-6.4975e-20,324,1.4555,0.0,0,13.0
-0.405,-0.088219,0.13491,6.374e-21,325,1.4519,0.11435,0,13.0
-0.42926,-0.13833,0.02098,3.1029e-20,333,1.8155,0.14304,0,13.0
-0.39854,-0.20669,-0.12893,1.6059e-20,338,2.1297,0.0,0,13.0
-0.36767,-0.20826,-0.39513,-1.8193e-20,348,2.7283,0.0,0,13.0
-0.40917,0.0,0.0,0.0,355,0.98769,0.15643,0,13.0
-0.48219,-0.069542,-0.097579,-1.7821000000000002e-20,367,2.1071,0.33402,0,13.0
-0.4297,-0.042663,0.18808,1.653e-20,378,1.1826,0.28397,0,13.0
-0.43309,-0.046878,0.19425,2.2748e-20,379,1.258,0.30208,0,13.0
-0.44523,-0.047963,0.17066,-1.5742999999999998e-21,381,1.4172,0.34035,0,13.0
-0.5011,0.059645,0.061903,1.9779e-20,406,1.7344,0.56364,0,13.0
-0.53051,0.20757,-0.12822,-6.831599999999999e-21,410,2.137,0.69452,0,13.0
-0.49755,0.35013,-0.29721,-8.7092e-20,413,2.4799,0.80599,0,13.0
-0.47027,0.39562,-0.34714,6.7584e-20,414,2.6029,0.84595,0,13.0
-0.45707,0.0,0.0,0.0,418,0.92388,0.38268,0,13.0
-0.53346,0.29855,-0.072199,1.0081000000000001e-20,430,1.973,0.81724,0,13.0
-0.46233,-0.035839,0.15362,8.428899999999999e-21,441,1.0838,0.5522,0,13.0
-0.47225,0.034725,0.15368,3.5853e-20,444,1.2989,0.66178,0,13.0
-0.51828,0.60954,-0.17342,1.7792e-20,453,2.1054,1.0726,0,13.0
-0.47504,0.0,0.0,0.0,460,0.85264,0.5225,0,13.0
-0.50397,0.32525,0.027666,2.367e-20,469,1.5546,0.95244,0,13.0
-0.47281,-0.021537,0.098823,-8.625799999999999e-21,483,0.98382,0.71472,0,13.0
-0.47135,0.049074,0.10399,-2.0101999999999997e-21,485,1.1114,0.8074,0,13.0
-0.49951,0.78028,-0.092914,-3.2221e-20,493,1.7261,1.2538,0,13.0
-0.34548,-0.1202,-0.53519,-3.8715e-20,523,3.187,0.23587,0,13.0
-0.31913,-0.033033,-0.47155,-7.8257e-21,528,3.8141,0.0,0,13.0
-0.33385,0.11893,-0.27091,-5.4593e-20,532,4.2681,0.0,0,13.0
-0.28076,0.022131,-0.35101,-4.5252e-20,533,4.2628,0.23492,0,13.0
-0.28203,0.44427,0.32826,3.1445e-20,540,5.282,0.0,0,13.0
-0.20856,0.4106,0.39268,-7.268000000000001e-20,543,5.5544,0.23377,0,13.0
-0.14769,0.52634,0.54767,2.9608e-20,547,6.1409,0.23326,0,13.0
-0.13599,0.61438,0.58435,2.6651e-20,548,6.4555,0.0,0,13.0
-0.12057,0.56166,0.55329,4.1832e-20,554,7.4555,0.0,0,13.0
-0.20179,0.62388,0.1793,-6.490599999999999e-21,561,8.5669,0.23111,0,13.0
-0.18428,0.77964,-0.27726,5.841499999999999e-21,565,9.382,0.23039,0,13.0
-0.08844,0.82893,-0.49576,-2.8432999999999998e-21,570,10.726,0.0,0,13.0
-0.082144,0.71986,-0.38965,-1.8588e-20,626,12.738,0.454,0,13.0
-0.16072,0.034219,-0.44352,3.6461e-20,641,4.1971,0.69968,0,13.0
-0.14345,0.064105,-0.21836,-7.856499999999999e-21,643,4.6868,0.69847,0,13.0
-0.093799,0.46199,0.51444,-1.5203e-20,649,6.3905,0.6943,0,13.0
-0.16093,0.57619,0.49411,2.3584e-20,653,7.7527,0.69096,0,13.0
-0.060969,0.82625,-0.42662,8.3588e-21,662,11.654,0.68139,0,13.0
-0.28125,0.40835,-0.46364,8.9393e-20,675,3.2568,0.92918,0,13.0
-0.17973,0.30177,-0.46841,-3.8234e-20,677,3.6808,0.9279,0,13.0
-0.072859,0.15843,0.007137,-5.7185e-20,683,5.1561,0.92345,0,13.0
-0.33049,0.67574,-0.39792,-1.7964999999999997e-21,712,2.9753,1.1514,0,13.0
-0.075551,0.36192,-0.3639,1.7934e-20,717,4.0596,1.1477,0,13.0
-0.029567,0.33097,0.32099,5.912000000000001e-20,724,5.9526,1.1414,0,13.0
-0.19233,1.0266,-0.31985,4.4880000000000004e-21,733,9.2192,1.1304,0,13.0
-0.00077159,0.39103,-0.23136,1.5913e-20,757,4.4592,1.3602,0,13.0
0.020865,0.2553,0.010616,6.6706e-22,760,5.2716,1.3574,0,13.0
-0.083372,0.59396,0.46929,-4.2038e-21,766,7.19,1.3508,0,13.0
-0.20293,0.94747,0.05304,-3.1008e-20,769,8.319,1.347,0,13.0
-0.076118,0.98164,-0.42355,-1.8049e-20,774,10.499,1.3395,0,13.0
-0.15419,0.85866,-0.30151,-4.6427e-20,791,3.3928,1.5691,0,13.0
-0.062532,0.73005,-0.25086,-8.187199999999999e-21,793,3.8541,1.5676,0,13.0
0.04487,0.42077,-0.086895,3.3355e-20,797,4.8843,1.5643,0,13.0
0.023393,0.40361,0.28425,-4.4488e-20,801,6.0767,1.5606,0,13.0
-0.038522,0.89351,-0.35237,1.9012e-21,814,11.41,1.5437,0,13.0
-0.25058,1.0727,-0.25928,8.640500000000001e-20,828,2.8331,1.7658,0,13.0
-0.092384,0.93789,-0.19184,3.9886e-20,871,3.586,1.9485,0,13.0
-0.018252,0.83949,-0.12775,-4.3574e-21,873,4.0873,1.9478,0,13.0
0.057331,0.6853,0.0083288,3.5528e-21,876,4.9116,1.9466,0,13.0
0.068395,0.59533,0.11746,4.4452999999999996e-21,878,5.5135,1.9457,0,13.0
-0.0036801,0.96194,0.22219,-1.1016e-20,961,6.7218,2.3126,0,13.0
0.040251,0.92352,0.07896,-1.3522e-20,996,5.0613,2.5172,0,13.0
0.04705,0.94459,0.15752,-6.7551999999999995e-21,998,5.6893,2.5172,0,13.0
-0.062068,1.2048,0.072333,-3.2217e-20,1003,7.4758,2.5172,0,13.0
-0.036354,1.0791,-0.25144,-1.8137999999999997e-21,1049,10.099,2.736,0,13.0
-0.013623,0.97245,-0.23961,-7.704799999999999e-21,1051,11.109,2.736,0,13.0
-0.049862,1.1775,-0.18922,1.0068e-20,1087,9.1598,2.97,0,13.0
0.0051599,0.88773,-0.17807,5.550399999999999e-21,1093,12.196,2.97,0,13.0
0.0095638,1.0163,0.05379,9.1102e-21,1116,5.0613,3.2202,0,13.0
-0.0032808,1.1362,0.046247,8.3829e-22,1201,6.7218,3.7739,0,13.0
-0.016247,1.1157,-0.1094,4.1415e-21,1247,9.1598,4.08,0,13.0
0.0038069,0.99863,-0.13492,4.9132e-22,1251,11.109,4.08,0,13.0
-0.0072192,1.1047,0.0096203,-3.2745999999999996e-22,1321,6.7218,4.7572,0,13.0
0.016427,0.96115,-0.076582,0.0,1333,12.196,4.7572,0,13.0
-0.13825,1.1405,0.11278,3.8157e-20,2145,-4.3934e-16,3.1819,0,13.0
-0.10121,1.1116,0.086764,-1.8953e-20,2175,-4.2301e-16,3.807,0,13.0
-0.080553,1.0955,0.072813,-9.6269e-21,2195,-4.1015e-16,4.2993,0,13.0
0.067315,0.92731,0.28038,4.7717e-20,2456,-1.5845,1.5845,0,13.0
0.036462,0.88635,0.46207,-5.0963000000000003e-20,2468,-1.1532,1.1532,0,13.0
-0.096657,0.9311,0.60769,-4.6928e-20,2475,-0.89178,1.0442,0,13.0
-0.1799,0.85401,0.65754,-5.4726e-22,2479,-0.78951,0.92446,0,13.0
-0.26335,0.0,0.0,0.0,2484,-0.64945,0.76041,0,13.0
-0.10273,1.0046,0.51018,7.8386e-20,2499,-0.90709,1.2487,0,13.0
-0.23906,1.0731,0.58367,5.808499999999999e-21,2522,-0.71792,1.1717,0,13.0
-0.4427,0.0,0.0,0.0,2527,-0.5225,0.85264,0,13.0
-0.064367,1.0593,0.26135,-1.8384e-20,2533,-1.0726,2.1054,0,13.0
-0.41447,1.0359,0.56,-1.8344e-20,2545,-0.5522,1.0838,0,13.0
-0.57647,0.0,0.0,0.0,2569,-0.38268,0.92388,0,13.0
-0.41057,1.2316,0.47993,6.0037e-21,2585,-0.42475,1.3071,0,13.0
-0.52486,1.0832,0.44263,-6.5594e-20,2587,-0.37591,1.1568,0,13.0
-0.67363,0.0,0.0,0.0,2632,-0.15643,0.98769,0,13.0
-0.22062,1.201,0.20747,-6.651000000000001e-20,2639,-0.17623,2.2362,0,13.0
-0.31394,1.2644,0.27061,-1.1061e-20,2643,-0.14304,1.8155,0,13.0
-0.51179,1.274,0.32193,-1.6725000000000002e-19,2648,-0.10781,1.369,0,13.0
-0.60501,0.99786,0.2339,3.0820000000000004e-20,2650,-0.095424,1.212,0,13.0
-0.64009,0.72845,0.15026,6.1578e-20,2651,-0.089562,1.1377,0,13.0
0.25018,0.7742,0.0095321,-5.4886e-23,2660,-2.5997,0.0,0,13.0
0.3144,0.68609,0.013101,-1.5437e-22,2668,-2.1297,0.0,0,13.0
0.41033,0.51881,0.082872,-4.2050000000000006e-20,2679,-1.6271,0.12817,0,13.0
0.4881,0.34928,0.024223,-1.129e-21,2684,-1.3725,0.0,0,13.0
0.52874,0.20259,0.026903,1.3723e-20,2688,-1.2153,0.0,0,13.0
0.56319,0.049431,0.018712,-1.1568999999999999e-21,2692,-1.0692,0.0,0,13.0
0.57343,0.0,0.0,0.0,2695,-1.0,0.0,0,13.0
0.45635,0.37858,0.19311,3.9515e-20,2711,-1.3568,0.21499,0,13.0
0.50312,0.15187,0.21577,-2.7557e-20,2714,-1.1273,0.17859,0,13.0
0.52748,0.0,0.0,0.0,2716,-0.98769,0.15643,0,13.0
0.36942,0.55775,0.20401,-8.8039e-20,2729,-1.5885,0.38151,0,13.0
0.19942,0.82389,0.11158,-6.235099999999999e-21,2740,-2.6029,0.84595,0,13.0
0.29038,0.68521,0.19751,1.4546e-20,2747,-1.8296,0.59459,0,13.0
0.3375,0.58879,0.25931,5.8789e-20,2750,-1.5541,0.50503,0,13.0
0.38078,0.45289,0.34659,-4.9953e-20,2753,-1.3071,0.42475,0,13.0
0.40115,0.23635,0.38497,9.7442e-20,2756,-1.0857,0.35279,0,13.0
0.4152,0.0,0.0,0.0,2758,-0.95106,0.30902,0,13.0
0.25413,0.6706,0.3543,-1.4441e-20,2792,-1.456,0.74178,0,13.0
0.25002,0.36117,0.51467,-1.9146e-19,2798,-1.0172,0.51827,0,13.0
0.24911,0.0,0.0,0.0,2800,-0.89101,0.45399,0,13.0
0.18246,0.80027,0.27566,8.720999999999999e-22,2809,-1.7284,1.0589,0,13.0
0.20448,0.7196,0.39236,1.6497e-20,2813,-1.393,0.85347,0,13.0
0.20186,0.63151,0.52099,6.5424e-20,2816,-1.1717,0.71792,0,13.0
0.066325,0.50853,0.591,2.5595e-19,2840,-0.92341,0.67086,0,13.0
0.048692,0.0,0.0,0.0,2842,-0.80902,0.58779,0,13.0
0.090154,0.93248,0.17008,2.7154e-20,2844,-2.2843,1.9505,0,13.0
0.094517,0.82859,0.44668,-5.0205e-20,2855,-1.2411,1.0599,0,13.0
0.055327,0.77849,0.5872,-1.2729e-20,2858,-1.0442,0.89178,0,13.0
0.13977,0.90581,0.0040538,1.0965999999999998e-21,2912,-4.3358,0.0,0,13.0
0.16559,0.87399,0.034645,-5.1601e-21,2951,-3.5732,0.46918,0,13.0
0.15406,0.88354,0.062509,-1.4417e-20,3011,-3.47,0.92747,0,13.0
0.053825,0.98314,0.076259,2.8640999999999996e-21,3372,-3.8187,3.4878,0,13.0
-0.022066,1.0466,0.098754,1.3932999999999998e-21,4180,-1.5637,4.1771,0,13.0
-0.30898,0.0,0.0,0.0,4394,0.64945,-0.76041,0,13.0
-0.3471,0.0,0.0,0.0,4402,0.45399,-0.89101,0,13.0
-0.38335,0.0,0.0,0.0,4406,0.30902,-0.95106,0,13.0
-0.42393,0.0,0.0,0.0,4410,0.15643,-0.98769,0,13.0
-0.39687,0.69697,-0.11137,-1.2565e-20,4436,0.095424,-1.212,0,13.0
-0.31182,0.20863,-0.0075106,7.2818e-21,4441,0.67593,-1.1031,0,13.0
-0.31323,0.46424,-0.026054,1.1593e-20,4453,0.62391,-1.2246,0,13.0
-0.34624,1.1209,-0.27551,1.267e-19,4459,-8.2717e-17,-1.3725,0,13.0
-0.30079,1.0424,-0.14578,-3.1808e-20,4477,0.47729,-1.4687,0,13.0
-0.26684,0.26691,-0.0052289,-1.5550000000000002e-20,4483,1.1532,-1.1532,0,13.0
-0.27927,0.76535,-0.058534,-1.175e-20,4485,0.85347,-1.393,0,13.0
-0.20487,1.2176,-0.28222,-2.7146e-20,4514,-1.8199e-16,-1.8196,0,13.0
-0.13592,1.1744,-0.23099,5.2222e-20,4558,-2.7552e-16,-2.2408,0,13.0
-0.20835,1.1362,-0.090557,8.574e-21,4559,1.5316,-1.7937,0,13.0
-0.19108,1.2489,-0.077164,-7.2998e-21,4615,2.1213,-2.1213,0,13.0
-0.33463,0.0,0.0,0.0,4627,0.98769,-0.15643,0,13.0
-0.30973,0.0,0.0,0.0,4631,0.95106,-0.30902,0,13.0
-0.29553,0.0,0.0,0.0,4635,0.89101,-0.45399,0,13.0
-0.29511,0.0,0.0,0.0,4641,0.76041,-0.64945,0,13.0
-0.31303,-0.006485,0.046344,-3.2369e-20,4646,1.0857,-0.35279,0,13.0
-0.29528,-0.022531,-0.012328,7.3611e-21,4651,0.86777,-0.74111,0,13.0
-0.33941,-0.028484,0.092671,-6.4394999999999994e-21,4653,1.201,-0.19028,0,13.0
-0.29718,-0.023908,0.014963,-3.674e-22,4657,1.0838,-0.5522,0,13.0
-0.31162,-0.040106,0.03818,-1.0399e-21,4664,1.2306,-0.39989,0,13.0
-0.28993,-0.013112,-0.0071097,-1.0007e-22,4669,0.98326,-0.83971,0,13.0
-0.29126,-0.043553,0.0034693,1.1152e-20,4675,1.2246,-0.62391,0,13.0
-0.3382,-0.094398,0.051548,2.9654e-20,4680,1.4391,-0.22804,0,13.0
-0.30591,-0.071183,0.009562,-1.1612e-21,4682,1.3864,-0.45054,0,13.0
-0.27914,0.039719,-0.0019575,5.950299999999999e-21,4687,1.1075,-0.94578,0,13.0
-0.3603,-0.17991,-0.025026,1.1142e-20,4715,1.8155,-0.14304,0,13.0
-0.24408,0.029519,-0.055711,2.7570000000000004e-20,4729,1.7142,-0.87328,0,13.0
-0.31369,-0.19045,-0.14792,-9.235699999999999e-21,4743,2.1071,-0.33402,0,13.0
-0.25562,-0.057874,-0.13219,2.5079e-20,4745,2.0308,-0.65999,0,13.0
-0.22434,0.10856,-0.079366,2.7095e-20,4747,1.9027,-0.96929,0,13.0
-0.21701,0.38978,-0.035055,2.3829e-20,4749,1.7261,-1.2538,0,13.0
-0.23306,0.037137,-0.2021,-3.5447999999999994e-21,4772,2.3614,-0.76747,0,13.0
-0.22942,0.084645,-0.22112,1.7937e-21,4781,2.4799,-0.80599,0,13.0
-0.24802,0.5005,-0.18534,-1.1396e-20,4818,2.9753,-1.1514,0,13.0
-0.30982,0.075341,-0.40079,-4.0264e-20,4825,3.3622,-0.47016,0,13.0
-0.23607,0.91363,-0.072002,1.0561e-20,4830,2.9641,-1.5704,0,13.0
-0.2071,1.2073,-0.047354,-1.3404e-20,4832,2.6869,-1.9499,0,13.0
-0.35407,0.40152,-0.23212,-4.950499999999999e-21,4846,3.7419,-0.70079,0,13.0
-0.30337,0.85122,-0.058114,1.4854e-20,4849,3.5057,-1.3635,0,13.0
-0.37323,0.25596,-0.18882,-3.8847e-20,4864,4.2628,-0.23492,0,13.0
-0.39962,0.5679,-0.054353,-1.4421e-20,4866,4.1971,-0.69968,0,13.0
-0.3709,0.8517,0.032317,1.7531e-24,4868,4.0596,-1.1477,0,13.0
-0.31638,1.1138,0.081311,5.0816e-20,4870,3.8541,-1.5676,0,13.0
-0.39446,0.5715,0.15034,-7.2948e-21,4885,4.728,-0.4678,0,13.0
-0.34889,1.0961,0.23685,-1.3754e-20,4889,4.4592,-1.3602,0,13.0
-0.25859,1.2989,0.1728,-8.6358e-21,4892,4.0873,-1.9478,0,13.0
-0.35188,1.0235,0.33725,4.245e-21,4898,4.812,-1.1452,0,13.0
-0.32726,0.93757,0.43849,8.5964e-21,4907,5.1561,-0.92345,0,13.0
-0.27978,0.8427,0.52119,-9.4271e-21,4916,5.492,-0.6965,0,13.0
-0.22578,1.2003,0.36892,2.6667e-20,4921,5.0459,-1.7602,0,13.0
-0.2141,0.99974,0.51987,9.522599999999999e-21,4928,5.6516,-1.1424,0,13.0
-0.17431,0.82226,0.5763,4.9401e-20,4936,6.08,-0.69506,0,13.0
-0.15812,1.0489,0.44672,-1.6860000000000002e-20,4940,5.762,-1.5616,0,13.0
-0.13101,0.84544,0.53371,-4.3521000000000003e-20,4947,6.3357,-0.91989,0,13.0
-0.12104,1.0227,0.40343,-2.6329e-20,4951,5.9608,-1.7579,0,13.0
-0.081673,0.59518,0.44076,7.4157e-21,4986,7.7527,-0.69096,0,13.0
-0.12956,0.51179,0.26963,-4.6104e-20,5005,8.5472,-0.46122,0,13.0
-0.053942,0.5417,0.28815,-1.8085e-20,5008,8.3977,-1.1332,0,13.0
-0.0081574,0.61729,0.18258,3.1404e-20,5021,8.5295,-1.7514,0,13.0
-0.084406,0.55634,-0.048752,-2.3344e-20,5027,9.2813,-0.91101,0,13.0
-0.037835,0.71618,-0.37427,5.8467e-20,5059,10.499,-1.3395,0,13.0
-0.077633,0.79437,-0.49265,1.1155999999999999e-21,5075,11.684,-0.45582,0,13.0
-0.03247,0.79641,-0.43304,3.6579e-20,5081,11.32,-1.7443,0,13.0
-0.11537,0.77012,-0.42173,6.5682e-21,5095,12.738,-0.454,0,13.0
-0.10618,1.1424,0.1952,-4.4064999999999994e-21,5561,5.0613,-2.97,0,13.0
-0.091556,1.1093,0.20831,-1.8987000000000002e-20,5591,5.3695,-2.97,0,13.0
-0.075787,1.0734,0.21556,-1.4587999999999998e-21,5621,5.6893,-2.97,0,13.0
-0.058908,1.0671,0.16478,3.1288999999999998e-21,5623,5.6893,-3.4878,0,13.0
-0.01409,0.92417,0.18025,-1.6629e-21,5741,7.0919,-2.97,0,13.0
-0.0054872,0.9871,0.083961,-7.8508e-22,5746,7.0919,-4.4072,0,13.0
-0.0046743,0.99708,0.069673,-2.9912999999999997e-21,5747,7.0919,-4.7572,0,13.0
-0.002584,1.0202,0.037117,-3.3212e-24,5750,7.0919,-5.9596,0,13.0
0.010407,0.85825,0.12201,1.9425e-21,5801,7.874,-2.97,0,13.0
0.012059,0.92109,0.07537,3.2030999999999996e-21,5804,7.874,-3.7739,0,13.0
0.027021,0.69673,0.0096757,-3.8395e-21,5889,9.1598,-2.5172,0,13.0
0.031925,0.91901,-0.027175,-1.6360000000000001e-21,5895,9.1598,-4.08,0,13.0
0.026071,0.68346,-0.14914,-8.9139e-23,5949,10.099,-2.5172,0,13.0
0.041007,0.87192,-0.12835,-7.754999999999999e-22,5953,10.099,-3.4878,0,13.0
0.02768,1.0007,-0.050728,1.0571e-21,5958,10.099,-5.1314,0,13.0
0.02284,0.82823,-0.26322,2.4974999999999997e-21,6011,11.109,-2.97,0,13.0
0.031019,1.0284,-0.14538,1.1317e-21,6015,11.109,-4.08,0,13.0
-0.026323,0.96909,-0.30095,-2.7043e-20,6070,12.196,-2.736,0,13.0
0.016673,1.1155,-0.059588,0.0,6077,12.196,-4.7572,0,13.0
0.017885,1.0741,-0.02169,5.9556e-22,6080,12.196,-5.9596,0,13.0
-0.054799,1.0968,-0.23722,5.666200000000001e-20,6745,-0.57975,-2.4134,0,13.0
0.093598,0.93468,-0.26092,-3.9020000000000005e-20,6748,-1.5316,-1.7937,0,13.0
0.12395,0.87255,-0.34155,-6.7237e-20,6789,-1.3571,-1.3571,0,13.0
0.11076,0.84339,-0.43826,4.4392e-20,6819,-1.1532,-1.1532,0,13.0
0.0425,0.7772,-0.60691,4.9225000000000003e-20,6859,-0.91393,-0.91393,0,13.0
-0.098119,0.91946,-0.60192,7.4715e-20,6860,-0.76021,-1.0465,0,13.0
-0.31469,0.97563,-0.47604,-1.7182e-20,6873,-0.46551,-1.1238,0,13.0
-0.39867,0.92903,-0.28886,4.3773e-20,6876,-0.19028,-1.201,0,13.0
-0.45496,0.32065,-0.05999,-3.9459000000000003e-20,6897,-0.083909,-1.066,0,13.0
-0.13394,0.0,0.0,0.0,6898,-0.64945,-0.76041,0,13.0
-0.28767,0.0,0.0,0.0,6901,-0.5225,-0.85264,0,13.0
-0.39726,0.0,0.0,0.0,6903,-0.38268,-0.92388,0,13.0
-0.46587,0.0,0.0,0.0,6906,-0.15643,-0.98769,0,13.0
-0.46588,0.0,0.0,0.0,6907,-0.078459,-0.99692,0,13.0
0.1504,0.89018,-0.1646,-1.8006e-20,6923,-2.3204,-1.6853,0,13.0
0.21886,0.8143,-0.096125,7.5504e-21,6929,-2.6029,-0.84595,0,13.0
0.33376,0.65118,-0.12607,-1.1884e-20,6991,-1.87,-0.44916,0,13.0
0.26507,0.72463,-0.24501,6.862999999999999e-22,6994,-1.7142,-0.87328,0,13.0
0.19917,0.79381,-0.30344,4.6086e-20,6996,-1.5553,-1.1297,0,13.0
0.41752,0.51464,-0.044346,4.9043e-20,7016,-1.6271,-0.12817,0,13.0
0.36639,0.57204,-0.22284,-6.0948e-20,7019,-1.5541,-0.50503,0,13.0
0.26049,0.66269,-0.39588,5.5056e-20,7031,-1.3165,-0.80663,0,13.0
0.47316,0.36916,-0.14512,-4.0145e-20,7044,-1.3568,-0.21499,0,13.0
0.42719,0.37445,-0.32845,-5.2995e-20,7055,-1.2306,-0.39989,0,13.0
0.25732,0.55436,-0.51939,7.3041e-20,7058,-1.1031,-0.67593,0,13.0
0.11576,0.70176,-0.5904,8.6422e-20,7060,-0.98326,-0.83971,0,13.0
0.52354,0.14306,-0.16448,1.8672e-20,7071,-1.1273,-0.17859,0,13.0
0.38802,0.16043,-0.28915,-1.3896000000000002e-19,7083,-0.98812,-0.40929,0,13.0
0.54917,0.0,0.0,0.0,7089,-0.98769,-0.15643,0,13.0
0.51176,0.0,0.0,0.0,7090,-0.97237,-0.23345,0,13.0
0.23069,0.0,0.0,0.0,7094,-0.85264,-0.5225,0,13.0
0.046628,0.0,0.0,0.0,7096,-0.76041,-0.64945,0,13.0
0.17209,0.87126,-0.02388,6.5824999999999994e-21,7368,-3.5732,-0.46918,0,13.0
0.16263,0.88341,-0.066435,1.6241e-20,7371,-3.3916,-1.1488,0,13.0
0.080002,0.97567,-0.069054,-2.9652999999999996e-21,8062,-4.1311,-3.4878,0,13.0
0.0054993,1.0543,-0.12802,1.3125000000000001e-20,8451,-1.1464,-3.8396,0,13.0
-0.035664,1.0987,-0.12435,1.7487e-20,8570,-0.23491,-3.8016,0,13.0
-0.02193,1.0865,-0.093633,-3.0847999999999996e-21,8573,-0.23383,-4.5663,0,13.0
-0.4694,0.0,0.0,0.0,82,0.70711,0.70711,0,14.0
-0.45753,0.0062852,0.045458,-4.2361e-20,87,0.85936,0.85936,0,14.0
-0.45552,0.21581,0.018278,2.0788e-20,92,0.89178,1.0442,0,14.0
-0.45039,0.74693,-0.0010295,2.3486999999999997e-21,101,1.2866,1.2866,0,14.0
-0.39021,1.3025,-0.039376,-1.4923e-20,112,1.5316,1.7937,0,14.0
-0.30983,1.28,-0.077168,-5.283899999999999e-21,120,1.8605,2.1789,0,14.0
-0.47703,0.096892,0.0088409,-4.5156999999999995e-21,126,0.71472,0.98382,0,14.0
-0.51015,0.0,0.0,0.0,145,0.5225,0.85264,0,14.0
-0.47609,0.46896,-0.0015786,-2.6098e-20,149,0.71792,1.1717,0,14.0
-0.41277,1.2669,0.039824,-7.1017e-20,155,1.0047,1.6399,0,14.0
-0.50646,0.26042,-0.010063,2.2086e-20,168,0.5522,1.0838,0,14.0
-0.50029,0.76906,0.027496,-1.8961000000000002e-20,191,0.52598,1.2698,0,14.0
-0.57697,0.0,0.0,0.0,208,0.30902,0.95106,0,14.0
-0.54284,0.48305,0.0033258,5.0311e-20,210,0.37591,1.1568,0,14.0
-0.41891,1.322,0.13088,1.2257e-20,216,0.5338,1.6426,0,14.0
-0.56131,0.60365,0.027403,8.3716e-20,231,0.28397,1.1826,0,14.0
-0.51974,1.0325,0.10423,-4.9104e-20,233,0.32087,1.3362,0,14.0
-0.38193,1.3373,0.15989,-7.2354e-20,238,0.42578,1.7727,0,14.0
-0.61344,0.5552,0.052575,-1.1225e-20,272,0.089562,1.1377,0,14.0
-0.55943,1.0502,0.16931,1.6077e-20,274,0.1015,1.289,0,14.0
-0.66055,0.0,0.0,0.0,292,0.0,1.0,0,14.0
-0.38063,0.0,0.0,0.0,313,1.0,0.0,0,14.0
-0.40002,-0.029456,0.23021,-3.2347999999999997e-21,319,1.212,0.095424,0,14.0
-0.38598,-0.043052,0.2292,-2.1815e-20,320,1.2925,0.0,0,14.0
-0.39226,-0.07823,0.22379,-5.217e-20,324,1.4555,0.0,0,14.0
-0.41069,-0.063243,0.24453,1.5052000000000002e-20,325,1.4519,0.11435,0,14.0
-0.44367,-0.091923,0.17231,4.4388e-20,333,1.8155,0.14304,0,14.0
-0.43284,-0.16377,0.055553,1.2379e-20,338,2.1297,0.0,0,14.0
-0.42302,-0.1511,-0.22997,-1.7008e-20,348,2.7283,0.0,0,14.0
-0.41409,0.0,0.0,0.0,355,0.98769,0.15643,0,14.0
-0.50581,0.0086145,0.065084,-1.4895000000000002e-20,367,2.1071,0.33402,0,14.0
-0.42549,-0.033467,0.23173,1.0101e-20,378,1.1826,0.28397,0,14.0
-0.42747,-0.032422,0.25569,1.3868e-20,379,1.258,0.30208,0,14.0
-0.43763,-0.021887,0.25968,-5.586399999999999e-21,381,1.4172,0.34035,0,14.0
-0.48823,0.10422,0.17228,4.2352e-20,406,1.7344,0.56364,0,14.0
-0.5437,0.2771,0.003693,1.3973999999999999e-21,410,2.137,0.69452,0,14.0
-0.55122,0.45056,-0.18154,-3.7109e-20,413,2.4799,0.80599,0,14.0
-0.53831,0.51171,-0.24826,5.9262e-20,414,2.6029,0.84595,0,14.0
-0.44608,0.0,0.0,0.0,418,0.92388,0.38268,0,14.0
-0.52803,0.33977,0.038035,2.8744e-20,430,1.973,0.81724,0,14.0
-0.44296,-0.033954,0.16367,5.8415999999999996e-21,441,1.0838,0.5522,0,14.0
-0.44568,0.038503,0.19867,2.2637e-20,444,1.2989,0.66178,0,14.0
-0.52931,0.645,-0.085033,-2.0119e-21,453,2.1054,1.0726,0,14.0
-0.45472,0.0,0.0,0.0,460,0.85264,0.5225,0,14.0
-0.47194,0.31714,0.087886,2.9894e-20,469,1.5546,0.95244,0,14.0
-0.44793,-0.026686,0.098883,-9.141399999999999e-21,483,0.98382,0.71472,0,14.0
-0.44216,0.036035,0.11734,2.8401999999999996e-21,485,1.1114,0.8074,0,14.0
-0.48392,0.7788,-0.038937,-4.738899999999999e-21,493,1.7261,1.2538,0,14.0
-0.41138,0.023476,-0.44914,-5.4777e-20,523,3.187,0.23587,0,14.0
-0.2873,-0.056083,-0.5941,1.915e-20,528,3.8141,0.0,0,14.0
-0.26567,0.015455,-0.56211,-3.7823e-20,532,4.2681,0.0,0,14.0
-0.24117,0.028599,-0.59694,-4.1604e-20,533,4.2628,0.23492,0,14.0
-0.28716,0.34166,-0.038085,4.0572e-20,540,5.282,0.0,0,14.0
-0.23024,0.32976,0.062665,-6.7338e-20,543,5.5544,0.23377,0,14.0
-0.18529,0.49118,0.37623,3.1630000000000005e-20,547,6.1409,0.23326,0,14.0
-0.17593,0.63188,0.51812,8.2466e-20,548,6.4555,0.0,0,14.0
-0.10624,0.67558,0.55545,5.1737999999999994e-21,554,7.4555,0.0,0,14.0
-0.14092,0.5934,0.50758,1.9121e-21,561,8.5669,0.23111,0,14.0
-0.19341,0.6605,0.17125,-1.0507e-20,565,9.382,0.23039,0,14.0
-0.13044,0.80365,-0.41117,-8.3893e-21,570,10.726,0.0,0,14.0
-0.066808,0.80643,-0.43255,-8.240199999999999e-21,626,12.738,0.454,0,14.0
-0.18021,0.27244,-0.54518,-1.0481e-20,641,4.1971,0.69968,0,14.0
-0.1316,0.16422,-0.48178,3.7519999999999995e-22,643,4.6868,0.69847,0,14.0
-0.097923,0.43265,0.36161,-2.4061e-20,649,6.3905,0.6943,0,14.0
-0.09858,0.60127,0.56129,1.0843000000000001e-20,653,7.7527,0.69096,0,14.0
-0.079895,0.89623,-0.46167,6.5533999999999995e-21,662,11.654,0.68139,0,14.0
-0.37862,0.61381,-0.47068,8.6858e-20,675,3.2568,0.92918,0,14.0
-0.25894,0.55625,-0.50929,-5.1104e-20,677,3.6808,0.9279,0,14.0
-0.069143,0.19546,-0.30164,-4.9553e-20,683,5.1561,0.92345,0,14.0
-0.42342,0.83151,-0.39409,1.6464e-20,712,2.9753,1.1514,0,14.0
-0.13906,0.61485,-0.43418,7.723099999999999e-21,717,4.0596,1.1477,0,14.0
-0.025986,0.29529,0.067679,7.165900000000001e-20,724,5.9526,1.1414,0,14.0
-0.20757,0.8832,0.092653,1.0168e-20,733,9.2192,1.1304,0,14.0
-0.050404,0.61507,-0.32094,2.4298000000000002e-20,757,4.4592,1.3602,0,14.0
0.010061,0.36259,-0.19791,-2.1342e-20,760,5.2716,1.3574,0,14.0
-0.029801,0.52319,0.44105,2.4130999999999996e-21,766,7.19,1.3508,0,14.0
-0.11984,0.71824,0.43719,-3.7602e-20,769,8.319,1.347,0,14.0
-0.13489,1.0603,-0.40527,-1.8727e-20,774,10.499,1.3395,0,14.0
-0.23357,0.9885,-0.3662,-4.9937e-20,791,3.3928,1.5691,0,14.0
-0.13622,0.86771,-0.34384,-1.0566e-20,793,3.8541,1.5676,0,14.0
0.009031,0.59221,-0.2004,-6.6711999999999994e-21,797,4.8843,1.5643,0,14.0
0.033535,0.3765,0.07442,-3.8662e-20,801,6.0767,1.5606,0,14.0
-0.064938,0.98685,-0.39374,2.4746999999999998e-21,814,11.41,1.5437,0,14.0
-0.31042,1.1639,-0.28358,9.0526e-20,828,2.8331,1.7658,0,14.0
-0.15248,1.0099,-0.26771,4.9520000000000004e-20,871,3.586,1.9485,0,14.0
-0.075137,0.90235,-0.23031,-1.6506999999999999e-21,873,4.0873,1.9478,0,14.0
0.019349,0.75235,-0.10826,-8.346e-21,876,4.9116,1.9466,0,14.0
0.055909,0.6359,-0.012859,-7.868699999999999e-21,878,5.5135,1.9457,0,14.0
0.052919,0.75467,0.21635,-5.0559e-21,961,6.7218,2.3126,0,14.0
0.021425,0.87957,-0.020827,-7.7339e-21,996,5.0613,2.5172,0,14.0
0.051303,0.86039,0.078,-3.2958e-21,998,5.6893,2.5172,0,14.0
0.0042593,0.97536,0.23209,-5.0872999999999996e-21,1003,7.4758,2.5172,0,14.0
-0.060482,1.1834,-0.22556,-1.8772e-21,1049,10.099,2.736,0,14.0
-0.032052,1.0609,-0.25443,-1.2829e-20,1051,11.109,2.736,0,14.0
-0.057972,1.2522,-0.096828,1.0137e-20,1087,9.1598,2.97,0,14.0
-0.0065684,0.95866,-0.21266,6.4542999999999996e-21,1093,12.196,2.97,0,14.0
0.0030653,0.96642,-0.0011471,1.2083e-20,1116,5.0613,3.2202,0,14.0
0.017211,1.0688,0.081153,6.7474e-22,1201,6.7218,3.7739,0,14.0
-0.01475,1.1533,-0.05868,2.123e-21,1247,9.1598,4.08,0,14.0
-0.0047987,1.0524,-0.13824,4.9374e-22,1251,11.109,4.08,0,14.0
0.0027708,1.0727,0.031843,7.2007e-23,1321,6.7218,4.7572,0,14.0
0.0094585,0.99606,-0.097445,0.0,1333,12.196,4.7572,0,14.0
-0.13603,1.149,0.11394,3.7865e-20,2145,-4.3934e-16,3.1819,0,14.0
-0.10041,1.119,0.085856,-1.9081e-20,2175,-4.2301e-16,3.807,0,14.0
-0.080412,1.1018,0.070849,-9.776699999999999e-21,2195,-4.1015e-16,4.2993,0,14.0
0.069198,0.93094,0.28513,4.7147e-20,2456,-1.5845,1.5845,0,14.0
0.037671,0.89043,0.46799,-5.0456000000000004e-20,2468,-1.1532,1.1532,0,14.0
-0.09599,0.93569,0.6137,-4.5686e-20,2475,-0.89178,1.0442,0,14.0
-0.18036,0.85807,0.66273,1.0877999999999998e-21,2479,-0.78951,0.92446,0,14.0
-0.26483,0.0,0.0,0.0,2484,-0.64945,0.76041,0,14.0
-0.10058,1.0092,0.5159,7.865600000000001e-20,2499,-0.90709,1.2487,0,14.0
-0.23674,1.0778,0.5892,4.505199999999999e-21,2522,-0.71792,1.1717,0,14.0
-0.44187,0.0,0.0,0.0,2527,-0.5225,0.85264,0,14.0
-0.06089,1.0643,0.26554,-1.8069e-20,2533,-1.0726,2.1054,0,14.0
-0.41168,1.039,0.56389,-1.984e-20,2545,-0.5522,1.0838,0,14.0
-0.57239,0.0,0.0,0.0,2569,-0.38268,0.92388,0,14.0
-0.40472,1.2358,0.48513,4.5687e-21,2585,-0.42475,1.3071,0,14.0
-0.51893,1.0847,0.44583,-6.5178e-20,2587,-0.37591,1.1568,0,14.0
-0.66331,0.0,0.0,0.0,2632,-0.15643,0.98769,0,14.0
-0.21476,1.2083,0.2124,-6.4298e-20,2639,-0.17623,2.2362,0,14.0
-0.30596,1.2706,0.27681,-1.0441e-20,2643,-0.14304,1.8155,0,14.0
-0.50116,1.2763,0.32743,-1.6323000000000002e-19,2648,-0.10781,1.369,0,14.0
-0.59312,0.99517,0.23668,3.5622e-20,2650,-0.095424,1.212,0,14.0
-0.62768,0.72362,0.15141,6.389000000000001e-20,2651,-0.089562,1.1377,0,14.0
0.24899,0.77415,0.014354,-1.2035e-22,2660,-2.5997,0.0,0,14.0
0.31316,0.68604,0.018881,-1.5100000000000001e-22,2668,-2.1297,0.0,0,14.0
0.4091,0.51926,0.090083,-4.1907e-20,2679,-1.6271,0.12817,0,14.0
0.48666,0.34925,0.032492,-1.2400999999999999e-21,2684,-1.3725,0.0,0,14.0
0.52723,0.20258,0.035298,1.4599e-20,2688,-1.2153,0.0,0,14.0
0.56162,0.049424,0.02355,-1.3193999999999998e-21,2692,-1.0692,0.0,0,14.0
0.57185,0.0,0.0,0.0,2695,-1.0,0.0,0,14.0
0.4548,0.37967,0.20127,3.9062e-20,2711,-1.3568,0.21499,0,14.0
0.50089,0.15288,0.22305,-2.7675e-20,2714,-1.1273,0.17859,0,14.0
0.52501,0.0,0.0,0.0,2716,-0.98769,0.15643,0,14.0
0.36847,0.55916,0.21108,-8.7467e-20,2729,-1.5885,0.38151,0,14.0
0.19933,0.82522,0.11605,-6.295499999999999e-21,2740,-2.6029,0.84595,0,14.0
0.29002,0.68686,0.20362,1.4435e-20,2747,-1.8296,0.59459,0,14.0
0.33672,0.59065,0.26627,5.8142e-20,2750,-1.5541,0.50503,0,14.0
0.37923,0.45504,0.35446,-4.8376e-20,2753,-1.3071,0.42475,0,14.0
0.3984,0.23831,0.39183,9.728700000000001e-20,2756,-1.0857,0.35279,0,14.0
0.41203,0.0,0.0,0.0,2758,-0.95106,0.30902,0,14.0
0.2538,0.67332,0.36096,-1.395e-20,2792,-1.456,0.74178,0,14.0
0.24708,0.36388,0.52088,-1.9109e-19,2798,-1.0172,0.51827,0,14.0
0.24561,0.0,0.0,0.0,2800,-0.89101,0.45399,0,14.0
0.18311,0.803,0.28119,8.9384e-22,2809,-1.7284,1.0589,0,14.0
0.20445,0.72271,0.39883,1.5709e-20,2813,-1.393,0.85347,0,14.0
0.20071,0.63502,0.52817,6.5724e-20,2816,-1.1717,0.71792,0,14.0
0.063665,0.51169,0.59635,2.5611e-19,2840,-0.92341,0.67086,0,14.0
0.045419,0.0,0.0,0.0,2842,-0.80902,0.58779,0,14.0
0.091375,0.93537,0.17371,2.6761000000000002e-20,2844,-2.2843,1.9505,0,14.0
0.095247,0.83238,0.45278,-5.0497e-20,2855,-1.2411,1.0599,0,14.0
0.054865,0.78267,0.5938,-1.2172e-20,2858,-1.0442,0.89178,0,14.0
0.13864,0.90577,0.0066903,9.6113e-22,2912,-4.3358,0.0,0,14.0
0.16483,0.87443,0.038021,-5.2386e-21,2951,-3.5732,0.46918,0,14.0
0.1537,0.88446,0.065847,-1.42e-20,3011,-3.47,0.92747,0,14.0
0.054121,0.98509,0.077684,2.8683e-21,3372,-3.8187,3.4878,0,14.0
-0.02107,1.0506,0.099241,1.2286999999999999e-21,4180,-1.5637,4.1771,0,14.0
-0.33589,0.0,0.0,0.0,4394,0.64945,-0.76041,0,14.0
-0.37307,0.0,0.0,0.0,4402,0.45399,-0.89101,0,14.0
-0.4072,0.0,0.0,0.0,4406,0.30902,-0.95106,0,14.0
-0.44475,0.0,0.0,0.0,4410,0.15643,-0.98769,0,14.0
-0.4154,0.70335,-0.10827,-2.2112e-20,4436,0.095424,-1.212,0,14.0
-0.33883,0.22421,0.00032505,4.637599999999999e-21,4441,0.67593,-1.1031,0,14.0
-0.33888,0.47781,-0.017267,1.3475e-20,4453,0.62391,-1.2246,0,14.0
-0.3613,1.1196,-0.26975,1.316e-19,4459,-8.2717e-17,-1.3725,0,14.0
-0.32083,1.0425,-0.13598,-3.1432000000000003e-20,4477,0.47729,-1.4687,0,14.0
-0.29675,0.2855,0.021332,-1.6905e-20,4483,1.1532,-1.1532,0,14.0
-0.3037,0.77278,-0.043896,-1.7036e-20,4485,0.85347,-1.393,0,14.0
-0.21611,1.2106,-0.2754,-2.8317e-20,4514,-1.8199e-16,-1.8196,0,14.0
-0.14422,1.1659,-0.22584,5.5104e-20,4558,-2.7552e-16,-2.2408,0,14.0
-0.20842,1.1071,-0.06934,1.725e-20,4559,1.5316,-1.7937,0,14.0
-0.16412,1.1964,-0.080813,-3.6802e-21,4615,2.1213,-2.1213,0,14.0
-0.34718,0.0,0.0,0.0,4627,0.98769,-0.15643,0,14.0
-0.32274,0.0,0.0,0.0,4631,0.95106,-0.30902,0,14.0
-0.31164,0.0,0.0,0.0,4635,0.89101,-0.45399,0,14.0
-0.31932,0.0,0.0,0.0,4641,0.76041,-0.64945,0,14.0
-0.32778,-0.0017689,0.08766,-3.3004000000000003e-20,4646,1.0857,-0.35279,0,14.0
-0.32034,-0.018198,-0.0070639,1.1328e-20,4651,0.86777,-0.74111,0,14.0
-0.35271,-0.021253,0.16533,-6.330699999999999e-21,4653,1.201,-0.19028,0,14.0
-0.31641,-0.023086,0.051925,-3.2427e-21,4657,1.0838,-0.5522,0,14.0
-0.32818,-0.040765,0.11317,-6.8859999999999995e-22,4664,1.2306,-0.39989,0,14.0
-0.31718,-0.0031897,0.009061,8.4876e-22,4669,0.98326,-0.83971,0,14.0
-0.31298,-0.049949,0.065003,9.352799999999999e-21,4675,1.2246,-0.62391,0,14.0
-0.35425,-0.090477,0.16755,1.908e-20,4680,1.4391,-0.22804,0,14.0
-0.32485,-0.081637,0.11053,1.3364e-21,4682,1.3864,-0.45054,0,14.0
-0.3088,0.053208,0.025192,7.372e-21,4687,1.1075,-0.94578,0,14.0
-0.38297,-0.16637,0.13644,4.5542e-22,4715,1.8155,-0.14304,0,14.0
-0.26406,-0.01516,0.0531,3.111e-20,4729,1.7142,-0.87328,0,14.0
-0.34065,-0.21479,0.033878,-8.1172e-22,4743,2.1071,-0.33402,0,14.0
-0.27034,-0.12878,0.022102,3.0025e-20,4745,2.0308,-0.65999,0,14.0
-0.23411,0.046513,0.032986,5.2505e-20,4747,1.9027,-0.96929,0,14.0
-0.22773,0.37137,0.029058,4.8492e-20,4749,1.7261,-1.2538,0,14.0
-0.22503,-0.08027,-0.05951,5.9273e-23,4772,2.3614,-0.76747,0,14.0
-0.20936,-0.050928,-0.091149,4.7368e-20,4781,2.4799,-0.80599,0,14.0
-0.15718,0.30587,-0.17193,3.1273999999999997e-21,4818,2.9753,-1.1514,0,14.0
-0.2493,-0.10008,-0.42401,2.1608e-20,4825,3.3622,-0.47016,0,14.0
-0.14759,0.75198,-0.095669,-3.2479999999999996e-22,4830,2.9641,-1.5704,0,14.0
-0.1506,1.1124,-0.072195,-3.2162999999999997e-21,4832,2.6869,-1.9499,0,14.0
-0.23563,0.15665,-0.39155,-5.77e-21,4846,3.7419,-0.70079,0,14.0
-0.18912,0.64508,-0.15756,1.2758e-20,4849,3.5057,-1.3635,0,14.0
-0.282,0.078763,-0.49243,-3.1083e-20,4864,4.2628,-0.23492,0,14.0
-0.28739,0.34595,-0.318,-3.5369e-20,4866,4.1971,-0.69968,0,14.0
-0.26232,0.64733,-0.17077,-5.0982999999999996e-21,4868,4.0596,-1.1477,0,14.0
-0.22644,0.93349,-0.069683,2.5760000000000002e-20,4870,3.8541,-1.5676,0,14.0
-0.33455,0.4046,-0.19742,4.7586e-20,4885,4.728,-0.4678,0,14.0
-0.2968,0.94436,0.011499,9.870399999999999e-21,4889,4.4592,-1.3602,0,14.0
-0.21759,1.24,0.043063,-4.3000999999999994e-21,4892,4.0873,-1.9478,0,14.0
-0.33338,0.90047,0.07901,-1.3702e-20,4898,4.812,-1.1452,0,14.0
-0.34835,0.85249,0.17435,5.3814e-21,4907,5.1561,-0.92345,0,14.0
-0.33386,0.796,0.2841,-6.765899999999999e-21,4916,5.492,-0.6965,0,14.0
-0.25044,1.2464,0.25544,-1.0515e-20,4921,5.0459,-1.7602,0,14.0
-0.28124,1.0453,0.40549,2.4091e-20,4928,5.6516,-1.1424,0,14.0
-0.24788,0.87219,0.50041,4.7702e-20,4936,6.08,-0.69506,0,14.0
-0.21367,1.1575,0.40637,1.7411e-21,4940,5.762,-1.5616,0,14.0
-0.19423,0.94501,0.53246,-5.582400000000001e-20,4947,6.3357,-0.91989,0,14.0
-0.1684,1.1426,0.39316,-2.6732e-20,4951,5.9608,-1.7579,0,14.0
-0.081494,0.73891,0.47562,9.693e-21,4986,7.7527,-0.69096,0,14.0
-0.096528,0.60557,0.45943,-3.4292e-20,5005,8.5472,-0.46122,0,14.0
-0.050949,0.69364,0.36834,-1.1986e-20,5008,8.3977,-1.1332,0,14.0
-0.019506,0.74303,0.26601,2.1518e-20,5021,8.5295,-1.7514,0,14.0
-0.080378,0.54797,0.27203,-1.8379e-20,5027,9.2813,-0.91101,0,14.0
-0.045638,0.62767,-0.16762,7.5129e-20,5059,10.499,-1.3395,0,14.0
-0.076735,0.80821,-0.47767,5.8379e-21,5075,11.684,-0.45582,0,14.0
-0.020455,0.73265,-0.3247,3.2896e-20,5081,11.32,-1.7443,0,14.0
-0.080562,0.80268,-0.48099,8.754399999999999e-21,5095,12.738,-0.454,0,14.0
-0.11524,1.1983,0.15777,-2.2212e-21,5561,5.0613,-2.97,0,14.0
-0.10536,1.1726,0.18168,-2.1266e-20,5591,5.3695,-2.97,0,14.0
-0.093147,1.1417,0.20101,-3.7089e-21,5621,5.6893,-2.97,0,14.0
-0.071633,1.1187,0.15572,5.0506999999999995e-21,5623,5.6893,-3.4878,0,14.0
-0.03497,0.99069,0.21557,-3.2473999999999998e-21,5741,7.0919,-2.97,0,14.0
-0.017219,1.0172,0.10702,-1.0145999999999999e-21,5746,7.0919,-4.4072,0,14.0
-0.014798,1.0215,0.090115,-2.5035999999999997e-21,5747,7.0919,-4.7572,0,14.0
-0.008839,1.0317,0.050066,4.0037999999999996e-22,5750,7.0919,-5.9596,0,14.0
-0.0090358,0.91469,0.18292,2.0249e-21,5801,7.874,-2.97,0,14.0
-0.00301,0.95466,0.12224,3.3216999999999996e-21,5804,7.874,-3.7739,0,14.0
0.013223,0.76208,0.11478,-4.1466999999999995e-21,5889,9.1598,-2.5172,0,14.0
0.021393,0.91442,0.035323,-3.1273999999999997e-21,5895,9.1598,-4.08,0,14.0
0.020618,0.68222,-0.0024429,1.2985999999999999e-22,5949,10.099,-2.5172,0,14.0
0.034021,0.84444,-0.038597,-9.7398e-22,5953,10.099,-3.4878,0,14.0
0.02448,0.97123,-0.021854,8.0008e-22,5958,10.099,-5.1314,0,14.0
0.02944,0.75615,-0.15996,-7.2358e-23,6011,11.109,-2.97,0,14.0
0.035462,0.94079,-0.11629,-2.5531e-22,6015,11.109,-4.08,0,14.0
0.0035227,0.85044,-0.32216,-2.3267000000000002e-20,6070,12.196,-2.736,0,14.0
0.025356,1.0564,-0.098521,0.0,6077,12.196,-4.7572,0,14.0
0.020908,1.0489,-0.041084,8.320599999999999e-22,6080,12.196,-5.9596,0,14.0
-0.061317,1.09,-0.23348,5.8408e-20,6745,-0.57975,-2.4134,0,14.0
0.088959,0.93058,-0.25651,-3.9787e-20,6748,-1.5316,-1.7937,0,14.0
0.11968,0.86854,-0.33618,-6.814900000000001e-20,6789,-1.3571,-1.3571,0,14.0
0.1069,0.83912,-0.43228,4.4894e-20,6819,-1.1532,-1.1532,0,14.0
0.040165,0.77263,-0.60061,4.8550000000000005e-20,6859,-0.91393,-0.91393,0,14.0
-0.10189,0.91475,-0.59633,7.4913e-20,6860,-0.76021,-1.0465,0,14.0
-0.32174,0.97297,-0.47245,-1.8054e-20,6873,-0.46551,-1.1238,0,14.0
-0.41109,0.92985,-0.28606,4.4133e-20,6876,-0.19028,-1.201,0,14.0
-0.46994,0.32509,-0.059846,-4.3143e-20,6897,-0.083909,-1.066,0,14.0
-0.13542,0.0,0.0,0.0,6898,-0.64945,-0.76041,0,14.0
-0.29138,0.0,0.0,0.0,6901,-0.5225,-0.85264,0,14.0
-0.4041,0.0,0.0,0.0,6903,-0.38268,-0.92388,0,14.0
-0.47868,0.0,0.0,0.0,6906,-0.15643,-0.98769,0,14.0
-0.48082,0.0,0.0,0.0,6907,-0.078459,-0.99692,0,14.0
0.14706,0.8874,-0.1607,-1.8091e-20,6923,-2.3204,-1.6853,0,14.0
0.21659,0.81286,-0.091666,7.478499999999999e-21,6929,-2.6029,-0.84595,0,14.0
0.33181,0.64984,-0.11986,-1.1707e-20,6991,-1.87,-0.44916,0,14.0
0.26231,0.72207,-0.2391,6.6309e-22,6994,-1.7142,-0.87328,0,14.0
0.19573,0.79049,-0.2978,4.6729e-20,6996,-1.5553,-1.1297,0,14.0
0.41605,0.51412,-0.037127,4.9033000000000003e-20,7016,-1.6271,-0.12817,0,14.0
0.36448,0.57008,-0.21585,-6.1462e-20,7019,-1.5541,-0.50503,0,14.0
0.25809,0.65933,-0.3891,5.5478e-20,7031,-1.3165,-0.80663,0,14.0
0.47183,0.36801,-0.13693,-4.0487e-20,7044,-1.3568,-0.21499,0,14.0
0.42617,0.37215,-0.32033,-5.3671000000000003e-20,7055,-1.2306,-0.39989,0,14.0
0.25609,0.55065,-0.51205,7.097900000000001e-20,7058,-1.1031,-0.67593,0,14.0
0.11392,0.69741,-0.58374,8.5121e-20,7060,-0.98326,-0.83971,0,14.0
0.52268,0.14202,-0.15717,1.8518e-20,7071,-1.1273,-0.17859,0,14.0
0.38817,0.15889,-0.28499,-1.4014e-19,7083,-0.98812,-0.40929,0,14.0
0.54848,0.0,0.0,0.0,7089,-0.98769,-0.15643,0,14.0
0.51146,0.0,0.0,0.0,7090,-0.97237,-0.23345,0,14.0
0.23108,0.0,0.0,0.0,7094,-0.85264,-0.5225,0,14.0
0.046486,0.0,0.0,0.0,7096,-0.76041,-0.64945,0,14.0
0.17056,0.87074,-0.020512,6.4978e-21,7368,-3.5732,-0.46918,0,14.0
0.16051,0.88216,-0.063147,1.6408e-20,7371,-3.3916,-1.1488,0,14.0
0.077608,0.97386,-0.067774,-2.9566999999999998e-21,8062,-4.1311,-3.4878,0,14.0
0.001995,1.0494,-0.12759,1.2906e-20,8451,-1.1464,-3.8396,0,14.0
-0.038776,1.0919,-0.12515,1.7871e-20,8570,-0.23491,-3.8016,0,14.0
-0.024175,1.0813,-0.09576,-3.1294e-21,8573,-0.23383,-4.5663,0,14.0
-0.4253,0.0,0.0,0.0,82,0.70711,0.70711,0,15.0
-0.41437,-0.005104,0.044546,-4.2952e-20,87,0.85936,0.85936,0,15.0
-0.41104,0.18684,0.024698,2.4699e-20,92,0.89178,1.0442,0,15.0
-0.40042,0.69667,0.025341,3.787699999999999e-21,101,1.2866,1.2866,0,15.0
-0.36521,1.3044,-0.0044549,-7.616099999999999e-21,112,1.5316,1.7937,0,15.0
-0.30461,1.307,-0.051043,-5.816e-21,120,1.8605,2.1789,0,15.0
-0.43345,0.079437,0.014304,-6.031899999999999e-21,126,0.71472,0.98382,0,15.0
-0.46557,0.0,0.0,0.0,145,0.5225,0.85264,0,15.0
-0.43258,0.43646,0.0084929,-2.6475e-20,149,0.71792,1.1717,0,15.0
-0.37754,1.2522,0.063137,-5.8545e-20,155,1.0047,1.6399,0,15.0
-0.46272,0.23746,-0.002818,2.0786e-20,168,0.5522,1.0838,0,15.0
-0.45847,0.7378,0.037345,-1.5522e-20,191,0.52598,1.2698,0,15.0
-0.53277,0.0,0.0,0.0,208,0.30902,0.95106,0,15.0
-0.4998,0.45723,0.0093562,5.1316e-20,210,0.37591,1.1568,0,15.0
-0.3866,1.3114,0.14698,1.1198e-20,216,0.5338,1.6426,0,15.0
-0.51917,0.57784,0.03236,8.3491e-20,231,0.28397,1.1826,0,15.0
-0.48085,1.0069,0.11261,-4.6813e-20,233,0.32087,1.3362,0,15.0
-0.35366,1.3319,0.17512,-6.6732e-20,238,0.42578,1.7727,0,15.0
-0.57304,0.5349,0.054027,-2.1326e-20,272,0.089562,1.1377,0,15.0
-0.52226,1.0279,0.1739,1.2240000000000001e-20,274,0.1015,1.289,0,15.0
-0.62113,0.0,0.0,0.0,292,0.0,1.0,0,15.0
-0.37515,0.0,0.0,0.0,313,1.0,0.0,0,15.0
-0.38699,-0.02307,0.24108,-1.4412999999999998e-21,319,1.212,0.095424,0,15.0
-0.37912,-0.036132,0.25721,-1.2348e-20,320,1.2925,0.0,0,15.0
-0.38467,-0.06758,0.27938,-2.8950000000000004e-20,324,1.4555,0.0,0,15.0
-0.39481,-0.049902,0.29653,1.7659e-20,325,1.4519,0.11435,0,15.0
-0.4263,-0.067072,0.28009,4.4253e-20,333,1.8155,0.14304,0,15.0
-0.43492,-0.13156,0.21854,6.027e-21,338,2.1297,0.0,0,15.0
-0.46289,-0.092205,-0.018742,-1.2827e-20,348,2.7283,0.0,0,15.0
-0.39678,0.0,0.0,0.0,355,0.98769,0.15643,0,15.0
-0.48348,0.047474,0.20736,-9.662799999999999e-21,367,2.1071,0.33402,0,15.0
-0.40012,-0.026708,0.23229,3.7699e-21,378,1.1826,0.28397,0,15.0
-0.40054,-0.024109,0.26889,5.2311e-21,379,1.258,0.30208,0,15.0
-0.40654,-0.010359,0.29968,-6.294899999999999e-21,381,1.4172,0.34035,0,15.0
-0.4419,0.11532,0.25106,4.9186e-20,406,1.7344,0.56364,0,15.0
-0.50578,0.29535,0.12838,8.131899999999999e-21,410,2.137,0.69452,0,15.0
-0.5468,0.47742,-0.032407,2.1002e-20,413,2.4799,0.80599,0,15.0
-0.55138,0.54664,-0.0999,3.7334e-20,414,2.6029,0.84595,0,15.0
-0.41282,0.0,0.0,0.0,418,0.92388,0.38268,0,15.0
-0.4781,0.33431,0.13665,3.5778e-20,430,1.973,0.81724,0,15.0
-0.40498,-0.032386,0.1528,3.6895e-21,441,1.0838,0.5522,0,15.0
-0.40056,0.030514,0.21403,4.2117999999999995e-21,444,1.2989,0.66178,0,15.0
-0.49065,0.61425,0.015431,-1.7318e-20,453,2.1054,1.0726,0,15.0
-0.41459,0.0,0.0,0.0,460,0.85264,0.5225,0,15.0
-0.41426,0.27965,0.13201,2.7347e-20,469,1.5546,0.95244,0,15.0
-0.40613,-0.031526,0.090228,-8.588499999999999e-21,483,0.98382,0.71472,0,15.0
-0.39725,0.018434,0.1165,9.310099999999999e-21,485,1.1114,0.8074,0,15.0
-0.43416,0.72587,0.018237,1.6652e-20,493,1.7261,1.2538,0,15.0
-0.48372,0.13448,-0.29012,-6.0341e-20,523,3.187,0.23587,0,15.0
-0.32773,0.062166,-0.52206,3.314e-20,528,3.8141,0.0,0,15.0
-0.25653,0.095571,-0.61604,-3.9668999999999994e-21,532,4.2681,0.0,0,15.0
-0.26082,0.2167,-0.61369,-4.7568e-20,533,4.2628,0.23492,0,15.0
-0.23062,0.21212,-0.44638,3.68e-20,540,5.282,0.0,0,15.0
-0.20056,0.23422,-0.35479,-3.8894e-20,543,5.5544,0.23377,0,15.0
-0.20582,0.39488,0.021428,-1.0546000000000001e-20,547,6.1409,0.23326,0,15.0
-0.22462,0.56696,0.26939,1.4252000000000002e-19,548,6.4555,0.0,0,15.0
-0.12746,0.71755,0.54535,-2.2722e-20,554,7.4555,0.0,0,15.0
-0.098416,0.68574,0.53799,5.4965999999999996e-21,561,8.5669,0.23111,0,15.0
-0.13476,0.64087,0.48775,-1.2626e-20,565,9.382,0.23039,0,15.0
-0.17006,0.7143,-0.084925,-1.4259e-20,570,10.726,0.0,0,15.0
-0.075612,0.86932,-0.45737,-9.0598e-24,626,12.738,0.454,0,15.0
-0.24336,0.51819,-0.57196,-5.0797000000000003e-20,641,4.1971,0.69968,0,15.0
-0.15385,0.42698,-0.54339,3.7096e-20,643,4.6868,0.69847,0,15.0
-0.11187,0.35643,0.056927,-3.4407e-20,649,6.3905,0.6943,0,15.0
-0.079339,0.62761,0.50468,2.2850999999999998e-21,653,7.7527,0.69096,0,15.0
-0.12887,0.92924,-0.44603,7.077e-21,662,11.654,0.68139,0,15.0
-0.46887,0.73615,-0.40804,7.049e-20,675,3.2568,0.92918,0,15.0
-0.35598,0.72975,-0.51922,-5.0428e-20,677,3.6808,0.9279,0,15.0
-0.079196,0.41261,-0.43873,-2.8556e-20,683,5.1561,0.92345,0,15.0
-0.4892,0.91285,-0.31949,3.6765e-20,712,2.9753,1.1514,0,15.0
-0.22223,0.79935,-0.49973,2.8494999999999998e-21,717,4.0596,1.1477,0,15.0
-0.029926,0.32424,-0.21547,6.9207e-20,724,5.9526,1.1414,0,15.0
-0.1312,0.73016,0.46637,1.13e-20,733,9.2192,1.1304,0,15.0
-0.11838,0.78475,-0.40962,2.9388000000000003e-20,757,4.4592,1.3602,0,15.0
-0.02326,0.57394,-0.29583,-3.1674e-20,760,5.2716,1.3574,0,15.0
-0.01394,0.48338,0.27416,7.6609e-21,766,7.19,1.3508,0,15.0
-0.054529,0.64664,0.49673,-3.2853e-20,769,8.319,1.347,0,15.0
-0.1919,1.0229,-0.14784,-2.6674000000000002e-20,774,10.499,1.3395,0,15.0
-0.30661,1.1056,-0.3851,-5.1590000000000005e-20,791,3.3928,1.5691,0,15.0
-0.21225,0.99424,-0.40487,-2.3450000000000002e-20,793,3.8541,1.5676,0,15.0
-0.046332,0.74295,-0.29859,-3.271e-20,797,4.8843,1.5643,0,15.0
0.022132,0.45072,-0.12139,-2.1208e-20,801,6.0767,1.5606,0,15.0
-0.11676,1.0754,-0.39052,-1.3567e-21,814,11.41,1.5437,0,15.0
-0.35153,1.242,-0.26439,8.5375e-20,828,2.8331,1.7658,0,15.0
-0.20858,1.0985,-0.30742,5.6539e-20,871,3.586,1.9485,0,15.0
-0.13349,0.98562,-0.30316,1.2496e-21,873,4.0873,1.9478,0,15.0
-0.032094,0.82405,-0.22062,-1.7434e-20,876,4.9116,1.9466,0,15.0
0.017313,0.72521,-0.12785,-1.5497e-20,878,5.5135,1.9457,0,15.0
0.059492,0.69807,0.10576,-5.2288999999999995e-21,961,6.7218,2.3126,0,15.0
-0.013261,0.88795,-0.1219,-1.3182e-21,996,5.0613,2.5172,0,15.0
0.026653,0.83751,-0.03473,9.9126e-22,998,5.6893,2.5172,0,15.0
0.046857,0.78339,0.22089,-4.5347e-22,1003,7.4758,2.5172,0,15.0
-0.079521,1.2551,-0.11316,-2.4503999999999997e-22,1049,10.099,2.736,0,15.0
-0.057276,1.1668,-0.23984,-2.3526e-20,1051,11.109,2.736,0,15.0
-0.038443,1.2156,0.073496,1.2547999999999999e-21,1087,9.1598,2.97,0,15.0
-0.020955,1.0387,-0.2312,9.753299999999999e-21,1093,12.196,2.97,0,15.0
-0.016418,0.95569,-0.067246,1.1868e-20,1116,5.0613,3.2202,0,15.0
0.025446,0.99594,0.068326,-5.9479e-22,1201,6.7218,3.7739,0,15.0
-0.0033479,1.1591,0.015304,-1.164e-21,1247,9.1598,4.08,0,15.0
-0.01137,1.1094,-0.11931,4.288399999999999e-22,1251,11.109,4.08,0,15.0
0.0080034,1.034,0.032166,9.8688e-22,1321,6.7218,4.7572,0,15.0
0.0038001,1.0369,-0.10334,0.0,1333,12.196,4.7572,0,15.0
-0.12572,1.1532,0.12002,3.6390000000000006e-20,2145,-4.3934e-16,3.1819,0,15.0
-0.093078,1.1239,0.089483,-1.8665e-20,2175,-4.2301e-16,3.807,0,15.0
-0.074713,1.1066,0.072924,-9.668899999999999e-21,2195,-4.1015e-16,4.2993,0,15.0
0.077199,0.92963,0.28727,4.5539000000000003e-20,2456,-1.5845,1.5845,0,15.0
0.047661,0.8877,0.46908,-4.9223e-20,2468,-1.1532,1.1532,0,15.0
-0.083074,0.93152,0.61378,-4.4388e-20,2475,-0.89178,1.0442,0,15.0
-0.16613,0.85286,0.66082,1.7422999999999997e-21,2479,-0.78951,0.92446,0,15.0
-0.24913,0.0,0.0,0.0,2484,-0.64945,0.76041,0,15.0
-0.087087,1.0053,0.51743,7.6853e-20,2499,-0.90709,1.2487,0,15.0
-0.21999,1.0721,0.59,3.7074999999999995e-21,2522,-0.71792,1.1717,0,15.0
-0.42105,0.0,0.0,0.0,2527,-0.5225,0.85264,0,15.0
-0.049366,1.0631,0.26954,-1.7245e-20,2533,-1.0726,2.1054,0,15.0
-0.39038,1.0301,0.56233,-2.0573e-20,2545,-0.5522,1.0838,0,15.0
-0.54595,0.0,0.0,0.0,2569,-0.38268,0.92388,0,15.0
-0.38146,1.227,0.48777,3.2002999999999998e-21,2585,-0.42475,1.3071,0,15.0
-0.49233,1.0723,0.44488,-6.2996e-20,2587,-0.37591,1.1568,0,15.0
-0.62849,0.0,0.0,0.0,2632,-0.15643,0.98769,0,15.0
-0.19773,1.2075,0.22078,-5.9989e-20,2639,-0.17623,2.2362,0,15.0
-0.28405,1.2662,0.28554,-9.743e-21,2643,-0.14304,1.8155,0,15.0
-0.47084,1.2626,0.33252,-1.5447e-19,2648,-0.10781,1.369,0,15.0
-0.55849,0.97616,0.2375,3.9761e-20,2650,-0.095424,1.212,0,15.0
-0.59142,0.70558,0.15076,6.494200000000001e-20,2651,-0.089562,1.1377,0,15.0
0.24726,0.77415,0.015287,-2.7449999999999998e-22,2660,-2.5997,0.0,0,15.0
0.31139,0.68605,0.019549,-4.9892e-23,2668,-2.1297,0.0,0,15.0
0.40837,0.51905,0.090128,-4.2633e-20,2679,-1.6271,0.12817,0,15.0
0.48487,0.34925,0.031963,-1.2313999999999999e-21,2684,-1.3725,0.0,0,15.0
0.52545,0.20258,0.034138,1.1777e-20,2688,-1.2153,0.0,0,15.0
0.55985,0.049425,0.022018,-1.2998999999999999e-21,2692,-1.0692,0.0,0,15.0
0.57008,0.0,0.0,0.0,2695,-1.0,0.0,0,15.0
0.45519,0.37921,0.20074,3.8866e-20,2711,-1.3568,0.21499,0,15.0
0.50137,0.15244,0.22143,-2.6544e-20,2714,-1.1273,0.17859,0,15.0
0.52552,0.0,0.0,0.0,2716,-0.98769,0.15643,0,15.0
0.36987,0.55852,0.21118,-8.5795e-20,2729,-1.5885,0.38151,0,15.0
0.201,0.82493,0.11721,-6.513e-21,2740,-2.6029,0.84595,0,15.0
0.29231,0.68616,0.20424,1.5578e-20,2747,-1.8296,0.59459,0,15.0
0.33922,0.58978,0.26641,5.800800000000001e-20,2750,-1.5541,0.50503,0,15.0
0.3819,0.45407,0.35392,-4.8851e-20,2753,-1.3071,0.42475,0,15.0
0.4013,0.23733,0.38999,9.5646e-20,2756,-1.0857,0.35279,0,15.0
0.41501,0.0,0.0,0.0,2758,-0.95106,0.30902,0,15.0
0.2586,0.67193,0.36126,-1.4594e-20,2792,-1.456,0.74178,0,15.0
0.25274,0.36213,0.5187,-1.8768e-19,2798,-1.0172,0.51827,0,15.0
0.25145,0.0,0.0,0.0,2800,-0.89101,0.45399,0,15.0
0.18844,0.80183,0.28234,1.5903999999999998e-22,2809,-1.7284,1.0589,0,15.0
0.21046,0.72103,0.39926,1.5978000000000002e-20,2813,-1.393,0.85347,0,15.0
0.20724,0.63302,0.52767,6.419000000000001e-20,2816,-1.1717,0.71792,0,15.0
0.072576,0.50883,0.59377,2.5166e-19,2840,-0.92341,0.67086,0,15.0
0.054669,0.0,0.0,0.0,2842,-0.80902,0.58779,0,15.0
0.096654,0.93512,0.17565,2.5696e-20,2844,-2.2843,1.9505,0,15.0
0.10385,0.83003,0.45359,-4.9128000000000004e-20,2855,-1.2411,1.0599,0,15.0
0.064375,0.77972,0.59348,-1.2093e-20,2858,-1.0442,0.89178,0,15.0
0.13701,0.90576,0.0075143,5.630199999999999e-22,2912,-4.3358,0.0,0,15.0
0.16432,0.87441,0.03902,-5.480799999999999e-21,2951,-3.5732,0.46918,0,15.0
0.15434,0.88443,0.066926,-1.3594e-20,3011,-3.47,0.92747,0,15.0
0.056938,0.9857,0.07873,2.8507e-21,3372,-3.8187,3.4878,0,15.0
-0.015507,1.0526,0.10124,9.1485e-22,4180,-1.5637,4.1771,0,15.0
-0.38277,0.0,0.0,0.0,4394,0.64945,-0.76041,0,15.0
-0.42051,0.0,0.0,0.0,4402,0.45399,-0.89101,0,15.0
-0.45408,0.0,0.0,0.0,4406,0.30902,-0.95106,0,15.0
-0.49003,0.0,0.0,0.0,4410,0.15643,-0.98769,0,15.0
-0.45756,0.72669,-0.10584,-3.2804e-20,4436,0.095424,-1.212,0,15.0
-0.38564,0.25046,0.0075295,3.5689e-21,4441,0.67593,-1.1031,0,15.0
-0.38501,0.5101,-0.0078474,1.5002e-20,4453,0.62391,-1.2246,0,15.0
-0.39756,1.1367,-0.26409,1.4145e-19,4459,-8.2717e-17,-1.3725,0,15.0
-0.36121,1.0654,-0.12338,-3.1675e-20,4477,0.47729,-1.4687,0,15.0
-0.34862,0.33138,0.038342,-1.5411e-20,4483,1.1532,-1.1532,0,15.0
-0.34905,0.80842,-0.027811,-2.2136000000000002e-20,4485,0.85347,-1.393,0,15.0
-0.24329,1.2153,-0.26475,-3.0553e-20,4514,-1.8199e-16,-1.8196,0,15.0
-0.16573,1.1662,-0.21574,6.0288e-20,4558,-2.7552e-16,-2.2408,0,15.0
-0.23528,1.1092,-0.03307,2.5616e-20,4559,1.5316,-1.7937,0,15.0
-0.15764,1.1552,-0.053954,-1.8497999999999997e-21,4615,2.1213,-2.1213,0,15.0
-0.35296,0.0,0.0,0.0,4627,0.98769,-0.15643,0,15.0
-0.34005,0.0,0.0,0.0,4631,0.95106,-0.30902,0,15.0
-0.34124,0.0,0.0,0.0,4635,0.89101,-0.45399,0,15.0
-0.3629,0.0,0.0,0.0,4641,0.76041,-0.64945,0,15.0
-0.34621,-0.0060682,0.086574,-1.8888e-20,4646,1.0857,-0.35279,0,15.0
-0.36364,-0.016975,-0.013932,1.691e-20,4651,0.86777,-0.74111,0,15.0
-0.35924,-0.021356,0.18084,-4.3456e-21,4653,1.201,-0.19028,0,15.0
-0.34811,-0.027508,0.050261,-8.142499999999999e-21,4657,1.0838,-0.5522,0,15.0
-0.34862,-0.046401,0.1338,3.1807999999999997e-22,4664,1.2306,-0.39989,0,15.0
-0.36254,0.010542,0.0068151,2.5935999999999998e-21,4669,0.98326,-0.83971,0,15.0
-0.34817,-0.051392,0.082281,1.0595e-20,4675,1.2246,-0.62391,0,15.0
-0.36281,-0.090007,0.22442,3.885e-21,4680,1.4391,-0.22804,0,15.0
-0.34841,-0.089241,0.15796,1.6342999999999998e-21,4682,1.3864,-0.45054,0,15.0
-0.35786,0.081844,0.03276,7.773e-21,4687,1.1075,-0.94578,0,15.0
-0.38771,-0.15374,0.25386,-8.022e-21,4715,1.8155,-0.14304,0,15.0
-0.3099,-0.012037,0.13912,2.4647000000000002e-20,4729,1.7142,-0.87328,0,15.0
-0.3632,-0.21377,0.20214,7.8871e-21,4743,2.1071,-0.33402,0,15.0
-0.30436,-0.1562,0.17238,2.3381e-20,4745,2.0308,-0.65999,0,15.0
-0.27674,0.046664,0.13975,6.3649e-20,4747,1.9027,-0.96929,0,15.0
-0.27361,0.41598,0.090862,6.4573e-20,4749,1.7261,-1.2538,0,15.0
-0.2521,-0.13407,0.12314,5.147399999999999e-21,4772,2.3614,-0.76747,0,15.0
-0.23062,-0.11792,0.096351,6.7875e-20,4781,2.4799,-0.80599,0,15.0
-0.11588,0.15855,-0.04856,8.1306e-21,4818,2.9753,-1.1514,0,15.0
-0.26447,-0.15837,-0.27342,3.6081e-20,4825,3.3622,-0.47016,0,15.0
-0.087638,0.63373,-0.045152,-1.9723e-20,4830,2.9641,-1.5704,0,15.0
-0.11385,1.0367,-0.051272,4.6580999999999995e-21,4832,2.6869,-1.9499,0,15.0
-0.1767,-0.038462,-0.37312,-6.2455999999999996e-21,4846,3.7419,-0.70079,0,15.0
-0.087707,0.42925,-0.15131,5.758699999999999e-21,4849,3.5057,-1.3635,0,15.0
-0.23956,0.025505,-0.59371,2.2187e-20,4864,4.2628,-0.23492,0,15.0
-0.18308,0.095239,-0.46336,-2.3890000000000003e-20,4866,4.1971,-0.69968,0,15.0
-0.13426,0.37454,-0.28738,-1.5138e-20,4868,4.0596,-1.1477,0,15.0
-0.11129,0.71399,-0.14982,7.6963e-21,4870,3.8541,-1.5676,0,15.0
-0.23127,0.18059,-0.50638,3.6143e-20,4885,4.728,-0.4678,0,15.0
-0.18135,0.70733,-0.18606,2.5013e-20,4889,4.4592,-1.3602,0,15.0
-0.136,1.0961,-0.072827,1.2463999999999999e-21,4892,4.0873,-1.9478,0,15.0
-0.23462,0.67281,-0.19015,-2.817e-20,4898,4.812,-1.1452,0,15.0
-0.28099,0.65072,-0.15239,4.7782999999999996e-21,4907,5.1561,-0.92345,0,15.0
-0.30688,0.63096,-0.073853,3.1479e-21,4916,5.492,-0.6965,0,15.0
-0.22053,1.1651,0.068323,-5.2732e-20,4921,5.0459,-1.7602,0,15.0
-0.2965,0.95314,0.14433,3.1062e-20,4928,5.6516,-1.1424,0,15.0
-0.29899,0.80827,0.24202,1.3393e-20,4936,6.08,-0.69506,0,15.0
-0.2464,1.1748,0.25528,3.6256e-20,4940,5.762,-1.5616,0,15.0
-0.26328,0.9598,0.38646,-5.6494e-20,4947,6.3357,-0.91989,0,15.0
-0.2072,1.2233,0.30487,-1.5712e-20,4951,5.9608,-1.7579,0,15.0
-0.10463,0.8424,0.52043,1.4549e-20,4986,7.7527,-0.69096,0,15.0
-0.082893,0.73862,0.48372,-1.4013e-20,5005,8.5472,-0.46122,0,15.0
-0.060686,0.81502,0.41466,-8.1367e-21,5008,8.3977,-1.1332,0,15.0
-0.035276,0.84777,0.32518,1.2276e-20,5021,8.5295,-1.7514,0,15.0
-0.063895,0.67581,0.39159,-9.6851e-21,5027,9.2813,-0.91101,0,15.0
-0.050698,0.58358,0.11889,8.981100000000001e-20,5059,10.499,-1.3395,0,15.0
-0.09967,0.76238,-0.38295,1.2417e-20,5075,11.684,-0.45582,0,15.0
-0.021834,0.64962,-0.12747,3.5159e-20,5081,11.32,-1.7443,0,15.0
-0.074204,0.82295,-0.47315,1.3119e-20,5095,12.738,-0.454,0,15.0
-0.10812,1.2322,0.094427,-1.4489999999999998e-22,5561,5.0613,-2.97,0,15.0
-0.10538,1.2201,0.12593,-2.0112e-20,5591,5.3695,-2.97,0,15.0
-0.09966,1.2005,0.156,-5.6235e-21,5621,5.6893,-2.97,0,15.0
-0.076082,1.1624,0.12398,6.2671999999999994e-21,5623,5.6893,-3.4878,0,15.0
-0.053513,1.0643,0.22445,-5.4282e-21,5741,7.0919,-2.97,0,15.0
-0.026856,1.053,0.1147,-1.1556e-21,5746,7.0919,-4.4072,0,15.0
-0.023202,1.0512,0.097584,-1.8626999999999998e-21,5747,7.0919,-4.7572,0,15.0
-0.014477,1.0473,0.056178,7.102099999999999e-22,5750,7.0919,-5.9596,0,15.0
-0.027182,0.98326,0.21686,2.1300999999999998e-21,5801,7.874,-2.97,0,15.0
-0.016805,1.0009,0.1495,3.1548999999999996e-21,5804,7.874,-3.7739,0,15.0
-0.0023095,0.83461,0.19314,-3.754e-21,5889,9.1598,-2.5172,0,15.0
0.0095677,0.9359,0.086433,-3.9827e-21,5895,9.1598,-4.08,0,15.0
0.0098765,0.74435,0.11011,2.4982999999999998e-22,5949,10.099,-2.5172,0,15.0
0.022484,0.85497,0.046906,-7.0651e-22,5953,10.099,-3.4878,0,15.0
0.018232,0.96167,0.01476,3.8934e-22,5958,10.099,-5.1314,0,15.0
0.025222,0.74469,-0.039,-1.586e-21,6011,11.109,-2.97,0,15.0
0.031348,0.89744,-0.050531,-7.353999999999999e-22,6015,11.109,-4.08,0,15.0
0.014385,0.76676,-0.22091,-2.0813e-20,6070,12.196,-2.736,0,15.0
0.028986,0.98882,-0.093022,0.0,6077,12.196,-4.7572,0,15.0
0.021709,1.0176,-0.042452,7.4816e-22,6080,12.196,-5.9596,0,15.0
-0.078279,1.0901,-0.2273,6.2384e-20,6745,-0.57975,-2.4134,0,15.0
0.076744,0.93174,-0.25389,-4.2253e-20,6748,-1.5316,-1.7937,0,15.0
0.10708,0.87058,-0.33435,-7.0077e-20,6789,-1.3571,-1.3571,0,15.0
0.093262,0.84192,-0.43116,4.6157e-20,6819,-1.1532,-1.1532,0,15.0
0.024935,0.7766,-0.60154,4.9452000000000003e-20,6859,-0.91393,-0.91393,0,15.0
-0.12104,0.92044,-0.59695,7.6677e-20,6860,-0.76021,-1.0465,0,15.0
-0.34916,0.98383,-0.47389,-1.9148e-20,6873,-0.46551,-1.1238,0,15.0
-0.44647,0.94689,-0.28616,4.5978e-20,6876,-0.19028,-1.201,0,15.0
-0.50995,0.33703,-0.060718,-4.803e-20,6897,-0.083909,-1.066,0,15.0
-0.15452,0.0,0.0,0.0,6898,-0.64945,-0.76041,0,15.0
-0.31554,0.0,0.0,0.0,6901,-0.5225,-0.85264,0,15.0
-0.43378,0.0,0.0,0.0,6903,-0.38268,-0.92388,0,15.0
-0.51649,0.0,0.0,0.0,6906,-0.15643,-0.98769,0,15.0
-0.52099,0.0,0.0,0.0,6907,-0.078459,-0.99692,0,15.0
0.13878,0.88776,-0.15892,-1.825e-20,6923,-2.3204,-1.6853,0,15.0
0.21146,0.81314,-0.090499,7.247e-21,6929,-2.6029,-0.84595,0,15.0
0.32699,0.65038,-0.1193,-1.0555e-20,6991,-1.87,-0.44916,0,15.0
0.25432,0.72318,-0.23824,-7.3043e-23,6994,-1.7142,-0.87328,0,15.0
0.1855,0.79205,-0.29655,4.7894e-20,6996,-1.5553,-1.1297,0,15.0
0.41321,0.51433,-0.037082,4.8266e-20,7016,-1.6271,-0.12817,0,15.0
0.3584,0.57097,-0.21571,-6.1591e-20,7019,-1.5541,-0.50503,0,15.0
0.2483,0.66116,-0.38892,5.7049e-20,7031,-1.3165,-0.80663,0,15.0
0.46786,0.36848,-0.13747,-4.0696e-20,7044,-1.3568,-0.21499,0,15.0
0.41986,0.37316,-0.32123,-5.4772e-20,7055,-1.2306,-0.39989,0,15.0
0.2458,0.55281,-0.51307,7.2427e-20,7058,-1.1031,-0.67593,0,15.0
0.10046,0.70069,-0.58474,8.6678e-20,7060,-0.98326,-0.83971,0,15.0
0.51866,0.14246,-0.1588,1.9691e-20,7071,-1.1273,-0.17859,0,15.0
0.38033,0.15995,-0.287,-1.4206e-19,7083,-0.98812,-0.40929,0,15.0
0.54446,0.0,0.0,0.0,7089,-0.98769,-0.15643,0,15.0
0.50624,0.0,0.0,0.0,7090,-0.97237,-0.23345,0,15.0
0.22012,0.0,0.0,0.0,7094,-0.85264,-0.5225,0,15.0
0.031819,0.0,0.0,0.0,7096,-0.76041,-0.64945,0,15.0
0.16773,0.87075,-0.01951,6.2398999999999996e-21,7368,-3.5732,-0.46918,0,15.0
0.15595,0.88218,-0.061999,1.6869000000000002e-20,7371,-3.3916,-1.1488,0,15.0
0.072039,0.97328,-0.066873,-2.9550999999999997e-21,8062,-4.1311,-3.4878,0,15.0
-0.0078516,1.047,-0.12491,1.2752e-20,8451,-1.1464,-3.8396,0,15.0
-0.049189,1.0874,-0.1217,1.9324e-20,8570,-0.23491,-3.8016,0,15.0
-0.032191,1.0769,-0.094381,-3.3804999999999995e-21,8573,-0.23383,-4.5663,0,15.0
-0.37344,0.0,0.0,0.0,82,0.70711,0.70711,0,16.0
-0.36421,-0.013981,0.04147,-4.0849e-20,87,0.85936,0.85936,0,16.0
-0.35995,0.15668,0.028221,2.7334e-20,92,0.89178,1.0442,0,16.0
-0.34144,0.6272,0.044618,1.5510999999999998e-21,101,1.2866,1.2866,0,16.0
-0.32321,1.2818,0.035589,-2.3886e-21,112,1.5316,1.7937,0,16.0
-0.2824,1.3188,-0.010865,-5.7437e-21,120,1.8605,2.1789,0,16.0
-0.38187,0.062754,0.018292,-7.187599999999999e-21,126,0.71472,0.98382,0,16.0
-0.4119,0.0,0.0,0.0,145,0.5225,0.85264,0,16.0
-0.38058,0.39661,0.017157,-2.4979000000000002e-20,149,0.71792,1.1717,0,16.0
-0.3313,1.2182,0.08743,-4.9842e-20,155,1.0047,1.6399,0,16.0
-0.40944,0.21188,0.0034627,1.9864e-20,168,0.5522,1.0838,0,16.0
-0.40628,0.69429,0.046301,-1.2902e-20,191,0.52598,1.2698,0,16.0
-0.47682,0.0,0.0,0.0,208,0.30902,0.95106,0,16.0
-0.4454,0.42496,0.014727,5.0546e-20,210,0.37591,1.1568,0,16.0
-0.34381,1.2866,0.1644,1.0155e-20,216,0.5338,1.6426,0,16.0
-0.46474,0.54393,0.036591,8.0922e-20,231,0.28397,1.1826,0,16.0
-0.43008,0.96727,0.12008,-4.3705e-20,233,0.32087,1.3362,0,16.0
-0.31511,1.3149,0.19239,-6.0469e-20,238,0.42578,1.7727,0,16.0
-0.51843,0.50795,0.054712,-2.8793e-20,272,0.089562,1.1377,0,16.0
-0.47166,0.99267,0.17702,8.802799999999999e-21,274,0.1015,1.289,0,16.0
-0.56632,0.0,0.0,0.0,292,0.0,1.0,0,16.0
-0.35799,0.0,0.0,0.0,313,1.0,0.0,0,16.0
-0.3624,-0.025698,0.19825,-1.6424e-21,319,1.212,0.095424,0,16.0
-0.36226,-0.043147,0.21844,-2.3561e-22,320,1.2925,0.0,0,16.0
-0.36579,-0.076788,0.26308,-3.4989999999999995e-22,324,1.4555,0.0,0,16.0
-0.36627,-0.057789,0.28117,1.5283e-20,325,1.4519,0.11435,0,16.0
-0.38683,-0.078279,0.32459,3.0399e-20,333,1.8155,0.14304,0,16.0
-0.40469,-0.1371,0.32689,-1.2072999999999999e-21,338,2.1297,0.0,0,16.0
-0.45218,-0.077947,0.19457,-4.6141999999999994e-21,348,2.7283,0.0,0,16.0
-0.36505,0.0,0.0,0.0,355,0.98769,0.15643,0,16.0
-0.42518,0.03463,0.30394,-2.4764e-21,367,2.1071,0.33402,0,16.0
-0.36325,-0.02517,0.19475,-1.2264e-21,378,1.1826,0.28397,0,16.0
-0.36255,-0.025401,0.23558,-1.8406e-21,379,1.258,0.30208,0,16.0
-0.36399,-0.017723,0.28522,-4.9353999999999994e-21,381,1.4172,0.34035,0,16.0
-0.37889,0.092733,0.28534,4.2147e-20,406,1.7344,0.56364,0,16.0
-0.43218,0.26677,0.22142,1.0376e-20,410,2.137,0.69452,0,16.0
-0.4856,0.44617,0.10756,5.7337e-20,413,2.4799,0.80599,0,16.0
-0.50152,0.51505,0.054411,1.0474000000000001e-20,414,2.6029,0.84595,0,16.0
-0.36787,0.0,0.0,0.0,418,0.92388,0.38268,0,16.0
-0.40231,0.29275,0.20456,3.0245e-20,430,1.973,0.81724,0,16.0
-0.35875,-0.030973,0.12739,2.0413999999999998e-21,441,1.0838,0.5522,0,16.0
-0.34947,0.015086,0.20024,-1.2248e-20,444,1.2989,0.66178,0,16.0
-0.41654,0.53925,0.10069,-2.3811e-20,453,2.1054,1.0726,0,16.0
-0.36539,0.0,0.0,0.0,460,0.85264,0.5225,0,16.0
-0.34776,0.227,0.15201,1.8308e-20,469,1.5546,0.95244,0,16.0
-0.35735,-0.034401,0.076148,-7.5052e-21,483,0.98382,0.71472,0,16.0
-0.34712,0.0018494,0.10397,1.4157e-20,485,1.1114,0.8074,0,16.0
-0.36503,0.63971,0.063623,2.5098e-20,493,1.7261,1.2538,0,16.0
-0.51017,0.17432,-0.069916,-5.3602e-20,523,3.187,0.23587,0,16.0
-0.38936,0.14276,-0.36224,4.0628e-20,528,3.8141,0.0,0,16.0
-0.30237,0.22677,-0.53219,1.7524000000000002e-20,532,4.2681,0.0,0,16.0
-0.32449,0.36502,-0.56041,-5.0004e-20,533,4.2628,0.23492,0,16.0
-0.18386,0.26107,-0.62858,1.618e-20,540,5.282,0.0,0,16.0
-0.16041,0.30534,-0.58801,-2.7626e-20,543,5.5544,0.23377,0,16.0
-0.17467,0.31089,-0.40037,-3.76e-20,547,6.1409,0.23326,0,16.0
-0.22324,0.43557,-0.15662,1.7412000000000001e-19,548,6.4555,0.0,0,16.0
-0.17678,0.68364,0.39518,-5.482e-20,554,7.4555,0.0,0,16.0
-0.093051,0.73627,0.53009,8.765299999999999e-21,561,8.5669,0.23111,0,16.0
-0.092498,0.72258,0.52176,-7.429199999999999e-21,565,9.382,0.23039,0,16.0
-0.14649,0.65901,0.32199,-1.0304e-20,570,10.726,0.0,0,16.0
-0.11089,0.89241,-0.45366,1.0960000000000002e-20,626,12.738,0.454,0,16.0
-0.33252,0.66743,-0.56917,-7.2317e-20,641,4.1971,0.69968,0,16.0
-0.21311,0.62752,-0.58473,6.8213e-20,643,4.6868,0.69847,0,16.0
-0.1044,0.33007,-0.31108,-3.4947e-20,649,6.3905,0.6943,0,16.0
-0.090562,0.57598,0.36585,-2.274e-21,653,7.7527,0.69096,0,16.0
-0.18598,0.88145,-0.19089,3.538299999999999e-21,662,11.654,0.68139,0,16.0
-0.51296,0.76347,-0.25595,3.7058e-20,675,3.2568,0.92918,0,16.0
-0.44368,0.8218,-0.44004,-3.1804e-20,677,3.6808,0.9279,0,16.0
-0.11834,0.63819,-0.49371,-1.4565e-20,683,5.1561,0.92345,0,16.0
-0.49977,0.90211,-0.17952,4.6582e-20,712,2.9753,1.1514,0,16.0
-0.31151,0.93784,-0.51422,6.728299999999999e-22,717,4.0596,1.1477,0,16.0
-0.042569,0.5124,-0.34794,4.1797e-20,724,5.9526,1.1414,0,16.0
-0.071458,0.70967,0.51633,1.0687e-20,733,9.2192,1.1304,0,16.0
-0.19153,0.92637,-0.47411,3.2773e-20,757,4.4592,1.3602,0,16.0
-0.07211,0.73895,-0.38167,-3.1062e-20,760,5.2716,1.3574,0,16.0
-0.016289,0.42904,0.017987,8.2192e-21,766,7.19,1.3508,0,16.0
-0.029397,0.61775,0.39035,-2.9583e-20,769,8.319,1.347,0,16.0
-0.15829,0.87172,0.28398,-4.8898e-20,774,10.499,1.3395,0,16.0
-0.36055,1.1938,-0.34548,-4.8818e-20,791,3.3928,1.5691,0,16.0
-0.28209,1.1137,-0.41612,-4.259e-20,793,3.8541,1.5676,0,16.0
-0.10568,0.8653,-0.38796,-4.0722e-20,797,4.8843,1.5643,0,16.0
-0.0048824,0.6154,-0.22888,-2.5214999999999997e-21,801,6.0767,1.5606,0,16.0
-0.17099,1.0644,-0.16751,-1.6842e-20,814,11.41,1.5437,0,16.0
-0.36409,1.2868,-0.20337,6.9156e-20,828,2.8331,1.7658,0,16.0
-0.25371,1.1929,-0.3056,6.0004e-20,871,3.586,1.9485,0,16.0
-0.18618,1.085,-0.33728,4.577399999999999e-21,873,4.0873,1.9478,0,16.0
-0.082574,0.91073,-0.30588,-2.4413e-20,876,4.9116,1.9466,0,16.0
-0.027001,0.80619,-0.23729,-1.2981000000000001e-20,878,5.5135,1.9457,0,16.0
0.04038,0.73206,-0.012737,-3.9214e-21,961,6.7218,2.3126,0,16.0
-0.049528,0.93549,-0.19982,4.3118e-21,996,5.0613,2.5172,0,16.0
-0.0062457,0.86127,-0.1391,3.9674e-21,998,5.6893,2.5172,0,16.0
0.051032,0.72906,0.11309,-4.5614e-21,1003,7.4758,2.5172,0,16.0
-0.056372,1.1419,0.12377,3.4157999999999995e-21,1049,10.099,2.736,0,16.0
-0.080977,1.2399,-0.13075,-2.8457e-20,1051,11.109,2.736,0,16.0
0.0076989,1.0189,0.22217,-5.3422e-22,1087,9.1598,2.97,0,16.0
-0.040617,1.1365,-0.22689,1.7626e-20,1093,12.196,2.97,0,16.0
-0.03903,0.97781,-0.12441,1.0221e-20,1116,5.0613,3.2202,0,16.0
0.021495,0.94867,0.019322,-2.0312e-21,1201,6.7218,3.7739,0,16.0
0.015684,1.1143,0.085912,-3.3998e-21,1247,9.1598,4.08,0,16.0
-0.012577,1.1605,-0.06922,-2.0906e-22,1251,11.109,4.08,0,16.0
0.0079303,1.0034,0.011553,1.8839e-21,1321,6.7218,4.7572,0,16.0
0.00028379,1.0801,-0.091816,0.0,1333,12.196,4.7572,0,16.0
-0.10873,1.1521,0.12938,3.4112e-20,2145,-4.3934e-16,3.1819,0,16.0
-0.079937,1.1253,0.096612,-1.7817e-20,2175,-4.2301e-16,3.807,0,16.0
-0.063781,1.109,0.078398,-9.338599999999999e-21,2195,-4.1015e-16,4.2993,0,16.0
0.090631,0.92376,0.28625,4.3294000000000003e-20,2456,-1.5845,1.5845,0,16.0
0.065243,0.87889,0.4651,-4.7574000000000003e-20,2468,-1.1532,1.1532,0,16.0
-0.059886,0.91973,0.60792,-4.3352e-20,2475,-0.89178,1.0442,0,16.0
-0.13958,0.83982,0.65234,1.293e-21,2479,-0.78951,0.92446,0,16.0
-0.2191,0.0,0.0,0.0,2484,-0.64945,0.76041,0,16.0
-0.064359,0.99385,0.5144,7.345000000000001e-20,2499,-0.90709,1.2487,0,16.0
-0.19178,1.0575,0.58588,3.5720000000000004e-21,2522,-0.71792,1.1717,0,16.0
-0.38446,0.0,0.0,0.0,2527,-0.5225,0.85264,0,16.0
-0.031387,1.0562,0.2723,-1.611e-20,2533,-1.0726,2.1054,0,16.0
-0.35482,1.0114,0.55572,-2.0391e-20,2545,-0.5522,1.0838,0,16.0
-0.5029,0.0,0.0,0.0,2569,-0.38268,0.92388,0,16.0
-0.34548,1.2076,0.48715,2.2266e-21,2585,-0.42475,1.3071,0,16.0
-0.45072,1.0492,0.44,-5.9701e-20,2587,-0.37591,1.1568,0,16.0
-0.57719,0.0,0.0,0.0,2632,-0.15643,0.98769,0,16.0
-0.17251,1.1988,0.23042,-5.4658e-20,2639,-0.17623,2.2362,0,16.0
-0.25245,1.2524,0.29455,-9.142000000000001e-21,2643,-0.14304,1.8155,0,16.0
-0.42735,1.2363,0.33577,-1.4339000000000001e-19,2648,-0.10781,1.369,0,16.0
-0.50895,0.94594,0.23607,4.2209e-20,2650,-0.095424,1.212,0,16.0
-0.53965,0.6793,0.14847,6.458e-20,2651,-0.089562,1.1377,0,16.0
0.2468,0.7742,0.012101,-4.775499999999999e-22,2660,-2.5997,0.0,0,16.0
0.31096,0.6861,0.014949,1.2266e-22,2668,-2.1297,0.0,0,16.0
0.40972,0.51825,0.083033,-4.4046e-20,2679,-1.6271,0.12817,0,16.0
0.48461,0.34928,0.022826,-1.1057999999999998e-21,2684,-1.3725,0.0,0,16.0
0.52527,0.20259,0.023786,5.9951999999999995e-21,2688,-1.2153,0.0,0,16.0
0.55975,0.049433,0.01456,-1.1038999999999999e-21,2692,-1.0692,0.0,0,16.0
0.56999,0.0,0.0,0.0,2695,-1.0,0.0,0,16.0
0.45882,0.37734,0.1917,3.8972e-20,2711,-1.3568,0.21499,0,16.0
0.50582,0.15067,0.21139,-2.4453e-20,2714,-1.1273,0.17859,0,16.0
0.53025,0.0,0.0,0.0,2716,-0.98769,0.15643,0,16.0
0.37466,0.55603,0.20431,-8.3456e-20,2729,-1.5885,0.38151,0,16.0
0.20535,0.82311,0.11476,-6.8367e-21,2740,-2.6029,0.84595,0,16.0
0.29804,0.6833,0.19924,1.7693e-20,2747,-1.8296,0.59459,0,16.0
0.34574,0.58643,0.25974,5.8424e-20,2750,-1.5541,0.50503,0,16.0
0.3895,0.45025,0.34514,-5.1240000000000005e-20,2753,-1.3071,0.42475,0,16.0
0.41046,0.23368,0.37998,9.2934e-20,2756,-1.0857,0.35279,0,16.0
0.42473,0.0,0.0,0.0,2758,-0.95106,0.30902,0,16.0
0.26867,0.66683,0.35517,-1.6208e-20,2792,-1.456,0.74178,0,16.0
0.26688,0.35641,0.50876,-1.8212000000000001e-19,2798,-1.0172,0.51827,0,16.0
0.26645,0.0,0.0,0.0,2800,-0.89101,0.45399,0,16.0
0.19845,0.79707,0.27883,-1.1535999999999998e-21,2809,-1.7284,1.0589,0,16.0
0.22235,0.71503,0.39356,1.7234e-20,2813,-1.393,0.85347,0,16.0
0.22112,0.62606,0.51967,6.122200000000001e-20,2816,-1.1717,0.71792,0,16.0
0.092081,0.50074,0.584,2.4379e-19,2840,-0.92341,0.67086,0,16.0
0.075351,0.0,0.0,0.0,2842,-0.80902,0.58779,0,16.0
0.10596,0.93184,0.1754,2.4226e-20,2844,-2.2843,1.9505,0,16.0
0.1195,0.82217,0.44893,-4.6452e-20,2855,-1.2411,1.0599,0,16.0
0.082771,0.77045,0.58636,-1.2512e-20,2858,-1.0442,0.89178,0,16.0
0.13658,0.90579,0.0063123,6.0112000000000006e-24,2912,-4.3358,0.0,0,16.0
0.16549,0.87393,0.037385,-5.8301999999999996e-21,2951,-3.5732,0.46918,0,16.0
0.15713,0.88345,0.065467,-1.2766e-20,3011,-3.47,0.92747,0,16.0
0.062763,0.9848,0.079114,2.8202e-21,3372,-3.8187,3.4878,0,16.0
-0.0056092,1.0521,0.10418,5.203099999999999e-22,4180,-1.5637,4.1771,0,16.0
-0.43646,0.0,0.0,0.0,4394,0.64945,-0.76041,0,16.0
-0.47577,0.0,0.0,0.0,4402,0.45399,-0.89101,0,16.0
-0.51053,0.0,0.0,0.0,4406,0.30902,-0.95106,0,16.0
-0.54665,0.0,0.0,0.0,4410,0.15643,-0.98769,0,16.0
-0.51094,0.76057,-0.10462,-4.2175e-20,4436,0.095424,-1.212,0,16.0
-0.43868,0.28053,0.012826,4.2020000000000004e-21,4441,0.67593,-1.1031,0,16.0
-0.43812,0.55232,9.8503e-05,1.5938e-20,4453,0.62391,-1.2246,0,16.0
-0.444,1.1671,-0.25994,1.5372e-19,4459,-8.2717e-17,-1.3725,0,16.0
-0.40978,1.1039,-0.11119,-3.2503e-20,4477,0.47729,-1.4687,0,16.0
-0.408,0.39188,0.041247,-1.1234000000000001e-20,4483,1.1532,-1.1532,0,16.0
-0.40187,0.86142,-0.014364,-2.5685e-20,4485,0.85347,-1.393,0,16.0
-0.27777,1.2303,-0.25336,-3.3228e-20,4514,-1.8199e-16,-1.8196,0,16.0
-0.19344,1.1753,-0.20366,6.6251e-20,4558,-2.7552e-16,-2.2408,0,16.0
-0.28097,1.14,0.0075912,3.0862e-20,4559,1.5316,-1.7937,0,16.0
-0.17517,1.1383,-0.0044077,-2.8783999999999997e-21,4615,2.1213,-2.1213,0,16.0
-0.35452,0.0,0.0,0.0,4627,0.98769,-0.15643,0,16.0
-0.36202,0.0,0.0,0.0,4631,0.95106,-0.30902,0,16.0
-0.38066,0.0,0.0,0.0,4635,0.89101,-0.45399,0,16.0
-0.41492,0.0,0.0,0.0,4641,0.76041,-0.64945,0,16.0
-0.36844,-0.018882,0.038961,5.0502999999999995e-21,4646,1.0857,-0.35279,0,16.0
-0.41404,-0.018199,-0.030088,2.0063e-20,4651,0.86777,-0.74111,0,16.0
-0.36201,-0.032196,0.13208,-7.857999999999999e-22,4653,1.201,-0.19028,0,16.0
-0.38781,-0.034257,0.0067863,-1.2139e-20,4657,1.0838,-0.5522,0,16.0
-0.37309,-0.055965,0.089096,1.405e-21,4664,1.2306,-0.39989,0,16.0
-0.41395,0.025204,-0.013184,3.9078e-21,4669,0.98326,-0.83971,0,16.0
-0.39198,-0.043891,0.045918,1.0879e-20,4675,1.2246,-0.62391,0,16.0
-0.36695,-0.1006,0.20498,-1.2919e-20,4680,1.4391,-0.22804,0,16.0
-0.3766,-0.092421,0.13265,4.3430999999999995e-22,4682,1.3864,-0.45054,0,16.0
-0.41322,0.11855,0.018314,6.715199999999999e-21,4687,1.1075,-0.94578,0,16.0
-0.37688,-0.16244,0.30042,-7.7895e-21,4715,1.8155,-0.14304,0,16.0
-0.37442,0.048637,0.16746,1.2333e-20,4729,1.7142,-0.87328,0,16.0
-0.37054,-0.21589,0.31162,1.2182e-20,4743,2.1071,-0.33402,0,16.0
-0.34817,-0.13758,0.26353,1.2694e-20,4745,2.0308,-0.65999,0,16.0
-0.34411,0.12312,0.19722,6.5925e-20,4747,1.9027,-0.96929,0,16.0
-0.34332,0.51393,0.1303,7.0905e-20,4749,1.7261,-1.2538,0,16.0
-0.29444,-0.1154,0.27714,7.784099999999999e-21,4772,2.3614,-0.76747,0,16.0
-0.27024,-0.10334,0.2696,7.5612e-20,4781,2.4799,-0.80599,0,16.0
-0.12334,0.13162,0.13278,9.951699999999999e-21,4818,2.9753,-1.1514,0,16.0
-0.29562,-0.15841,-0.027862,7.1081e-21,4825,3.3622,-0.47016,0,16.0
-0.076596,0.61734,0.054196,-3.9475e-20,4830,2.9641,-1.5704,0,16.0
-0.11224,1.0077,0.0082448,8.412199999999999e-21,4832,2.6869,-1.9499,0,16.0
-0.1836,-0.10023,-0.17793,-4.3588e-21,4846,3.7419,-0.70079,0,16.0
-0.036769,0.29849,-0.022034,-9.8796e-22,4849,3.5057,-1.3635,0,16.0
-0.26562,0.10944,-0.49199,5.7013e-20,4864,4.2628,-0.23492,0,16.0
-0.1575,-0.0045044,-0.37509,-1.6589e-20,4866,4.1971,-0.69968,0,16.0
-0.055555,0.14792,-0.22306,-2.7578e-20,4868,4.0596,-1.1477,0,16.0
-0.020088,0.52486,-0.1101,1.2005e-20,4870,3.8541,-1.5676,0,16.0
-0.18328,0.11742,-0.56726,-1.3649e-20,4885,4.728,-0.4678,0,16.0
-0.056806,0.42343,-0.26424,2.0942e-20,4889,4.4592,-1.3602,0,16.0
-0.041742,0.92376,-0.12033,4.9662e-21,4892,4.0873,-1.9478,0,16.0
-0.10539,0.36951,-0.36772,-3.0493e-20,4898,4.812,-1.1452,0,16.0
-0.15922,0.36153,-0.43354,1.7147e-20,4907,5.1561,-0.92345,0,16.0
-0.20493,0.37731,-0.44215,4.0014e-21,4916,5.492,-0.6965,0,16.0
-0.12527,0.95408,-0.12787,-7.6441e-20,4921,5.0459,-1.7602,0,16.0
-0.22094,0.72103,-0.19055,2.7061e-20,4928,5.6516,-1.1424,0,16.0
-0.26647,0.61695,-0.15934,-3.4286e-20,4936,6.08,-0.69506,0,16.0
-0.21091,1.0311,-0.00305,6.8894e-20,4940,5.762,-1.5616,0,16.0
-0.27724,0.83161,0.05975,-1.9697e-20,4947,6.3357,-0.91989,0,16.0
-0.20243,1.1768,0.10779,9.7494e-21,4951,5.9608,-1.7579,0,16.0
-0.15738,0.91279,0.51217,1.905e-20,4986,7.7527,-0.69096,0,16.0
-0.096304,0.82659,0.51778,-8.185199999999999e-22,5005,8.5472,-0.46122,0,16.0
-0.085647,0.9223,0.45958,-7.919599999999999e-21,5008,8.3977,-1.1332,0,16.0
-0.056144,0.95119,0.36662,8.6248e-21,5021,8.5295,-1.7514,0,16.0
-0.061845,0.79912,0.42411,-5.344099999999999e-21,5027,9.2813,-0.91101,0,16.0
-0.04319,0.66632,0.2947,7.0693e-20,5059,10.499,-1.3395,0,16.0
-0.12551,0.6778,-0.086415,1.6381e-20,5075,11.684,-0.45582,0,16.0
-0.025116,0.62712,0.10678,3.5037e-20,5081,11.32,-1.7443,0,16.0
-0.089942,0.79062,-0.41036,2.3087e-20,5095,12.738,-0.454,0,16.0
-0.080019,1.2279,0.014133,8.5272e-22,5561,5.0613,-2.97,0,16.0
-0.084692,1.2348,0.045215,-1.31e-20,5591,5.3695,-2.97,0,16.0
-0.087546,1.2339,0.080328,-5.9146e-21,5621,5.6893,-2.97,0,16.0
-0.067399,1.1878,0.071137,5.8212999999999994e-21,5623,5.6893,-3.4878,0,16.0
-0.066609,1.1404,0.20387,-8.609e-21,5741,7.0919,-2.97,0,16.0
-0.031427,1.0888,0.1059,-1.1911e-21,5746,7.0919,-4.4072,0,16.0
-0.027041,1.0812,0.090972,-1.0698999999999998e-21,5747,7.0919,-4.7572,0,16.0
-0.017029,1.0636,0.054336,8.8329e-22,5750,7.0919,-5.9596,0,16.0
-0.042594,1.0591,0.22539,2.2295999999999997e-21,5801,7.874,-2.97,0,16.0
-0.026732,1.0531,0.15615,2.725e-21,5804,7.874,-3.7739,0,16.0
-0.016402,0.91358,0.24398,-3.836e-21,5889,9.1598,-2.5172,0,16.0
-6.0219e-05,0.9731,0.12066,-4.4953e-21,5895,9.1598,-4.08,0,16.0
0.0001874,0.82271,0.18667,3.3862e-22,5949,10.099,-2.5172,0,16.0
0.011934,0.89146,0.11292,-3.9314e-22,5953,10.099,-3.4878,0,16.0
0.012492,0.9698,0.048378,-9.2913e-24,5958,10.099,-5.1314,0,16.0
0.018344,0.78288,0.063562,-2.4161e-21,6011,11.109,-2.97,0,16.0
0.024733,0.89221,0.018833,-6.398e-22,6015,11.109,-4.08,0,16.0
0.015846,0.71765,-0.075881,-1.9814e-20,6070,12.196,-2.736,0,16.0
0.028902,0.94353,-0.053449,0.0,6077,12.196,-4.7572,0,16.0
0.021827,0.99205,-0.027104,5.0863e-22,6080,12.196,-5.9596,0,16.0
-0.099881,1.097,-0.22046,6.7441e-20,6745,-0.57975,-2.4134,0,16.0
0.061545,0.93781,-0.25377,-4.5724e-20,6748,-1.5316,-1.7937,0,16.0
0.090886,0.87807,-0.33656,-7.2505e-20,6789,-1.3571,-1.3571,0,16.0
0.074878,0.85097,-0.43518,4.7836000000000003e-20,6819,-1.1532,-1.1532,0,16.0
0.0022655,0.78796,-0.60941,5.1687e-20,6859,-0.91393,-0.91393,0,16.0
-0.14906,0.93489,-0.60355,7.9568e-20,6860,-0.76021,-1.0465,0,16.0
-0.38825,1.0051,-0.47988,-2.0138e-20,6873,-0.46551,-1.1238,0,16.0
-0.49407,0.97531,-0.28905,4.8856e-20,6876,-0.19028,-1.201,0,16.0
-0.56316,0.3533,-0.062354,-5.2938e-20,6897,-0.083909,-1.066,0,16.0
-0.18481,0.0,0.0,0.0,6898,-0.64945,-0.76041,0,16.0
-0.35238,0.0,0.0,0.0,6901,-0.5225,-0.85264,0,16.0
-0.47708,0.0,0.0,0.0,6903,-0.38268,-0.92388,0,16.0
-0.56802,0.0,0.0,0.0,6906,-0.15643,-0.98769,0,16.0
-0.57453,0.0,0.0,0.0,6907,-0.078459,-0.99692,0,16.0
0.12908,0.89114,-0.15972,-1.8452e-20,6923,-2.3204,-1.6853,0,16.0
0.20618,0.81507,-0.092928,6.9225e-21,6929,-2.6029,-0.84595,0,16.0
0.32197,0.65262,-0.12453,-8.741699999999999e-21,6991,-1.87,-0.44916,0,16.0
0.24461,0.72765,-0.24264,-1.3140999999999999e-21,6994,-1.7142,-0.87328,0,16.0
0.17258,0.79802,-0.30004,4.9271e-20,6996,-1.5553,-1.1297,0,16.0
0.41115,0.51523,-0.044185,4.6950000000000006e-20,7016,-1.6271,-0.12817,0,16.0
0.35115,0.57443,-0.22241,-6.1306e-20,7019,-1.5541,-0.50503,0,16.0
0.23512,0.66764,-0.39536,5.934e-20,7031,-1.3165,-0.80663,0,16.0
0.46371,0.37042,-0.14654,-4.0717000000000003e-20,7044,-1.3568,-0.21499,0,16.0
0.41134,0.37719,-0.33086,-5.5994e-20,7055,-1.2306,-0.39989,0,16.0
0.23056,0.5602,-0.52211,7.6999e-20,7058,-1.1031,-0.67593,0,16.0
0.080356,0.71064,-0.59308,9.0675e-20,7060,-0.98326,-0.83971,0,16.0
0.51395,0.14426,-0.16886,2.1873e-20,7071,-1.1273,-0.17859,0,16.0
0.36797,0.1633,-0.2946,-1.4418e-19,7083,-0.98812,-0.40929,0,16.0
0.53954,0.0,0.0,0.0,7089,-0.98769,-0.15643,0,16.0
0.49886,0.0,0.0,0.0,7090,-0.97237,-0.23345,0,16.0
0.20213,0.0,0.0,0.0,7094,-0.85264,-0.5225,0,16.0
0.0079003,0.0,0.0,0.0,7096,-0.76041,-0.64945,0,16.0
0.16566,0.8713,-0.021134,5.8828999999999996e-21,7368,-3.5732,-0.46918,0,16.0
0.15144,0.88347,-0.063294,1.7515e-20,7371,-3.3916,-1.1488,0,16.0
0.065957,0.97408,-0.066588,-2.9661999999999997e-21,8062,-4.1311,-3.4878,0,16.0
-0.020312,1.0477,-0.12072,1.2746e-20,8451,-1.1464,-3.8396,0,16.0
-0.063125,1.0866,-0.11491,2.1455e-20,8570,-0.23491,-3.8016,0,16.0
-0.042889,1.0747,-0.089811,-3.7754e-21,8573,-0.23383,-4.5663,0,16.0
-0.32778,0.0,0.0,0.0,82,0.70711,0.70711,0,17.0
-0.32037,-0.018067,0.03523,-3.6924e-20,87,0.85936,0.85936,0,17.0
-0.31553,0.13292,0.026757,2.8646e-20,92,0.89178,1.0442,0,17.0
-0.2884,0.55596,0.051276,-3.7154e-21,101,1.2866,1.2866,0,17.0
-0.2751,1.2385,0.070415,-4.6576e-22,112,1.5316,1.7937,0,17.0
-0.24922,1.3121,0.03359,-5.196199999999999e-21,120,1.8605,2.1789,0,17.0
-0.33598,0.051292,0.01914,-8.085499999999999e-21,126,0.71472,0.98382,0,17.0
-0.36336,0.0,0.0,0.0,145,0.5225,0.85264,0,17.0
-0.33382,0.3601,0.021696,-2.2077e-20,149,0.71792,1.1717,0,17.0
-0.28595,1.1725,0.10623,-4.7220000000000006e-20,155,1.0047,1.6399,0,17.0
-0.36081,0.19059,0.0069512,1.9583e-20,168,0.5522,1.0838,0,17.0
-0.35759,0.65007,0.051805,-1.1898e-20,191,0.52598,1.2698,0,17.0
-0.42403,0.0,0.0,0.0,208,0.30902,0.95106,0,17.0
-0.39416,0.3949,0.017963,4.8204e-20,210,0.37591,1.1568,0,17.0
-0.30174,1.2535,0.17854,9.408e-21,216,0.5338,1.6426,0,17.0
-0.41257,0.51093,0.038935,7.6721e-20,231,0.28397,1.1826,0,17.0
-0.38094,0.92371,0.12455,-4.0696e-20,233,0.32087,1.3362,0,17.0
-0.27636,1.2902,0.20727,-5.5205e-20,238,0.42578,1.7727,0,17.0
-0.46423,0.48147,0.05444,-3.1562e-20,272,0.089562,1.1377,0,17.0
-0.42112,0.95375,0.17775,6.734299999999999e-21,274,0.1015,1.289,0,17.0
-0.51081,0.0,0.0,0.0,292,0.0,1.0,0,17.0
-0.34664,0.0,0.0,0.0,313,1.0,0.0,0,17.0
-0.34371,-0.033928,0.10781,-4.0697999999999995e-21,319,1.212,0.095424,0,17.0
-0.35253,-0.057594,0.11896,1.3435000000000001e-20,320,1.2925,0.0,0,17.0
-0.35448,-0.097749,0.17465,3.1571e-20,324,1.4555,0.0,0,17.0
-0.34434,-0.081466,0.1979,1.2847e-20,325,1.4519,0.11435,0,17.0
-0.35015,-0.1217,0.29276,8.141199999999999e-21,333,1.8155,0.14304,0,17.0
-0.36958,-0.1798,0.35443,-9.162899999999999e-21,338,2.1297,0.0,0,17.0
-0.40071,-0.12247,0.36775,3.603399999999999e-21,348,2.7283,0.0,0,17.0
-0.33675,0.0,0.0,0.0,355,0.98769,0.15643,0,17.0
-0.35755,-0.029501,0.33493,6.3023e-21,367,2.1071,0.33402,0,17.0
-0.33155,-0.027697,0.12299,-5.4943999999999994e-21,378,1.1826,0.28397,0,17.0
-0.33026,-0.034649,0.15916,-8.644199999999999e-21,379,1.258,0.30208,0,17.0
-0.32783,-0.041573,0.21583,-4.089399999999999e-21,381,1.4172,0.34035,0,17.0
-0.32009,0.039663,0.26555,2.7059e-20,406,1.7344,0.56364,0,17.0
-0.3475,0.19256,0.26693,9.497799999999999e-21,410,2.137,0.69452,0,17.0
-0.39266,0.36684,0.2096,6.3653e-20,413,2.4799,0.80599,0,17.0
-0.41091,0.4344,0.17588,-7.7268e-21,414,2.6029,0.84595,0,17.0
-0.32678,0.0,0.0,0.0,418,0.92388,0.38268,0,17.0
-0.32361,0.21968,0.22908,1.68e-20,430,1.973,0.81724,0,17.0
-0.31842,-0.02943,0.088968,7.4751999999999995e-22,441,1.0838,0.5522,0,17.0
-0.30666,-0.0053966,0.15752,-2.4413e-20,444,1.2989,0.66178,0,17.0
-0.33105,0.44092,0.15133,-2.0543e-20,453,2.1054,1.0726,0,17.0
-0.32136,0.0,0.0,0.0,460,0.85264,0.5225,0,17.0
-0.28955,0.1685,0.14216,5.6599e-21,469,1.5546,0.95244,0,17.0
-0.31494,-0.034445,0.056706,-6.264399999999999e-21,483,0.98382,0.71472,0,17.0
-0.30477,-0.010887,0.079933,1.6447e-20,485,1.1114,0.8074,0,17.0
-0.29542,0.54235,0.085513,1.93e-20,493,1.7261,1.2538,0,17.0
-0.4695,0.1405,0.16652,-3.3053e-20,523,3.187,0.23587,0,17.0
-0.421,0.14526,-0.10894,4.1743e-20,528,3.8141,0.0,0,17.0
-0.36,0.26264,-0.35859,3.6361e-20,532,4.2681,0.0,0,17.0
-0.39674,0.41065,-0.40766,-3.2952000000000003e-20,533,4.2628,0.23492,0,17.0
-0.19061,0.42015,-0.60732,1.4909e-21,540,5.282,0.0,0,17.0
-0.16253,0.50174,-0.60091,-3.2097e-20,543,5.5544,0.23377,0,17.0
-0.13758,0.4283,-0.57101,-6.531099999999999e-21,547,6.1409,0.23326,0,17.0
-0.16752,0.37488,-0.52934,1.1124e-19,548,6.4555,0.0,0,17.0
-0.20712,0.56838,0.022633,-9.3669e-20,554,7.4555,0.0,0,17.0
-0.12071,0.71847,0.45514,1.6086e-20,561,8.5669,0.23111,0,17.0
-0.086199,0.76984,0.51633,-4.1588999999999995e-21,565,9.382,0.23039,0,17.0
-0.097342,0.71632,0.48008,-4.2595999999999995e-21,570,10.726,0.0,0,17.0
-0.16137,0.85336,-0.24502,1.6524000000000002e-20,626,12.738,0.454,0,17.0
-0.41871,0.72876,-0.45398,-6.6135e-20,641,4.1971,0.69968,0,17.0
-0.29637,0.74733,-0.58118,8.8744e-20,643,4.6868,0.69847,0,17.0
-0.09148,0.49272,-0.46584,-2.0844e-20,649,6.3905,0.6943,0,17.0
-0.10952,0.48313,0.051389,3.4484e-22,653,7.7527,0.69096,0,17.0
-0.17091,0.79374,0.23803,-4.4017e-21,662,11.654,0.68139,0,17.0
-0.48525,0.70254,-0.057839,-6.342699999999999e-22,675,3.2568,0.92918,0,17.0
-0.48074,0.81346,-0.25704,-1.2800999999999999e-22,677,3.6808,0.9279,0,17.0
-0.17824,0.7904,-0.55718,-1.0292e-20,683,5.1561,0.92345,0,17.0
-0.44844,0.80968,-0.019124,4.0917e-20,712,2.9753,1.1514,0,17.0
-0.38869,1.0125,-0.43576,-1.528e-21,717,4.0596,1.1477,0,17.0
-0.071934,0.69486,-0.41482,2.0727e-20,724,5.9526,1.1414,0,17.0
-0.048776,0.69323,0.4435,1.1468e-20,733,9.2192,1.1304,0,17.0
-0.26662,1.0532,-0.48347,3.4606e-20,757,4.4592,1.3602,0,17.0
-0.12686,0.87275,-0.45807,-3.1629e-20,760,5.2716,1.3574,0,17.0
-0.023126,0.48311,-0.2143,1.0065e-21,766,7.19,1.3508,0,17.0
-0.027264,0.54101,0.19183,-3.0863e-20,769,8.319,1.347,0,17.0
-0.086495,0.78661,0.49025,-5.2663e-20,774,10.499,1.3395,0,17.0
-0.38009,1.2175,-0.24534,-3.8247e-20,791,3.3928,1.5691,0,17.0
-0.33576,1.2012,-0.3627,-6.0965e-20,793,3.8541,1.5676,0,17.0
-0.1658,0.99142,-0.43988,-4.2172e-20,797,4.8843,1.5643,0,17.0
-0.040556,0.75001,-0.31902,7.064399999999999e-21,801,6.0767,1.5606,0,17.0
-0.14591,0.93335,0.23684,-1.7344e-20,814,11.41,1.5437,0,17.0
-0.3436,1.2763,-0.11368,4.4532e-20,828,2.8331,1.7658,0,17.0
-0.28195,1.2733,-0.26005,5.6984e-20,871,3.586,1.9485,0,17.0
-0.23046,1.1881,-0.32831,7.9714e-21,873,4.0873,1.9478,0,17.0
-0.12998,1.0145,-0.35328,-3.1922e-20,876,4.9116,1.9466,0,17.0
-0.069547,0.89884,-0.31769,-6.4736e-21,878,5.5135,1.9457,0,17.0
0.012528,0.78224,-0.12753,-5.1037999999999995e-21,961,6.7218,2.3126,0,17.0
-0.083122,1.0063,-0.24779,9.570899999999999e-21,996,5.0613,2.5172,0,17.0
-0.038642,0.91932,-0.21503,5.9906999999999996e-21,998,5.6893,2.5172,0,17.0
0.036292,0.75035,-0.0041407,-5.379899999999999e-21,1003,7.4758,2.5172,0,17.0
-0.0021231,0.91011,0.293,3.965099999999999e-21,1049,10.099,2.736,0,17.0
-0.061974,1.1295,0.12216,-1.46e-20,1051,11.109,2.736,0,17.0
0.03865,0.84824,0.21709,1.3646999999999999e-21,1087,9.1598,2.97,0,17.0
-0.06161,1.2254,-0.15049,2.4034e-20,1093,12.196,2.97,0,17.0
-0.060497,1.0214,-0.16275,8.084799999999999e-21,1116,5.0613,3.2202,0,17.0
0.010303,0.93679,-0.041101,-3.0360999999999996e-21,1201,6.7218,3.7739,0,17.0
0.031491,1.0325,0.1126,-2.8018999999999998e-21,1247,9.1598,4.08,0,17.0
-0.002631,1.1785,0.015853,-1.6779e-21,1251,11.109,4.08,0,17.0
0.0036977,0.98986,-0.020502,2.4956999999999996e-21,1321,6.7218,4.7572,0,17.0
0.001098,1.1184,-0.058422,0.0,1333,12.196,4.7572,0,17.0
-0.08952,1.1461,0.13969,3.1646e-20,2145,-4.3934e-16,3.1819,0,17.0
-0.064478,1.1227,0.10544,-1.6785e-20,2175,-4.2301e-16,3.807,0,17.0
-0.050552,1.1082,0.085865,-8.8901e-21,2195,-4.1015e-16,4.2993,0,17.0
0.10608,0.91483,0.28237,4.1013e-20,2456,-1.5845,1.5845,0,17.0
0.085845,0.86627,0.45707,-4.5943e-20,2468,-1.1532,1.1532,0,17.0
-0.032553,0.90333,0.59763,-4.2820000000000005e-20,2475,-0.89178,1.0442,0,17.0
-0.10779,0.82229,0.63948,-1.0329999999999999e-22,2479,-0.78951,0.92446,0,17.0
-0.18281,0.0,0.0,0.0,2484,-0.64945,0.76041,0,17.0
-0.038353,0.97783,0.50759,6.9373e-20,2499,-0.90709,1.2487,0,17.0
-0.15954,1.0378,0.57787,3.9800999999999995e-21,2522,-0.71792,1.1717,0,17.0
-0.34193,0.0,0.0,0.0,2527,-0.5225,0.85264,0,17.0
-0.011579,1.0451,0.27315,-1.4963e-20,2533,-1.0726,2.1054,0,17.0
-0.3145,0.98791,0.54574,-1.95e-20,2545,-0.5522,1.0838,0,17.0
-0.45477,0.0,0.0,0.0,2569,-0.38268,0.92388,0,17.0
-0.30631,1.1825,0.48339,1.8881e-21,2585,-0.42475,1.3071,0,17.0
-0.4052,1.0214,0.43241,-5.622000000000001e-20,2587,-0.37591,1.1568,0,17.0
-0.52317,0.0,0.0,0.0,2632,-0.15643,0.98769,0,17.0
-0.14569,1.1843,0.23895,-4.9697e-20,2639,-0.17623,2.2362,0,17.0
-0.21944,1.2327,0.30159,-8.790299999999998e-21,2643,-0.14304,1.8155,0,17.0
-0.38224,1.2041,0.33625,-1.3298e-19,2648,-0.10781,1.369,0,17.0
-0.45773,0.91236,0.23272,4.2317e-20,2650,-0.095424,1.212,0,17.0
-0.48625,0.65166,0.14512,6.2914e-20,2651,-0.089562,1.1377,0,17.0
0.24793,0.77425,0.0056343,-6.7441e-22,2660,-2.5997,0.0,0,17.0
0.31214,0.68615,0.0062957,3.2056999999999997e-22,2668,-2.1297,0.0,0,17.0
0.41293,0.51704,0.07067,-4.5730000000000004e-20,2679,-1.6271,0.12817,0,17.0
0.486,0.34931,0.0074985,-8.946399999999999e-22,2684,-1.3725,0.0,0,17.0
0.52673,0.20261,0.0069804,-1.2223999999999999e-21,2688,-1.2153,0.0,0,17.0
0.56127,0.049442,0.0031454,-7.809899999999999e-22,2692,-1.0692,0.0,0,17.0
0.57151,0.0,0.0,0.0,2695,-1.0,0.0,0,17.0
0.46477,0.37453,0.17653,3.9308e-20,2711,-1.3568,0.21499,0,17.0
0.513,0.14803,0.19558,-2.1945e-20,2714,-1.1273,0.17859,0,17.0
0.53787,0.0,0.0,0.0,2716,-0.98769,0.15643,0,17.0
0.38167,0.5523,0.19229,-8.1031e-20,2729,-1.5885,0.38151,0,17.0
0.2114,0.8202,0.10935,-7.1796e-21,2740,-2.6029,0.84595,0,17.0
0.30585,0.679,0.18992,2.0194e-20,2747,-1.8296,0.59459,0,17.0
0.35466,0.58145,0.24801,5.9234e-20,2750,-1.5541,0.50503,0,17.0
0.40005,0.44457,0.33044,-5.4805e-20,2753,-1.3071,0.42475,0,17.0
0.4234,0.22832,0.36442,8.9846e-20,2756,-1.0857,0.35279,0,17.0
0.43853,0.0,0.0,0.0,2758,-0.95106,0.30902,0,17.0
0.28144,0.65932,0.34428,-1.8329e-20,2792,-1.456,0.74178,0,17.0
0.2857,0.34821,0.49364,-1.7587000000000002e-19,2798,-1.0172,0.51827,0,17.0
0.28654,0.0,0.0,0.0,2800,-0.89101,0.45399,0,17.0
0.21065,0.78995,0.27159,-2.685e-21,2809,-1.7284,1.0589,0,17.0
0.23706,0.70624,0.38323,1.9105000000000002e-20,2813,-1.393,0.85347,0,17.0
0.23871,0.61594,0.50626,5.763e-20,2816,-1.1717,0.71792,0,17.0
0.11694,0.48952,0.56958,2.3461e-19,2840,-0.92341,0.67086,0,17.0
0.10188,0.0,0.0,0.0,2842,-0.80902,0.58779,0,17.0
0.11697,0.92635,0.17304,2.2743000000000002e-20,2844,-2.2843,1.9505,0,17.0
0.13813,0.81082,0.44002,-4.3205e-20,2855,-1.2411,1.0599,0,17.0
0.1052,0.75724,0.57427,-1.3294e-20,2858,-1.0442,0.89178,0,17.0
0.13763,0.90583,0.0033998,-5.5951e-22,2912,-4.3358,0.0,0,17.0
0.16821,0.87311,0.03355,-6.1953999999999994e-21,2951,-3.5732,0.46918,0,17.0
0.16149,0.88177,0.061863,-1.1938e-20,3011,-3.47,0.92747,0,17.0
0.070166,0.98264,0.078749,2.788e-21,3372,-3.8187,3.4878,0,17.0
0.0060674,1.0492,0.10733,1.4114e-22,4180,-1.5637,4.1771,0,17.0
-0.48203,0.0,0.0,0.0,4394,0.64945,-0.76041,0,17.0
-0.52391,0.0,0.0,0.0,4402,0.45399,-0.89101,0,17.0
-0.56141,0.0,0.0,0.0,4406,0.30902,-0.95106,0,17.0
-0.59953,0.0,0.0,0.0,4410,0.15643,-0.98769,0,17.0
-0.56129,0.79599,-0.10484,-4.7882e-20,4436,0.095424,-1.212,0,17.0
-0.48353,0.30683,0.015801,6.544699999999999e-21,4441,0.67593,-1.1031,0,17.0
-0.48382,0.59357,0.0051483,1.6244e-20,4453,0.62391,-1.2246,0,17.0
-0.48806,1.2023,-0.25827,1.6537e-19,4459,-8.2717e-17,-1.3725,0,17.0
-0.45319,1.147,-0.10225,-3.3906e-20,4477,0.47729,-1.4687,0,17.0
-0.45753,0.44833,0.032786,-5.8031999999999994e-21,4483,1.1532,-1.1532,0,17.0
-0.44727,0.91687,-0.0060989,-2.6801e-20,4485,0.85347,-1.393,0,17.0
-0.30995,1.2514,-0.24436,-3.5635e-20,4514,-1.8199e-16,-1.8196,0,17.0
-0.21945,1.1906,-0.19301,7.1472e-20,4558,-2.7552e-16,-2.2408,0,17.0
-0.33111,1.1874,0.041797,3.1826e-20,4559,1.5316,-1.7937,0,17.0
-0.20994,1.1477,0.051963,-5.234899999999999e-21,4615,2.1213,-2.1213,0,17.0
-0.36509,0.0,0.0,0.0,4627,0.98769,-0.15643,0,17.0
-0.39295,0.0,0.0,0.0,4631,0.95106,-0.30902,0,17.0
-0.42385,0.0,0.0,0.0,4635,0.89101,-0.45399,0,17.0
-0.46114,0.0,0.0,0.0,4641,0.76041,-0.64945,0,17.0
-0.3981,-0.032109,-0.037089,2.6179e-20,4646,1.0857,-0.35279,0,17.0
-0.45781,-0.020318,-0.046311,1.9071e-20,4651,0.86777,-0.74111,0,17.0
-0.37331,-0.044982,0.031756,3.6305e-21,4653,1.201,-0.19028,0,17.0
-0.42854,-0.03798,-0.05877,-1.2921e-20,4657,1.0838,-0.5522,0,17.0
-0.40465,-0.059235,-0.0049182,1.7737999999999998e-21,4664,1.2306,-0.39989,0,17.0
-0.45684,0.035939,-0.03968,4.4550999999999995e-21,4669,0.98326,-0.83971,0,17.0
-0.43591,-0.026807,-0.026588,3.799e-21,4675,1.2246,-0.62391,0,17.0
-0.38085,-0.10867,0.11153,-3.2467e-20,4680,1.4391,-0.22804,0,17.0
-0.41279,-0.079765,0.044026,2.4022999999999997e-21,4682,1.3864,-0.45054,0,17.0
-0.45866,0.15048,-0.0086284,4.1914e-21,4687,1.1075,-0.94578,0,17.0
-0.37396,-0.18216,0.25899,-4.8254999999999996e-21,4715,1.8155,-0.14304,0,17.0
-0.44565,0.14679,0.13761,-2.3615999999999998e-21,4729,1.7142,-0.87328,0,17.0
-0.38599,-0.20972,0.32734,1.4977e-20,4743,2.1071,-0.33402,0,17.0
-0.40985,-0.057004,0.26307,1.2905999999999999e-21,4745,2.0308,-0.65999,0,17.0
-0.42421,0.2495,0.19603,5.5318e-20,4747,1.9027,-0.96929,0,17.0
-0.41785,0.63057,0.14275,6.8347e-20,4749,1.7261,-1.2538,0,17.0
-0.35681,-0.0080204,0.34383,9.893599999999999e-21,4772,2.3614,-0.76747,0,17.0
-0.32961,0.0090479,0.36,9.3108e-20,4781,2.4799,-0.80599,0,17.0
-0.16627,0.25275,0.2789,1.3456e-20,4818,2.9753,-1.1514,0,17.0
-0.29904,-0.16351,0.24882,-2.2119e-20,4825,3.3622,-0.47016,0,17.0
-0.11097,0.70745,0.15721,-5.307e-20,4830,2.9641,-1.5704,0,17.0
-0.14284,1.0243,0.085698,6.1160000000000004e-21,4832,2.6869,-1.9499,0,17.0
-0.19689,-0.10917,0.10179,1.4735999999999998e-21,4846,3.7419,-0.70079,0,17.0
-0.040307,0.33139,0.14731,-6.9487e-21,4849,3.5057,-1.3635,0,17.0
-0.30706,0.1362,-0.29531,6.9853e-20,4864,4.2628,-0.23492,0,17.0
-0.17025,-0.017689,-0.14064,-2.5289000000000002e-20,4866,4.1971,-0.69968,0,17.0
-0.038111,0.071883,-0.0045852,-3.217e-20,4868,4.0596,-1.1477,0,17.0
0.012076,0.47363,0.023066,2.4205e-20,4870,3.8541,-1.5676,0,17.0
-0.19416,0.16513,-0.43454,-3.8378e-20,4885,4.728,-0.4678,0,17.0
0.0073613,0.24317,-0.14712,4.9294999999999994e-21,4889,4.4592,-1.3602,0,17.0
0.017366,0.80943,-0.076409,6.357199999999999e-21,4892,4.0873,-1.9478,0,17.0
-0.037281,0.17834,-0.30967,-3.3462e-20,4898,4.812,-1.1452,0,17.0
-0.088125,0.20331,-0.46117,3.845e-20,4907,5.1561,-0.92345,0,17.0
-0.12926,0.26236,-0.564,-1.9101e-20,4916,5.492,-0.6965,0,17.0
-0.0089385,0.6853,-0.2195,-6.5333e-20,4921,5.0459,-1.7602,0,17.0
-0.10025,0.4221,-0.43954,3.415e-20,4928,5.6516,-1.1424,0,17.0
-0.16806,0.39407,-0.52247,-2.4782e-20,4936,6.08,-0.69506,0,17.0
-0.10003,0.74288,-0.26142,7.543300000000001e-20,4940,5.762,-1.5616,0,17.0
-0.19663,0.5761,-0.35146,1.6930000000000002e-20,4947,6.3357,-0.91989,0,17.0
-0.12244,0.95487,-0.14998,3.2402e-20,4951,5.9608,-1.7579,0,17.0
-0.22574,0.88861,0.32768,9.9809e-21,4986,7.7527,-0.69096,0,17.0
-0.14262,0.87231,0.50248,1.1150000000000002e-20,5005,8.5472,-0.46122,0,17.0
-0.13605,1.0187,0.46625,-1.002e-20,5008,8.3977,-1.1332,0,17.0
-0.089342,1.0645,0.38665,7.728e-21,5021,8.5295,-1.7514,0,17.0
-0.079998,0.89542,0.46623,-3.7202e-21,5027,9.2813,-0.91101,0,17.0
-0.038787,0.79057,0.34688,4.0831e-20,5059,10.499,-1.3395,0,17.0
-0.11127,0.64899,0.27043,9.441499999999999e-21,5075,11.684,-0.45582,0,17.0
-0.02265,0.71261,0.24632,2.3791000000000002e-20,5081,11.32,-1.7443,0,17.0
-0.11542,0.71541,-0.16604,3.8046e-20,5095,12.738,-0.454,0,17.0
-0.036451,1.174,-0.059437,7.0463e-23,5561,5.0613,-2.97,0,17.0
-0.044214,1.1986,-0.04224,-6.6575e-22,5591,5.3695,-2.97,0,17.0
-0.05347,1.2199,-0.015095,-3.2354999999999998e-21,5621,5.6893,-2.97,0,17.0
-0.044484,1.1819,0.0054995,2.8221999999999996e-21,5623,5.6893,-3.4878,0,17.0
-0.070119,1.2094,0.14609,-1.2431e-20,5741,7.0919,-2.97,0,17.0
-0.029871,1.1182,0.080332,-1.0482e-21,5746,7.0919,-4.4072,0,17.0
-0.025575,1.1056,0.070318,-1.5781e-22,5747,7.0919,-4.7572,0,17.0
-0.016296,1.077,0.044678,8.8562e-22,5750,7.0919,-5.9596,0,17.0
-0.055157,1.1397,0.20475,2.1024e-21,5801,7.874,-2.97,0,17.0
-0.032207,1.106,0.14047,1.9171e-21,5804,7.874,-3.7739,0,17.0
-0.03197,1.0001,0.2708,-4.5217e-21,5889,9.1598,-2.5172,0,17.0
-0.007741,1.0189,0.1367,-4.7949e-21,5895,9.1598,-4.08,0,17.0
-0.010663,0.90181,0.23737,4.2146e-22,5949,10.099,-2.5172,0,17.0
0.0022653,0.94354,0.15563,-3.0467e-23,5953,10.099,-3.4878,0,17.0
0.0075422,0.99053,0.072898,-3.4429e-22,5958,10.099,-5.1314,0,17.0
0.010325,0.84204,0.13877,-2.7984999999999996e-21,6011,11.109,-2.97,0,17.0
0.017725,0.91409,0.075502,-6.0982e-22,6015,11.109,-4.08,0,17.0
0.012569,0.73533,0.056947,-1.9070000000000002e-20,6070,12.196,-2.736,0,17.0
0.02581,0.92808,-0.0027286,0.0,6077,12.196,-4.7572,0,17.0
0.020555,0.97918,-0.0026342,2.5479e-22,6080,12.196,-5.9596,0,17.0
-0.11996,1.1088,-0.2149,7.2159e-20,6745,-0.57975,-2.4134,0,17.0
0.047709,0.94713,-0.25623,-4.9256e-20,6748,-1.5316,-1.7937,0,17.0
0.075659,0.88894,-0.34225,-7.4748e-20,6789,-1.3571,-1.3571,0,17.0
0.056847,0.86378,-0.44326,4.9466e-20,6819,-1.1532,-1.1532,0,17.0
-0.021714,0.8036,-0.62206,5.4693e-20,6859,-0.91393,-0.91393,0,17.0
-0.17839,0.95412,-0.61434,8.2802e-20,6860,-0.76021,-1.0465,0,17.0
-0.42853,1.031,-0.48876,-2.0748e-20,6873,-0.46551,-1.1238,0,17.0
-0.54114,1.0074,-0.29387,5.2049e-20,6876,-0.19028,-1.201,0,17.0
-0.6154,0.3696,-0.064312,-5.6582e-20,6897,-0.083909,-1.066,0,17.0
-0.21823,0.0,0.0,0.0,6898,-0.64945,-0.76041,0,17.0
-0.39211,0.0,0.0,0.0,6901,-0.5225,-0.85264,0,17.0
-0.52249,0.0,0.0,0.0,6903,-0.38268,-0.92388,0,17.0
-0.61956,0.0,0.0,0.0,6906,-0.15643,-0.98769,0,17.0
-0.62719,0.0,0.0,0.0,6907,-0.078459,-0.99692,0,17.0
0.1208,0.8966,-0.16292,-1.8638e-20,6923,-2.3204,-1.6853,0,17.0
0.20236,0.81809,-0.098321,6.5932999999999994e-21,6929,-2.6029,-0.84595,0,17.0
0.31826,0.65594,-0.13415,-6.7433999999999995e-21,6991,-1.87,-0.44916,0,17.0
0.23597,0.73423,-0.25113,-2.7358999999999997e-21,6994,-1.7142,-0.87328,0,17.0
0.16064,0.80676,-0.30733,5.0462e-20,6996,-1.5553,-1.1297,0,17.0
0.41054,0.51652,-0.056555,4.54e-20,7016,-1.6271,-0.12817,0,17.0
0.34481,0.57952,-0.23417,-6.0632e-20,7019,-1.5541,-0.50503,0,17.0
0.22221,0.677,-0.4067,6.1722e-20,7031,-1.3165,-0.80663,0,17.0
0.46054,0.37329,-0.16173,-4.0494e-20,7044,-1.3568,-0.21499,0,17.0
0.40292,0.38312,-0.34664,-5.6941e-20,7055,-1.2306,-0.39989,0,17.0
0.21451,0.57081,-0.53674,8.3581e-20,7058,-1.1031,-0.67593,0,17.0
0.059049,0.72455,-0.6065,9.6111e-20,7060,-0.98326,-0.83971,0,17.0
0.50976,0.14693,-0.1847,2.4458e-20,7071,-1.1273,-0.17859,0,17.0
0.35434,0.16804,-0.30578,-1.4581e-19,7083,-0.98812,-0.40929,0,17.0
0.53499,0.0,0.0,0.0,7089,-0.98769,-0.15643,0,17.0
0.49122,0.0,0.0,0.0,7090,-0.97237,-0.23345,0,17.0
0.18183,0.0,0.0,0.0,7094,-0.85264,-0.5225,0,17.0
-0.018932,0.0,0.0,0.0,7096,-0.76041,-0.64945,0,17.0
0.16508,0.87221,-0.024961,5.526399999999999e-21,7368,-3.5732,-0.46918,0,17.0
0.1484,0.88567,-0.066704,1.8174e-20,7371,-3.3916,-1.1488,0,17.0
0.061149,0.97605,-0.067019,-2.9907999999999997e-21,8062,-4.1311,-3.4878,0,17.0
-0.031782,1.0516,-0.11621,1.2890000000000002e-20,8451,-1.1464,-3.8396,0,17.0
-0.076547,1.0898,-0.10673,2.3624e-20,8570,-0.23491,-3.8016,0,17.0
-0.053199,1.0753,-0.083326,-4.1963e-21,8573,-0.23383,-4.5663,0,17.0
-0.30083,0.0,0.0,0.0,82,0.70711,0.70711,0,18.0
-0.29528,-0.016325,0.025053,-3.2487e-20,87,0.85936,0.85936,0,18.0
-0.29029,0.12134,0.01889,2.9238e-20,92,0.89178,1.0442,0,18.0
-0.25431,0.49979,0.041643,-1.1292e-20,101,1.2866,1.2866,0,18.0
-0.23263,1.1844,0.090705,-2.6031999999999996e-21,112,1.5316,1.7937,0,18.0
-0.21286,1.2871,0.071341,-4.2258e-21,120,1.8605,2.1789,0,18.0
-0.30885,0.04816,0.015999,-8.490299999999999e-21,126,0.71472,0.98382,0,18.0
-0.33362,0.0,0.0,0.0,145,0.5225,0.85264,0,18.0
-0.30556,0.33668,0.020373,-1.8576e-20,149,0.71792,1.1717,0,18.0
-0.25357,1.1267,0.11409,-5.2398e-20,155,1.0047,1.6399,0,18.0
-0.33061,0.17927,0.0065834,1.9944e-20,168,0.5522,1.0838,0,18.0
-0.32624,0.61707,0.052232,-1.2797e-20,191,0.52598,1.2698,0,18.0
-0.38923,0.0,0.0,0.0,208,0.30902,0.95106,0,18.0
-0.36057,0.37503,0.018173,4.4871e-20,210,0.37591,1.1568,0,18.0
-0.27222,1.2206,0.18539,9.223099999999999e-21,216,0.5338,1.6426,0,18.0
-0.37739,0.48764,0.038761,7.1941e-20,231,0.28397,1.1826,0,18.0
-0.34741,0.88801,0.12476,-3.8659e-20,233,0.32087,1.3362,0,18.0
-0.24834,1.2642,0.21567,-5.2466e-20,238,0.42578,1.7727,0,18.0
-0.42574,0.46248,0.053291,-2.8964e-20,272,0.089562,1.1377,0,18.0
-0.385,0.92151,0.1759,6.560399999999999e-21,274,0.1015,1.289,0,18.0
-0.47021,0.0,0.0,0.0,292,0.0,1.0,0,18.0
-0.35255,0.0,0.0,0.0,313,1.0,0.0,0,18.0
-0.343,-0.037938,-0.010407,-7.7956e-21,319,1.212,0.095424,0,18.0
-0.35993,-0.064156,-0.015594,2.4490000000000002e-20,320,1.2925,0.0,0,18.0
-0.36269,-0.1081,0.035026,5.8417e-20,324,1.4555,0.0,0,18.0
-0.34333,-0.10025,0.063172,1.591e-20,325,1.4519,0.11435,0,18.0
-0.34087,-0.16665,0.18156,-1.0295000000000001e-20,333,1.8155,0.14304,0,18.0
-0.36572,-0.21738,0.28053,-1.5459e-20,338,2.1297,0.0,0,18.0
-0.35545,-0.19382,0.44968,1.3375e-20,348,2.7283,0.0,0,18.0
-0.32649,0.0,0.0,0.0,355,0.98769,0.15643,0,18.0
-0.31343,-0.12169,0.28139,1.1897e-20,367,2.1071,0.33402,0,18.0
-0.31833,-0.028771,0.026406,-9.0495e-21,378,1.1826,0.28397,0,18.0
-0.31704,-0.04357,0.050561,-1.5353e-20,379,1.258,0.30208,0,18.0
-0.31265,-0.06871,0.10073,-5.7211e-21,381,1.4172,0.34035,0,18.0
-0.28434,-0.031175,0.18662,1.2661e-20,406,1.7344,0.56364,0,18.0
-0.2777,0.081148,0.24805,7.349199999999999e-21,410,2.137,0.69452,0,18.0
-0.29618,0.23827,0.2556,4.1651e-20,413,2.4799,0.80599,0,18.0
-0.30843,0.30386,0.24515,-1.4412e-20,414,2.6029,0.84595,0,18.0
-0.30283,0.0,0.0,0.0,418,0.92388,0.38268,0,18.0
-0.26251,0.12133,0.19799,-2.6392999999999997e-21,430,1.973,0.81724,0,18.0
-0.29614,-0.026994,0.0378,-6.5189e-23,441,1.0838,0.5522,0,18.0
-0.28379,-0.028059,0.087225,-3.2069e-20,444,1.2989,0.66178,0,18.0
-0.25486,0.32872,0.1544,-9.2208e-21,453,2.1054,1.0726,0,18.0
-0.29483,0.0,0.0,0.0,460,0.85264,0.5225,0,18.0
-0.25282,0.10984,0.098286,-8.8343e-21,469,1.5546,0.95244,0,18.0
-0.29089,-0.031594,0.03094,-5.182799999999999e-21,483,0.98382,0.71472,0,18.0
-0.28166,-0.018842,0.043635,1.6780000000000003e-20,485,1.1114,0.8074,0,18.0
-0.2413,0.45255,0.076008,1.1270999999999999e-21,493,1.7261,1.2538,0,18.0
-0.38262,0.026364,0.37027,3.2191e-21,523,3.187,0.23587,0,18.0
-0.3887,0.0779,0.19731,3.1288e-20,528,3.8141,0.0,0,18.0
-0.37897,0.22227,-0.066136,5.1554e-20,532,4.2681,0.0,0,18.0
-0.42237,0.37255,-0.13101,5.5281e-21,533,4.2628,0.23492,0,18.0
-0.23321,0.47451,-0.53823,-1.182e-20,540,5.282,0.0,0,18.0
-0.20236,0.60251,-0.6007,-3.9186e-20,543,5.5544,0.23377,0,18.0
-0.13769,0.59489,-0.58412,3.3335e-20,547,6.1409,0.23326,0,18.0
-0.13156,0.51702,-0.58675,3.0043000000000003e-20,548,6.4555,0.0,0,18.0
-0.16988,0.4722,-0.41518,-8.989000000000001e-20,554,7.4555,0.0,0,18.0
-0.15987,0.62735,0.17626,3.2741e-20,561,8.5669,0.23111,0,18.0
-0.11176,0.7534,0.45465,-4.806e-21,565,9.382,0.23039,0,18.0
-0.077297,0.7942,0.48792,-5.6255e-22,570,10.726,0.0,0,18.0
-0.16221,0.78702,0.15347,2.6543e-21,626,12.738,0.454,0,18.0
-0.44953,0.69001,-0.21644,-2.7947000000000003e-20,641,4.1971,0.69968,0,18.0
-0.37687,0.78263,-0.44785,7.9552e-20,643,4.6868,0.69847,0,18.0
-0.10174,0.6727,-0.50763,-5.721299999999999e-21,649,6.3905,0.6943,0,18.0
-0.10078,0.45768,-0.31022,-3.1493999999999996e-21,653,7.7527,0.69096,0,18.0
-0.10934,0.77027,0.47556,-3.3497e-21,662,11.654,0.68139,0,18.0
-0.39665,0.58157,0.121,-2.3222e-20,675,3.2568,0.92918,0,18.0
-0.44035,0.71656,-0.030555,2.6060000000000003e-20,677,3.6808,0.9279,0,18.0
-0.25503,0.90324,-0.55916,-9.855699999999999e-21,683,5.1561,0.92345,0,18.0
-0.35349,0.66958,0.11249,2.7076e-20,712,2.9753,1.1514,0,18.0
-0.41616,0.98033,-0.25307,-2.7673e-21,717,4.0596,1.1477,0,18.0
-0.11281,0.82995,-0.48695,1.2565e-20,724,5.9526,1.1414,0,18.0
-0.050288,0.61841,0.2832,1.4797e-20,733,9.2192,1.1304,0,18.0
-0.33009,1.1288,-0.40648,2.9866e-20,757,4.4592,1.3602,0,18.0
-0.18852,1.004,-0.49235,-2.9655e-20,760,5.2716,1.3574,0,18.0
-0.033367,0.64562,-0.31233,9.8199e-22,766,7.19,1.3508,0,18.0
-0.032729,0.49457,-0.08989,-3.8433e-20,769,8.319,1.347,0,18.0
-0.048204,0.76492,0.46795,-5.1179e-20,774,10.499,1.3395,0,18.0
-0.35106,1.1492,-0.10699,-1.9228e-20,791,3.3928,1.5691,0,18.0
-0.35242,1.2092,-0.23994,-6.5455e-20,793,3.8541,1.5676,0,18.0
-0.2268,1.1153,-0.4405,-3.3448e-20,797,4.8843,1.5643,0,18.0
-0.07898,0.86668,-0.39547,1.142e-20,801,6.0767,1.5606,0,18.0
-0.080479,0.83744,0.45809,-9.323599999999999e-21,814,11.41,1.5437,0,18.0
-0.2915,1.2035,-0.019372,1.8611e-20,828,2.8331,1.7658,0,18.0
-0.28364,1.3108,-0.17488,4.4130000000000005e-20,871,3.586,1.9485,0,18.0
-0.25867,1.2715,-0.27165,9.8857e-21,873,4.0873,1.9478,0,18.0
-0.17439,1.1264,-0.36016,-4.0245000000000004e-20,876,4.9116,1.9466,0,18.0
-0.11062,1.0057,-0.36105,3.9106e-21,878,5.5135,1.9457,0,18.0
-0.015678,0.84769,-0.22004,-7.256799999999999e-21,961,6.7218,2.3126,0,18.0
-0.11289,1.0885,-0.26435,1.4915e-20,996,5.0613,2.5172,0,18.0
-0.068721,0.99635,-0.25974,7.649799999999999e-21,998,5.6893,2.5172,0,18.0
0.015053,0.79345,-0.11445,-6.8494e-21,1003,7.4758,2.5172,0,18.0
0.02713,0.77022,0.25886,1.979e-21,1049,10.099,2.736,0,18.0
-0.01167,0.92578,0.30849,-1.2842e-20,1051,11.109,2.736,0,18.0
0.043099,0.78504,0.12236,1.5936999999999999e-21,1087,9.1598,2.97,0,18.0
-0.05511,1.173,0.061237,1.3697e-20,1093,12.196,2.97,0,18.0
-0.079076,1.0759,-0.17858,5.6485999999999994e-21,1116,5.0613,3.2202,0,18.0
-0.0040128,0.95403,-0.094498,-3.5724e-21,1201,6.7218,3.7739,0,18.0
0.036273,0.9578,0.084144,-4.7153e-22,1247,9.1598,4.08,0,18.0
0.015993,1.1279,0.10644,-2.3211e-21,1251,11.109,4.08,0,18.0
-0.0034956,0.99423,-0.05321,2.7716999999999998e-21,1321,6.7218,4.7572,0,18.0
0.007101,1.1361,-0.0019229,0.0,1333,12.196,4.7572,0,18.0
-0.073684,1.1367,0.14835,2.9609e-20,2145,-4.3934e-16,3.1819,0,18.0
-0.051296,1.117,0.11374,-1.5820000000000002e-20,2175,-4.2301e-16,3.807,0,18.0
-0.03905,1.1046,0.093454,-8.4303e-21,2195,-4.1015e-16,4.2993,0,18.0
0.11877,0.90516,0.27666,3.9314e-20,2456,-1.5845,1.5845,0,18.0
0.1032,0.85314,0.44714,-4.4771e-20,2468,-1.1532,1.1532,0,18.0
-0.0092143,0.88665,0.58565,-4.2940000000000006e-20,2475,-0.89178,1.0442,0,18.0
-0.08012,0.80491,0.62564,-2.0424e-21,2479,-0.78951,0.92446,0,18.0
-0.15084,0.0,0.0,0.0,2484,-0.64945,0.76041,0,18.0
-0.01681,0.96145,0.49882,6.5766e-20,2499,-0.90709,1.2487,0,18.0
-0.13284,1.0181,0.56815,5.2355999999999996e-21,2522,-0.71792,1.1717,0,18.0
-0.30569,0.0,0.0,0.0,2527,-0.5225,0.85264,0,18.0
0.0041314,1.0329,0.27189,-1.4128e-20,2533,-1.0726,2.1054,0,18.0
-0.28101,0.96575,0.53507,-1.7649e-20,2545,-0.5522,1.0838,0,18.0
-0.41532,0.0,0.0,0.0,2569,-0.38268,0.92388,0,18.0
-0.27525,1.1582,0.47746,2.2814e-21,2585,-0.42475,1.3071,0,18.0
-0.36883,0.99627,0.42416,-5.3434e-20,2587,-0.37591,1.1568,0,18.0
-0.4817,0.0,0.0,0.0,2632,-0.15643,0.98769,0,18.0
-0.12502,1.168,0.24411,-4.6537e-20,2639,-0.17623,2.2362,0,18.0
-0.19453,1.2121,0.30475,-8.742699999999998e-21,2643,-0.14304,1.8155,0,18.0
-0.34843,1.1745,0.33381,-1.2611e-19,2648,-0.10781,1.369,0,18.0
-0.41938,0.88436,0.22836,4.0033e-20,2650,-0.095424,1.212,0,18.0
-0.44632,0.63002,0.14161,6.032e-20,2651,-0.089562,1.1377,0,18.0
0.24976,0.77425,-0.0023759,-8.112099999999999e-22,2660,-2.5997,0.0,0,18.0
0.31401,0.68614,-0.004086,4.9015e-22,2668,-2.1297,0.0,0,18.0
0.4164,0.5157,0.056358,-4.7153e-20,2679,-1.6271,0.12817,0,18.0
0.48789,0.34931,-0.0099029,-6.5209e-22,2684,-1.3725,0.0,0,18.0
0.52861,0.20261,-0.011764,-7.921e-21,2688,-1.2153,0.0,0,18.0
0.56313,0.04944,-0.0091527,-4.1503e-22,2692,-1.0692,0.0,0,18.0
0.57338,0.0,0.0,0.0,2695,-1.0,0.0,0,18.0
0.47065,0.3715,0.15931,3.9742e-20,2711,-1.3568,0.21499,0,18.0
0.52013,0.14522,0.17823,-1.9687e-20,2714,-1.1273,0.17859,0,18.0
0.54544,0.0,0.0,0.0,2716,-0.98769,0.15643,0,18.0
0.3883,0.5483,0.17833,-7.912800000000001e-20,2729,-1.5885,0.38151,0,18.0
0.21695,0.81694,0.10245,-7.4442e-21,2740,-2.6029,0.84595,0,18.0
0.31296,0.67437,0.1788,2.2369e-20,2747,-1.8296,0.59459,0,18.0
0.36287,0.57613,0.23436,6.0171e-20,2750,-1.5541,0.50503,0,18.0
0.40991,0.4385,0.31372,-5.849e-20,2753,-1.3071,0.42475,0,18.0
0.43577,0.22268,0.34747,8.7195e-20,2756,-1.0857,0.35279,0,18.0
0.4518,0.0,0.0,0.0,2758,-0.95106,0.30902,0,18.0
0.29276,0.65136,0.33149,-2.0343e-20,2792,-1.456,0.74178,0,18.0
0.30326,0.33971,0.47739,-1.7058000000000002e-19,2798,-1.0172,0.51827,0,18.0
0.30544,0.0,0.0,0.0,2800,-0.89101,0.45399,0,18.0
0.22108,0.78231,0.26255,-4.0002e-21,2809,-1.7284,1.0589,0,18.0
0.24992,0.69697,0.37102,2.1044000000000002e-20,2813,-1.393,0.85347,0,18.0
0.25449,0.60532,0.49099,5.440800000000001e-20,2816,-1.1717,0.71792,0,18.0
0.13961,0.47814,0.55434,2.266e-19,2840,-0.92341,0.67086,0,18.0
0.12624,0.0,0.0,0.0,2842,-0.80902,0.58779,0,18.0
0.12617,0.92008,0.16923,2.1646e-20,2844,-2.2843,1.9505,0,18.0
0.15401,0.79897,0.42923,-4.0296e-20,2855,-1.2411,1.0599,0,18.0
0.12484,0.74358,0.56044,-1.4204e-20,2858,-1.0442,0.89178,0,18.0
0.13935,0.90583,-0.00044151,-9.7949e-22,2912,-4.3358,0.0,0,18.0
0.17119,0.87212,0.028546,-6.4742e-21,2951,-3.5732,0.46918,0,18.0
0.16569,0.8798,0.057086,-1.1333e-20,3011,-3.47,0.92747,0,18.0
0.076612,0.97977,0.077761,2.7632999999999996e-21,3372,-3.8187,3.4878,0,18.0
0.015863,1.0447,0.10991,-1.2334e-22,4180,-1.5637,4.1771,0,18.0
-0.50669,0.0,0.0,0.0,4394,0.64945,-0.76041,0,18.0
-0.55209,0.0,0.0,0.0,4402,0.45399,-0.89101,0,18.0
-0.59324,0.0,0.0,0.0,4406,0.30902,-0.95106,0,18.0
-0.63474,0.0,0.0,0.0,4410,0.15643,-0.98769,0,18.0
-0.59551,0.82331,-0.1065,-4.8056e-20,4436,0.095424,-1.212,0,18.0
-0.50832,0.32223,0.015599,1.0260000000000001e-20,4441,0.67593,-1.1031,0,18.0
-0.51008,0.62283,0.0059185,1.5794e-20,4453,0.62391,-1.2246,0,18.0
-0.51847,1.2328,-0.25954,1.7317e-19,4459,-8.2717e-17,-1.3725,0,18.0
-0.48022,1.1833,-0.098936,-3.5590000000000003e-20,4477,0.47729,-1.4687,0,18.0
-0.48253,0.48386,0.017259,-1.0845e-21,4483,1.1532,-1.1532,0,18.0
-0.47311,0.96016,-0.0048997,-2.5132000000000002e-20,4485,0.85347,-1.393,0,18.0
-0.3317,1.2726,-0.24015,-3.7136000000000003e-20,4514,-1.8199e-16,-1.8196,0,18.0
-0.23724,1.2078,-0.18669,7.4622e-20,4558,-2.7552e-16,-2.2408,0,18.0
-0.37144,1.2374,0.060745,2.8623e-20,4559,1.5316,-1.7937,0,18.0
-0.25056,1.1778,0.098767,-8.4763e-21,4615,2.1213,-2.1213,0,18.0
-0.38755,0.0,0.0,0.0,4627,0.98769,-0.15643,0,18.0
-0.42524,0.0,0.0,0.0,4631,0.95106,-0.30902,0,18.0
-0.45669,0.0,0.0,0.0,4635,0.89101,-0.45399,0,18.0
-0.48738,0.0,0.0,0.0,4641,0.76041,-0.64945,0,18.0
-0.42736,-0.038795,-0.11018,3.5218e-20,4646,1.0857,-0.35279,0,18.0
-0.48194,-0.022969,-0.055789,1.6488e-20,4651,0.86777,-0.74111,0,18.0
-0.39457,-0.048556,-0.086249,7.25e-21,4653,1.201,-0.19028,0,18.0
-0.45662,-0.03772,-0.11847,-1.1003e-20,4657,1.0838,-0.5522,0,18.0
-0.43396,-0.051655,-0.11174,1.485e-21,4664,1.2306,-0.39989,0,18.0
-0.47835,0.038219,-0.061366,4.797299999999999e-21,4669,0.98326,-0.83971,0,18.0
-0.46416,-0.0081346,-0.10517,-7.173399999999999e-21,4675,1.2246,-0.62391,0,18.0
-0.40621,-0.097306,-0.025246,-5.1719e-20,4680,1.4391,-0.22804,0,18.0
-0.44585,-0.051277,-0.072129,8.504099999999999e-21,4682,1.3864,-0.45054,0,18.0
-0.48009,0.16591,-0.036724,1.0834e-21,4687,1.1075,-0.94578,0,18.0
-0.39643,-0.17661,0.13549,-1.2249e-20,4715,1.8155,-0.14304,0,18.0
-0.5002,0.23901,0.070829,-1.4675e-20,4729,1.7142,-0.87328,0,18.0
-0.43034,-0.15557,0.24084,1.76e-20,4743,2.1071,-0.33402,0,18.0
-0.48001,0.062713,0.18709,-9.865499999999999e-21,4745,2.0308,-0.65999,0,18.0
-0.49376,0.37051,0.15086,2.8074e-20,4747,1.9027,-0.96929,0,18.0
-0.4753,0.72829,0.12907,5.501e-20,4749,1.7261,-1.2538,0,18.0
-0.43969,0.1582,0.32102,1.185e-20,4772,2.3614,-0.76747,0,18.0
-0.41303,0.18965,0.35782,1.073e-19,4781,2.4799,-0.80599,0,18.0
-0.23977,0.4716,0.35703,1.1414e-20,4818,2.9753,-1.1514,0,18.0
-0.28732,-0.14089,0.47762,3.0417999999999995e-21,4825,3.3622,-0.47016,0,18.0
-0.17705,0.8431,0.24656,-5.6116e-20,4830,2.9641,-1.5704,0,18.0
-0.19349,1.0706,0.15896,-3.7454999999999996e-22,4832,2.6869,-1.9499,0,18.0
-0.19556,-0.070728,0.38106,1.0891000000000001e-20,4846,3.7419,-0.70079,0,18.0
-0.082728,0.50865,0.26697,-1.32e-20,4849,3.5057,-1.3635,0,18.0
-0.31836,0.096546,0.0093842,6.1922e-20,4864,4.2628,-0.23492,0,18.0
-0.17024,-0.028177,0.17035,-4.4043e-20,4866,4.1971,-0.69968,0,18.0
-0.045178,0.14329,0.23376,-2.8343e-20,4868,4.0596,-1.1477,0,18.0
-0.0084277,0.57736,0.15142,1.7443e-20,4870,3.8541,-1.5676,0,18.0
-0.21478,0.14856,-0.19667,-3.7075000000000003e-20,4885,4.728,-0.4678,0,18.0
0.018311,0.23819,0.070819,-6.868299999999999e-21,4889,4.4592,-1.3602,0,18.0
0.019117,0.79746,0.020717,5.8938999999999995e-21,4892,4.0873,-1.9478,0,18.0
-0.022798,0.13423,-0.080363,-3.9187e-20,4898,4.812,-1.1452,0,18.0
-0.074331,0.18344,-0.28057,4.9904e-20,4907,5.1561,-0.92345,0,18.0
-0.11327,0.29177,-0.45021,-3.5687e-20,4916,5.492,-0.6965,0,18.0
0.056676,0.51697,-0.13848,-4.077e-20,4921,5.0459,-1.7602,0,18.0
-0.038923,0.29472,-0.40332,5.3429e-20,4928,5.6516,-1.1424,0,18.0
-0.10984,0.38376,-0.56282,1.6587e-20,4936,6.08,-0.69506,0,18.0
0.0026143,0.46314,-0.33059,7.2918e-20,4940,5.762,-1.5616,0,18.0
-0.10254,0.41202,-0.5491,-2.3256e-20,4947,6.3357,-0.91989,0,18.0
-0.009977,0.64593,-0.30054,2.9801e-20,4951,5.9608,-1.7579,0,18.0
-0.23559,0.72857,-0.097071,-1.7720000000000002e-20,4986,7.7527,-0.69096,0,18.0
-0.20717,0.82401,0.2931,2.3537e-20,5005,8.5472,-0.46122,0,18.0
-0.20411,1.0323,0.31842,-7.9449e-21,5008,8.3977,-1.1332,0,18.0
-0.13909,1.168,0.34335,1.1272e-20,5021,8.5295,-1.7514,0,18.0
-0.12748,0.97257,0.47672,-3.9855e-21,5027,9.2813,-0.91101,0,18.0
-0.048025,0.88932,0.38427,2.4029e-20,5059,10.499,-1.3395,0,18.0
-0.077841,0.72481,0.42367,4.088e-21,5075,11.684,-0.45582,0,18.0
-0.02314,0.82329,0.29891,1.2270000000000002e-20,5081,11.32,-1.7443,0,18.0
-0.11093,0.67318,0.18869,3.2584e-20,5095,12.738,-0.454,0,18.0
0.0034388,1.0818,-0.090652,-2.5788999999999996e-21,5561,5.0613,-2.97,0,18.0
0.00089009,1.1106,-0.098543,1.0330000000000001e-20,5591,5.3695,-2.97,0,18.0
-0.0065344,1.1445,-0.095778,1.5375999999999999e-21,5621,5.6893,-2.97,0,18.0
-0.013502,1.1362,-0.052018,-2.2014999999999998e-21,5623,5.6893,-3.4878,0,18.0
-0.055716,1.2454,0.043787,-1.4474e-20,5741,7.0919,-2.97,0,18.0
-0.021298,1.1331,0.039998,-6.3629e-22,5746,7.0919,-4.4072,0,18.0
-0.018402,1.118,0.037779,5.672799999999999e-22,5747,7.0919,-4.7572,0,18.0
-0.012463,1.0843,0.028797,6.8373e-22,5750,7.0919,-5.9596,0,18.0
-0.060712,1.216,0.14354,1.2578999999999999e-21,5801,7.874,-2.97,0,18.0
-0.031044,1.152,0.099218,7.1686e-22,5804,7.874,-3.7739,0,18.0
-0.051735,1.0979,0.2747,-6.1056e-21,5889,9.1598,-2.5172,0,18.0
-0.013104,1.0687,0.13351,-4.809299999999999e-21,5895,9.1598,-4.08,0,18.0
-0.024164,0.98661,0.26711,5.351099999999999e-22,5949,10.099,-2.5172,0,18.0
-0.0067764,1.0044,0.17713,4.9602e-22,5953,10.099,-3.4878,0,18.0
0.0039363,1.0188,0.085536,-6.346999999999999e-22,5958,10.099,-5.1314,0,18.0
0.0018951,0.90822,0.18905,-3.2e-21,6011,11.109,-2.97,0,18.0
0.011133,0.95249,0.11435,-5.2135e-22,6015,11.109,-4.08,0,18.0
0.0085016,0.80258,0.14504,-1.5597e-20,6070,12.196,-2.736,0,18.0
0.021797,0.93697,0.043242,0.0,6077,12.196,-4.7572,0,18.0
0.01882,0.97983,0.022856,3.0179e-23,6080,12.196,-5.9596,0,18.0
-0.13363,1.1222,-0.21218,7.5286e-20,6745,-0.57975,-2.4134,0,18.0
0.038384,0.9571,-0.26062,-5.1921e-20,6748,-1.5316,-1.7937,0,18.0
0.06487,0.90019,-0.34987,-7.618500000000001e-20,6789,-1.3571,-1.3571,0,18.0
0.043346,0.87683,-0.45322,5.0608e-20,6819,-1.1532,-1.1532,0,18.0
-0.041303,0.81926,-0.63607,5.7685e-20,6859,-0.91393,-0.91393,0,18.0
-0.20186,0.97291,-0.62636,8.5512e-20,6860,-0.76021,-1.0465,0,18.0
-0.45986,1.0544,-0.49813,-2.0817000000000002e-20,6873,-0.46551,-1.1238,0,18.0
-0.57564,1.0345,-0.29934,5.467900000000001e-20,6876,-0.19028,-1.201,0,18.0
-0.65313,0.38142,-0.066065,-5.7847e-20,6897,-0.083909,-1.066,0,18.0
-0.24656,0.0,0.0,0.0,6898,-0.64945,-0.76041,0,18.0
-0.42477,0.0,0.0,0.0,6901,-0.5225,-0.85264,0,18.0
-0.55847,0.0,0.0,0.0,6903,-0.38268,-0.92388,0,18.0
-0.65781,0.0,0.0,0.0,6906,-0.15643,-0.98769,0,18.0
-0.66531,0.0,0.0,0.0,6907,-0.078459,-0.99692,0,18.0
0.11562,0.90263,-0.16769,-1.8751e-20,6923,-2.3204,-1.6853,0,18.0
0.20046,0.82135,-0.10523,6.343499999999999e-21,6929,-2.6029,-0.84595,0,18.0
0.31621,0.65941,-0.14558,-5.0797e-21,6991,-1.87,-0.44916,0,18.0
0.23008,0.74111,-0.26144,-3.9737e-21,6994,-1.7142,-0.87328,0,18.0
0.15226,0.81585,-0.31647,5.1127e-20,6996,-1.5553,-1.1297,0,18.0
0.41085,0.51785,-0.070868,4.3953e-20,7016,-1.6271,-0.12817,0,18.0
0.3404,0.58481,-0.24782,-5.9701e-20,7019,-1.5541,-0.50503,0,18.0
0.21234,0.68667,-0.41987,6.3552e-20,7031,-1.3165,-0.80663,0,18.0
0.45843,0.37631,-0.17895,-4.0045e-20,7044,-1.3568,-0.21499,0,18.0
0.39607,0.38935,-0.36431,-5.7307e-20,7055,-1.2306,-0.39989,0,18.0
0.20119,0.58174,-0.55299,9.047500000000001e-20,7058,-1.1031,-0.67593,0,18.0
0.041512,0.73863,-0.62135,1.0157000000000001e-19,7060,-0.98326,-0.83971,0,18.0
0.50636,0.14974,-0.20204,2.6739000000000002e-20,7071,-1.1273,-0.17859,0,18.0
0.34224,0.17289,-0.31749,-1.4646e-19,7083,-0.98812,-0.40929,0,18.0
0.53113,0.0,0.0,0.0,7089,-0.98769,-0.15643,0,18.0
0.4845,0.0,0.0,0.0,7090,-0.97237,-0.23345,0,18.0
0.16387,0.0,0.0,0.0,7094,-0.85264,-0.5225,0,18.0
-0.042272,0.0,0.0,0.0,7096,-0.76041,-0.64945,0,18.0
0.16562,0.87321,-0.029968,5.2642999999999995e-21,7368,-3.5732,-0.46918,0,18.0
0.14711,0.88814,-0.071322,1.866e-20,7371,-3.3916,-1.1488,0,18.0
0.058419,0.97864,-0.068074,-3.0204999999999997e-21,8062,-4.1311,-3.4878,0,18.0
-0.039647,1.0574,-0.11268,1.3138000000000001e-20,8451,-1.1464,-3.8396,0,18.0
-0.086288,1.0961,-0.09951,2.5243e-20,8570,-0.23491,-3.8016,0,18.0
-0.060813,1.0786,-0.076802,-4.5262e-21,8573,-0.23383,-4.5663,0,18.0
-0.301,0.0,0.0,0.0,82,0.70711,0.70711,0,19.0
-0.29721,-0.0092872,0.013243,-2.9101e-20,87,0.85936,0.85936,0,19.0
-0.29291,0.12509,0.006227,2.9045e-20,92,0.89178,1.0442,0,19.0
-0.24941,0.47329,0.01653,-1.9609e-20,101,1.2866,1.2866,0,19.0
-0.20778,1.1348,0.090182,-8.823199999999999e-21,112,1.5316,1.7937,0,19.0
-0.18276,1.2491,0.092061,-2.9425999999999997e-21,120,1.8605,2.1789,0,19.0
-0.3096,0.054194,0.0098794,-7.5609e-21,126,0.71472,0.98382,0,19.0
-0.33245,0.0,0.0,0.0,145,0.5225,0.85264,0,19.0
-0.30536,0.33281,0.013549,-1.5444e-20,149,0.71792,1.1717,0,19.0
-0.24453,1.0946,0.10831,-6.4907e-20,155,1.0047,1.6399,0,19.0
-0.3288,0.18088,0.0025721,2.0685e-20,168,0.5522,1.0838,0,19.0
-0.32259,0.60462,0.047523,-1.5217e-20,191,0.52598,1.2698,0,19.0
-0.38352,0.0,0.0,0.0,208,0.30902,0.95106,0,19.0
-0.35545,0.37073,0.015353,4.14e-20,210,0.37591,1.1568,0,19.0
-0.26517,1.1977,0.1828,9.716499999999999e-21,216,0.5338,1.6426,0,19.0
-0.37048,0.48044,0.036165,6.7762e-20,231,0.28397,1.1826,0,19.0
-0.34046,0.87045,0.12075,-3.8087e-20,233,0.32087,1.3362,0,19.0
-0.24049,1.2442,0.2149,-5.3158e-20,238,0.42578,1.7727,0,19.0
-0.41506,0.4562,0.051603,-2.1831e-20,272,0.089562,1.1377,0,19.0
-0.37493,0.90512,0.17205,8.2404e-21,274,0.1015,1.289,0,19.0
-0.4572,0.0,0.0,0.0,292,0.0,1.0,0,19.0
-0.3698,0.0,0.0,0.0,313,1.0,0.0,0,19.0
-0.3565,-0.032521,-0.12201,-1.0123e-20,319,1.212,0.095424,0,19.0
-0.37688,-0.05636,-0.14427,2.6809000000000002e-20,320,1.2925,0.0,0,19.0
-0.38195,-0.097404,-0.11294,6.4633e-20,324,1.4555,0.0,0,19.0
-0.35917,-0.099514,-0.084108,2.2690000000000002e-20,325,1.4519,0.11435,0,19.0
-0.36076,-0.17978,0.019431,-1.2229e-20,333,1.8155,0.14304,0,19.0
-0.39944,-0.20555,0.123,-1.6252e-20,338,2.1297,0.0,0,19.0
-0.36856,-0.20724,0.39107,1.8966e-20,348,2.7283,0.0,0,19.0
-0.33474,0.0,0.0,0.0,355,0.98769,0.15643,0,19.0
-0.31396,-0.19199,0.14233,8.593199999999999e-21,367,2.1071,0.33402,0,19.0
-0.32497,-0.024514,-0.070867,-1.0254e-20,378,1.1826,0.28397,0,19.0
-0.32425,-0.044781,-0.062926,-1.8842e-20,379,1.258,0.30208,0,19.0
-0.3206,-0.084136,-0.031686,-9.2225e-21,381,1.4172,0.34035,0,19.0
-0.28202,-0.094265,0.059363,7.2931e-21,406,1.7344,0.56364,0,19.0
-0.24631,-0.037228,0.15207,7.2107e-21,410,2.137,0.69452,0,19.0
-0.22767,0.079456,0.21831,-3.418899999999999e-21,413,2.4799,0.80599,0,19.0
-0.22667,0.1348,0.23363,-4.8673999999999996e-21,414,2.6029,0.84595,0,19.0
-0.30128,0.0,0.0,0.0,418,0.92388,0.38268,0,19.0
-0.23659,0.019061,0.10511,-2.3689e-20,430,1.973,0.81724,0,19.0
-0.29729,-0.02382,-0.016597,4.371599999999999e-22,441,1.0838,0.5522,0,19.0
-0.28645,-0.047215,0.0021201,-3.2938e-20,444,1.2989,0.66178,0,19.0
-0.20774,0.21558,0.099429,7.550000000000001e-21,453,2.1054,1.0726,0,19.0
-0.29252,0.0,0.0,0.0,460,0.85264,0.5225,0,19.0
-0.24696,0.061684,0.024388,-2.1781e-20,469,1.5546,0.95244,0,19.0
-0.29224,-0.026896,0.0034378,-4.541799999999999e-21,483,0.98382,0.71472,0,19.0
-0.28478,-0.020954,0.001071,1.6214000000000002e-20,485,1.1114,0.8074,0,19.0
-0.21657,0.3883,0.033187,-2.4660000000000002e-20,493,1.7261,1.2538,0,19.0
-0.31051,-0.11688,0.47459,4.8766e-20,523,3.187,0.23587,0,19.0
-0.31717,-0.036342,0.47908,6.846199999999999e-21,528,3.8141,0.0,0,19.0
-0.33183,0.1146,0.28236,5.4278e-20,532,4.2681,0.0,0,19.0
-0.37077,0.25054,0.19983,3.9440000000000004e-20,533,4.2628,0.23492,0,19.0
-0.28345,0.44195,-0.31831,-2.8261000000000003e-20,540,5.282,0.0,0,19.0
-0.26733,0.61893,-0.48412,-3.4375e-20,543,5.5544,0.23377,0,19.0
-0.1738,0.67387,-0.58782,6.8403e-20,547,6.1409,0.23326,0,19.0
-0.13692,0.61618,-0.58403,-2.6123e-20,548,6.4555,0.0,0,19.0
-0.11958,0.56642,-0.55365,-4.0597e-20,554,7.4555,0.0,0,19.0
-0.1555,0.53447,-0.25723,3.6972e-20,561,8.5669,0.23111,0,19.0
-0.15321,0.66541,0.1901,-1.8733e-20,565,9.382,0.23039,0,19.0
-0.089401,0.82924,0.49544,3.035e-21,570,10.726,0.0,0,19.0
-0.11377,0.77068,0.42658,-6.546e-21,626,12.738,0.454,0,19.0
-0.39676,0.56222,0.063531,1.5949e-20,641,4.1971,0.69968,0,19.0
-0.40005,0.71218,-0.18061,3.2473e-20,643,4.6868,0.69847,0,19.0
-0.13673,0.79345,-0.55969,4.5917e-21,649,6.3905,0.6943,0,19.0
-0.081367,0.60083,-0.44209,-7.512699999999999e-21,653,7.7527,0.69096,0,19.0
-0.074719,0.79583,0.4945,-4.5993e-22,662,11.654,0.68139,0,19.0
-0.27954,0.39721,0.24825,-2.6659e-20,675,3.2568,0.92918,0,19.0
-0.33859,0.55168,0.17137,3.5431e-20,677,3.6808,0.9279,0,19.0
-0.32928,0.93679,-0.43179,-8.532699999999999e-21,683,5.1561,0.92345,0,19.0
-0.24439,0.49419,0.18655,1.0859e-20,712,2.9753,1.1514,0,19.0
-0.36811,0.84612,-0.024994,1.2592e-22,717,4.0596,1.1477,0,19.0
-0.16888,0.95546,-0.52229,1.3844e-20,724,5.9526,1.1414,0,19.0
-0.061844,0.53628,-0.014777,1.9185e-20,733,9.2192,1.1304,0,19.0
-0.34843,1.0928,-0.22981,1.3003e-20,757,4.4592,1.3602,0,19.0
-0.2548,1.1076,-0.45216,-1.6596e-20,760,5.2716,1.3574,0,19.0
-0.05316,0.77798,-0.37986,4.891299999999999e-21,766,7.19,1.3508,0,19.0
-0.035441,0.58825,-0.27538,-3.1786e-20,769,8.319,1.347,0,19.0
-0.037893,0.71363,0.36962,-5.8851e-20,774,10.499,1.3395,0,19.0
-0.27636,1.0015,0.025853,1.1896999999999999e-21,791,3.3928,1.5691,0,19.0
-0.31416,1.109,-0.075784,-4.9998e-20,793,3.8541,1.5676,0,19.0
-0.27725,1.196,-0.36318,-5.0177e-21,797,4.8843,1.5643,0,19.0
-0.12355,0.98968,-0.43816,1.1788e-20,801,6.0767,1.5606,0,19.0
-0.043242,0.79825,0.45366,-7.616899999999999e-21,814,11.41,1.5437,0,19.0
-0.21913,1.0843,0.052285,-5.351099999999999e-23,828,2.8331,1.7658,0,19.0
-0.25141,1.2788,-0.066318,2.2233e-20,871,3.586,1.9485,0,19.0
-0.25798,1.2985,-0.1688,8.5321e-21,873,4.0873,1.9478,0,19.0
-0.21134,1.2283,-0.3173,-4.5445e-20,876,4.9116,1.9466,0,19.0
-0.15213,1.1199,-0.36516,2.2079000000000002e-20,878,5.5135,1.9457,0,19.0
-0.043093,0.93141,-0.27801,-1.0011000000000001e-20,961,6.7218,2.3126,0,19.0
-0.13721,1.1717,-0.24747,1.9966e-20,996,5.0613,2.5172,0,19.0
-0.096898,1.0826,-0.27313,9.2905e-21,998,5.6893,2.5172,0,19.0
-0.0075571,0.85578,-0.19952,-8.190000000000001e-21,1003,7.4758,2.5172,0,19.0
0.032439,0.7131,0.13569,5.9666e-22,1049,10.099,2.736,0,19.0
0.016594,0.80008,0.28978,-1.2054e-20,1051,11.109,2.736,0,19.0
0.034407,0.7863,0.014889,1.6042999999999998e-21,1087,9.1598,2.97,0,19.0
-0.016544,0.99467,0.26393,1.0295000000000001e-20,1093,12.196,2.97,0,19.0
-0.09369,1.1319,-0.17066,2.7634999999999996e-21,1116,5.0613,3.2202,0,19.0
-0.019125,0.99014,-0.13204,-3.8254e-21,1201,6.7218,3.7739,0,19.0
0.031599,0.91833,0.025067,1.699e-21,1247,9.1598,4.08,0,19.0
0.031308,1.025,0.14544,-1.0815e-21,1251,11.109,4.08,0,19.0
-0.012437,1.0125,-0.078865,2.8246999999999997e-21,1321,6.7218,4.7572,0,19.0
0.017067,1.1141,0.061438,0.0,1333,12.196,4.7572,0,19.0
-0.066889,1.1263,0.15296,2.8541000000000003e-20,2145,-4.3934e-16,3.1819,0,19.0
-0.045245,1.1094,0.11932,-1.5160000000000003e-20,2175,-4.2301e-16,3.807,0,19.0
-0.033633,1.099,0.099167,-8.0598e-21,2195,-4.1015e-16,4.2993,0,19.0
0.12364,0.89741,0.27067,3.8685e-20,2456,-1.5845,1.5845,0,19.0
0.11092,0.84315,0.438,-4.4395e-20,2468,-1.1532,1.1532,0,19.0
0.0020918,0.87431,0.57524,-4.3679e-20,2475,-0.89178,1.0442,0,19.0
-0.065808,0.79251,0.61465,-4.0478e-21,2479,-0.78951,0.92446,0,19.0
-0.13357,0.0,0.0,0.0,2484,-0.64945,0.76041,0,19.0
-0.0072915,0.94924,0.49044,6.3639e-20,2499,-0.90709,1.2487,0,19.0
-0.12054,1.004,0.5593,6.546799999999999e-21,2522,-0.71792,1.1717,0,19.0
-0.28732,0.0,0.0,0.0,2527,-0.5225,0.85264,0,19.0
0.0098512,1.0229,0.2688,-1.3860000000000002e-20,2533,-1.0726,2.1054,0,19.0
-0.26526,0.95112,0.52663,-1.5922e-20,2545,-0.5522,1.0838,0,19.0
-0.39696,0.0,0.0,0.0,2569,-0.38268,0.92388,0,19.0
-0.26256,1.1417,0.47098,3.3257e-21,2585,-0.42475,1.3071,0,19.0
-0.35324,0.98087,0.41753,-5.211e-20,2587,-0.37591,1.1568,0,19.0
-0.46571,0.0,0.0,0.0,2632,-0.15643,0.98769,0,19.0
-0.11776,1.154,0.24433,-4.6183e-20,2639,-0.17623,2.2362,0,19.0
-0.18629,1.1964,0.30297,-9.0012e-21,2643,-0.14304,1.8155,0,19.0
-0.33694,1.1561,0.32913,-1.2464000000000002e-19,2648,-0.10781,1.369,0,19.0
-0.40609,0.86981,0.22422,3.5928e-20,2650,-0.095424,1.212,0,19.0
-0.43241,0.62037,0.13893,5.7404e-20,2651,-0.089562,1.1377,0,19.0
0.25027,0.7742,-0.0097414,-8.497e-22,2660,-2.5997,0.0,0,19.0
0.3145,0.68609,-0.013359,5.8384e-22,2668,-2.1297,0.0,0,19.0
0.41763,0.51461,0.04401,-4.7911e-20,2679,-1.6271,0.12817,0,19.0
0.48819,0.34928,-0.024617,-4.4629e-22,2684,-1.3725,0.0,0,19.0
0.52883,0.20259,-0.027315,-1.2226e-20,2688,-1.2153,0.0,0,19.0
0.56328,0.049431,-0.018963,-1.1031e-22,2692,-1.0692,0.0,0,19.0
0.57351,0.0,0.0,0.0,2695,-1.0,0.0,0,19.0
0.47329,0.36909,0.14473,4.016e-20,2711,-1.3568,0.21499,0,19.0
0.5237,0.143,0.16411,-1.8307e-20,2714,-1.1273,0.17859,0,19.0
0.54934,0.0,0.0,0.0,2716,-0.98769,0.15643,0,19.0
0.39117,0.54514,0.16626,-7.828e-20,2729,-1.5885,0.38151,0,19.0
0.21895,0.81423,0.095936,-7.551399999999999e-21,2740,-2.6029,0.84595,0,19.0
0.31585,0.67069,0.16889,2.3596e-20,2747,-1.8296,0.59459,0,19.0
0.36653,0.57194,0.22252,6.0973e-20,2750,-1.5541,0.50503,0,19.0
0.41482,0.43374,0.29959,-6.1287e-20,2753,-1.3071,0.42475,0,19.0
0.44262,0.21829,0.33378,8.5731e-20,2756,-1.0857,0.35279,0,19.0
0.45935,0.0,0.0,0.0,2758,-0.95106,0.30902,0,19.0
0.29793,0.64515,0.32031,-2.1685e-20,2792,-1.456,0.74178,0,19.0
0.31319,0.33324,0.46446,-1.6777000000000002e-19,2798,-1.0172,0.51827,0,19.0
0.31639,0.0,0.0,0.0,2800,-0.89101,0.45399,0,19.0
0.22532,0.77627,0.25419,-4.7180999999999996e-21,2809,-1.7284,1.0589,0,19.0
0.25579,0.68978,0.36026,2.2507000000000002e-20,2813,-1.393,0.85347,0,19.0
0.26254,0.59714,0.47806,5.2456000000000004e-20,2816,-1.1717,0.71792,0,19.0
0.1523,0.46975,0.54247,2.2199e-19,2840,-0.92341,0.67086,0,19.0
0.1402,0.0,0.0,0.0,2842,-0.80902,0.58779,0,19.0
0.12953,0.91474,0.16499,2.1244e-20,2844,-2.2843,1.9505,0,19.0
0.16116,0.78988,0.4195,-3.8543e-20,2855,-1.2411,1.0599,0,19.0
0.13469,0.73325,0.54865,-1.4994e-20,2858,-1.0442,0.89178,0,19.0
0.13985,0.9058,-0.0041629,-1.1385999999999998e-21,2912,-4.3358,0.0,0,19.0
0.17217,0.87124,0.02374,-6.5832999999999995e-21,2951,-3.5732,0.46918,0,19.0
0.16714,0.87808,0.052438,-1.1109e-20,3011,-3.47,0.92747,0,19.0
0.078977,0.97696,0.07642,2.7472999999999997e-21,3372,-3.8187,3.4878,0,19.0
0.019769,1.0398,0.11122,-1.8581e-22,4180,-1.5637,4.1771,0,19.0
-0.50506,0.0,0.0,0.0,4394,0.64945,-0.76041,0,19.0
-0.55382,0.0,0.0,0.0,4402,0.45399,-0.89101,0,19.0
-0.59844,0.0,0.0,0.0,4406,0.30902,-0.95106,0,19.0
-0.64376,0.0,0.0,0.0,4410,0.15643,-0.98769,0,19.0
-0.60551,0.83497,-0.10928,-4.2285e-20,4436,0.095424,-1.212,0,19.0
-0.50766,0.32196,0.011527,1.4258e-20,4441,0.67593,-1.1031,0,19.0
-0.51113,0.63177,0.0016595,1.4539e-20,4453,0.62391,-1.2246,0,19.0
-0.52839,1.2507,-0.26357,1.748e-19,4459,-8.2717e-17,-1.3725,0,19.0
-0.48508,1.2037,-0.10246,-3.7005000000000003e-20,4477,0.47729,-1.4687,0,19.0
-0.47742,0.48897,-0.0019472,1.3572e-21,4483,1.1532,-1.1532,0,19.0
-0.47398,0.98033,-0.011637,-2.1144e-20,4485,0.85347,-1.393,0,19.0
-0.33869,1.2884,-0.24174,-3.7334e-20,4514,-1.8199e-16,-1.8196,0,19.0
-0.24352,1.2222,-0.18629,7.4916e-20,4558,-2.7552e-16,-2.2408,0,19.0
-0.39253,1.2788,0.059525,2.2367e-20,4559,1.5316,-1.7937,0,19.0
-0.28592,1.2201,0.12427,-1.1602e-20,4615,2.1213,-2.1213,0,19.0
-0.40932,0.0,0.0,0.0,4627,0.98769,-0.15643,0,19.0
-0.44375,0.0,0.0,0.0,4631,0.95106,-0.30902,0,19.0
-0.46681,0.0,0.0,0.0,4635,0.89101,-0.45399,0,19.0
-0.48708,0.0,0.0,0.0,4641,0.76041,-0.64945,0,19.0
-0.44226,-0.038478,-0.15651,3.3775e-20,4646,1.0857,-0.35279,0,19.0
-0.48068,-0.026355,-0.057945,1.4348e-20,4651,0.86777,-0.74111,0,19.0
-0.41295,-0.0418,-0.18358,8.5865e-21,4653,1.201,-0.19028,0,19.0
-0.46173,-0.035773,-0.15436,-8.348399999999999e-21,4657,1.0838,-0.5522,0,19.0
-0.44645,-0.038699,-0.1973,1.0410999999999999e-21,4664,1.2306,-0.39989,0,19.0
-0.47395,0.031075,-0.073583,5.0148e-21,4669,0.98326,-0.83971,0,19.0
-0.46608,0.0035774,-0.16638,-1.2842e-20,4675,1.2246,-0.62391,0,19.0
-0.42678,-0.070013,-0.16041,-5.9196e-20,4680,1.4391,-0.22804,0,19.0
-0.45868,-0.020574,-0.17881,1.3724e-20,4682,1.3864,-0.45054,0,19.0
-0.47296,0.16055,-0.059036,-1.3507e-21,4687,1.1075,-0.94578,0,19.0
-0.42978,-0.13671,-0.02635,-3.0604e-20,4715,1.8155,-0.14304,0,19.0
-0.51755,0.29394,-0.012922,-2.1824e-20,4729,1.7142,-0.87328,0,19.0
-0.48309,-0.066574,0.092244,1.8197e-20,4743,2.1071,-0.33402,0,19.0
-0.52862,0.16728,0.069948,-2.0474e-20,4745,2.0308,-0.65999,0,19.0
-0.52881,0.44565,0.074807,-8.0291e-21,4747,1.9027,-0.96929,0,19.0
-0.49927,0.78115,0.091344,3.1309e-20,4749,1.7261,-1.2538,0,19.0
-0.5178,0.30598,0.23859,1.4534e-20,4772,2.3614,-0.76747,0,19.0
-0.49931,0.35463,0.29421,8.628100000000001e-20,4781,2.4799,-0.80599,0,19.0
-0.33329,0.68187,0.39871,1.3069e-21,4818,2.9753,-1.1514,0,19.0
-0.31303,0.0042264,0.55241,8.0529e-20,4825,3.3622,-0.47016,0,19.0
-0.2557,0.97561,0.31269,-5.1231e-20,4830,2.9641,-1.5704,0,19.0
-0.24783,1.1338,0.20973,-9.3246e-21,4832,2.6869,-1.9499,0,19.0
-0.21226,0.11079,0.52676,1.4953e-20,4846,3.7419,-0.70079,0,19.0
-0.15454,0.7138,0.35246,-1.7410000000000002e-20,4849,3.5057,-1.3635,0,19.0
-0.27942,0.019879,0.36207,4.4814000000000003e-20,4864,4.2628,-0.23492,0,19.0
-0.16143,0.039318,0.45015,-3.5115e-20,4866,4.1971,-0.69968,0,19.0
-0.077506,0.37087,0.36656,-1.7686e-20,4868,4.0596,-1.1477,0,19.0
-0.064837,0.73499,0.25416,8.223799999999999e-21,4870,3.8541,-1.5676,0,19.0
-0.21064,0.093848,0.15309,-1.6525e-20,4885,4.728,-0.4678,0,19.0
-0.0021336,0.39829,0.23506,-1.6276e-20,4889,4.4592,-1.3602,0,19.0
-0.019949,0.84127,0.1314,4.261e-21,4892,4.0873,-1.9478,0,19.0
-0.022861,0.18009,0.19019,-3.617e-20,4898,4.812,-1.1452,0,19.0
-0.073396,0.15788,0.0037,5.7503e-20,4907,5.1561,-0.92345,0,19.0
-0.12011,0.26113,-0.23114,-5.1740000000000004e-20,4916,5.492,-0.6965,0,19.0
0.061401,0.53118,0.0097285,-5.2492e-21,4921,5.0459,-1.7602,0,19.0
-0.024386,0.26666,-0.19666,6.2229e-20,4928,5.6516,-1.1424,0,19.0
-0.098307,0.40703,-0.44856,4.0789e-20,4936,6.08,-0.69506,0,19.0
0.038335,0.36202,-0.17663,7.4049e-20,4940,5.762,-1.5616,0,19.0
-0.067859,0.42217,-0.46503,-6.0784e-20,4947,6.3357,-0.91989,0,19.0
0.047647,0.46892,-0.22063,1.7621e-20,4951,5.9608,-1.7579,0,19.0
-0.15819,0.57424,-0.50193,-2.3232000000000002e-20,4986,7.7527,-0.69096,0,19.0
-0.21476,0.678,-0.16162,2.5546e-20,5005,8.5472,-0.46122,0,19.0
-0.21462,0.8749,-0.084395,2.4864999999999998e-21,5008,8.3977,-1.1332,0,19.0
-0.17495,1.1428,0.12101,2.2378e-20,5021,8.5295,-1.7514,0,19.0
-0.19934,0.96413,0.31307,-3.531799999999999e-21,5027,9.2813,-0.91101,0,19.0
-0.077584,0.98481,0.42459,1.7990000000000003e-20,5059,10.499,-1.3395,0,19.0
-0.066894,0.81693,0.44526,2.3034e-21,5075,11.684,-0.45582,0,19.0
-0.035112,0.916,0.33674,6.3131e-21,5081,11.32,-1.7443,0,19.0
-0.081271,0.72262,0.39291,1.7909e-20,5095,12.738,-0.454,0,19.0
0.019071,0.99181,-0.061491,-6.024399999999999e-21,5561,5.0613,-2.97,0,19.0
0.026151,1.0077,-0.090617,1.2424000000000001e-20,5591,5.3695,-2.97,0,19.0
0.028029,1.0335,-0.11549,5.2543e-21,5621,5.6893,-2.97,0,19.0
0.01068,1.0624,-0.07345,-6.319699999999999e-21,5623,5.6893,-3.4878,0,19.0
-0.018092,1.2014,-0.0859,-9.437e-21,5741,7.0919,-2.97,0,19.0
-0.0075852,1.1241,-0.0069901,2.9304e-23,5746,7.0919,-4.4072,0,19.0
-0.0075632,1.1116,6.6503e-05,5.6519e-22,5747,7.0919,-4.7572,0,19.0
-0.0074739,1.0825,0.010207,2.6872e-22,5750,7.0919,-5.9596,0,19.0
-0.04954,1.2529,0.027761,-1.0246e-21,5801,7.874,-2.97,0,19.0
-0.020769,1.1756,0.03126,-6.348499999999999e-22,5804,7.874,-3.7739,0,19.0
-0.077883,1.2057,0.2375,-8.6573e-21,5889,9.1598,-2.5172,0,19.0
-0.016345,1.1172,0.10817,-4.106e-21,5895,9.1598,-4.08,0,19.0
-0.045068,1.0836,0.27773,6.5776e-22,5949,10.099,-2.5172,0,19.0
-0.017174,1.0721,0.17747,1.5030999999999998e-21,5953,10.099,-3.4878,0,19.0
0.00062721,1.0504,0.08485,-8.9596e-22,5958,10.099,-5.1314,0,19.0
-0.0097223,0.981,0.21847,-4.001499999999999e-21,6011,11.109,-2.97,0,19.0
0.0035098,1.0003,0.13534,-4.9101e-22,6015,11.109,-4.08,0,19.0
0.0010478,0.87808,0.199,-1.3186e-20,6070,12.196,-2.736,0,19.0
0.016202,0.96217,0.077501,0.0,6077,12.196,-4.7572,0,19.0
0.015642,0.99149,0.043691,-1.7559e-22,6080,12.196,-5.9596,0,19.0
-0.13867,1.1335,-0.21296,7.6092e-20,6745,-0.57975,-2.4134,0,19.0
0.034585,0.96501,-0.26573,-5.3027e-20,6748,-1.5316,-1.7937,0,19.0
0.059913,0.90877,-0.35733,-7.6437e-20,6789,-1.3571,-1.3571,0,19.0
0.036507,0.88659,-0.46233,5.0956e-20,6819,-1.1532,-1.1532,0,19.0
-0.052676,0.83067,-0.64762,5.9835e-20,6859,-0.91393,-0.91393,0,19.0
-0.21458,0.98615,-0.63636,8.6955e-20,6860,-0.76021,-1.0465,0,19.0
-0.47512,1.069,-0.50547,-2.0348e-20,6873,-0.46551,-1.1238,0,19.0
-0.5895,1.0491,-0.30406,5.5969e-20,6876,-0.19028,-1.201,0,19.0
-0.66724,0.38539,-0.067137,-5.6261e-20,6897,-0.083909,-1.066,0,19.0
-0.26352,0.0,0.0,0.0,6898,-0.64945,-0.76041,0,19.0
-0.44284,0.0,0.0,0.0,6901,-0.5225,-0.85264,0,19.0
-0.57654,0.0,0.0,0.0,6903,-0.38268,-0.92388,0,19.0
-0.67353,0.0,0.0,0.0,6906,-0.15643,-0.98769,0,19.0
-0.67966,0.0,0.0,0.0,6907,-0.078459,-0.99692,0,19.0
0.11346,0.90758,-0.1727,-1.8749e-20,6923,-2.3204,-1.6853,0,19.0
0.19951,0.82396,-0.11177,6.235699999999999e-21,6929,-2.6029,-0.84595,0,19.0
0.31483,0.66208,-0.15569,-4.1983999999999994e-21,6991,-1.87,-0.44916,0,19.0
0.227,0.74641,-0.27073,-4.6987999999999995e-21,6994,-1.7142,-0.87328,0,19.0
0.14818,0.82284,-0.32495,5.1091e-20,6996,-1.5553,-1.1297,0,19.0
0.41041,0.51884,-0.083208,4.3001e-20,7016,-1.6271,-0.12817,0,19.0
0.33755,0.58889,-0.25963,-5.8764e-20,7019,-1.5541,-0.50503,0,19.0
0.20665,0.69402,-0.43126,6.4337e-20,7031,-1.3165,-0.80663,0,19.0
0.4564,0.37864,-0.1935,-3.9498e-20,7044,-1.3568,-0.21499,0,19.0
0.39112,0.39417,-0.37904,-5.7008e-20,7055,-1.2306,-0.39989,0,19.0
0.19271,0.59002,-0.56644,9.576700000000001e-20,7058,-1.1031,-0.67593,0,19.0
0.031006,0.74905,-0.63359,1.0553e-19,7060,-0.98326,-0.83971,0,19.0
0.50315,0.15192,-0.21614,2.8095000000000003e-20,7071,-1.1273,-0.17859,0,19.0
0.33347,0.17652,-0.32654,-1.4596e-19,7083,-0.98812,-0.40929,0,19.0
0.52749,0.0,0.0,0.0,7089,-0.98769,-0.15643,0,19.0
0.47901,0.0,0.0,0.0,7090,-0.97237,-0.23345,0,19.0
0.15163,0.0,0.0,0.0,7094,-0.85264,-0.5225,0,19.0
-0.057217,0.0,0.0,0.0,7096,-0.76041,-0.64945,0,19.0
0.16567,0.87402,-0.034785,5.1613999999999994e-21,7368,-3.5732,-0.46918,0,19.0
0.14647,0.89021,-0.075884,1.8828e-20,7371,-3.3916,-1.1488,0,19.0
0.05714,0.98113,-0.069469,-3.0427999999999996e-21,8062,-4.1311,-3.4878,0,19.0
-0.043121,1.0635,-0.1111,1.3394e-20,8451,-1.1464,-3.8396,0,19.0
-0.090998,1.1036,-0.095233,2.5877e-20,8570,-0.23491,-3.8016,0,19.0
-0.064899,1.0835,-0.072071,-4.6763e-21,8573,-0.23383,-4.5663,0,19.0
-0.328,0.0,0.0,0.0,82,0.70711,0.70711,0,20.0
-0.32535,0.00083695,0.0062371,-2.7678e-20,87,0.85936,0.85936,0,20.0
-0.32292,0.14371,-0.0054492,2.7486e-20,92,0.89178,1.0442,0,20.0
-0.27625,0.4863,-0.015618,-2.5949000000000002e-20,101,1.2866,1.2866,0,20.0
-0.20889,1.1067,0.068331,-1.7548e-20,112,1.5316,1.7937,0,20.0
-0.16789,1.2088,0.088513,-1.6468999999999998e-21,120,1.8605,2.1789,0,20.0
-0.33794,0.067496,0.0037553,-4.8385e-21,126,0.71472,0.98382,0,20.0
-0.36014,0.0,0.0,0.0,145,0.5225,0.85264,0,20.0
-0.33338,0.34943,0.0040273,-1.35e-20,149,0.71792,1.1717,0,20.0
-0.2623,1.0871,0.090668,-8.065e-20,155,1.0047,1.6399,0,20.0
-0.35579,0.1947,-0.0035504,2.1509e-20,168,0.5522,1.0838,0,20.0
-0.34768,0.61615,0.039372,-1.8271000000000002e-20,191,0.52598,1.2698,0,20.0
-0.40842,0.0,0.0,0.0,208,0.30902,0.95106,0,20.0
-0.38014,0.38301,0.01044,3.8775e-20,210,0.37591,1.1568,0,20.0
-0.28298,1.1921,0.1716,1.0715e-20,216,0.5338,1.6426,0,20.0
-0.39367,0.49124,0.031974,6.531900000000001e-20,231,0.28397,1.1826,0,20.0
-0.36208,0.87617,0.11383,-3.8971e-20,233,0.32087,1.3362,0,20.0
-0.25542,1.2363,0.20504,-5.7035e-20,238,0.42578,1.7727,0,20.0
-0.43508,0.46432,0.049875,-1.2318e-20,272,0.089562,1.1377,0,20.0
-0.39372,0.90936,0.1674,1.1206e-20,274,0.1015,1.289,0,20.0
-0.4753,0.0,0.0,0.0,292,0.0,1.0,0,20.0
-0.3807,0.0,0.0,0.0,313,1.0,0.0,0,20.0
-0.36825,-0.023517,-0.19413,-9.784599999999999e-21,319,1.212,0.095424,0,20.0
-0.38598,-0.042649,-0.23115,2.1583e-20,320,1.2925,0.0,0,20.0
-0.39226,-0.07764,-0.22667,5.1302e-20,324,1.4555,0.0,0,20.0
-0.37305,-0.087033,-0.20013,2.5906e-20,325,1.4519,0.11435,0,20.0
-0.38343,-0.16579,-0.14119,-1.3915999999999999e-21,333,1.8155,0.14304,0,20.0
-0.43314,-0.16235,-0.061482,-1.1579000000000001e-20,338,2.1297,0.0,0,20.0
-0.42481,-0.1488,0.22348,1.7872e-20,348,2.7283,0.0,0,20.0
-0.34748,0.0,0.0,0.0,355,0.98769,0.15643,0,20.0
-0.34189,-0.21494,-0.039888,-7.5133999999999995e-22,367,2.1071,0.33402,0,20.0
-0.33974,-0.019617,-0.137,-7.888599999999999e-21,378,1.1826,0.28397,0,20.0
-0.33982,-0.042082,-0.14541,-1.5976e-20,379,1.258,0.30208,0,20.0
-0.33853,-0.088163,-0.14069,-1.0369e-20,381,1.4172,0.34035,0,20.0
-0.30447,-0.1317,-0.079743,6.536e-21,406,1.7344,0.56364,0,20.0
-0.25702,-0.12047,-0.0033812,8.343399999999999e-21,410,2.137,0.69452,0,20.0
-0.20963,-0.054351,0.085533,-4.8309e-20,413,2.4799,0.80599,0,20.0
-0.19455,-0.017814,0.11807,2.6584e-20,414,2.6029,0.84595,0,20.0
-0.31606,0.0,0.0,0.0,418,0.92388,0.38268,0,20.0
-0.24902,-0.054209,-0.030639,-3.9338e-20,430,1.973,0.81724,0,20.0
-0.31727,-0.023147,-0.052566,3.3825999999999997e-21,441,1.0838,0.5522,0,20.0
-0.31023,-0.05826,-0.069126,-2.6684e-20,444,1.2989,0.66178,0,20.0
-0.20174,0.13472,-0.0078163,2.4854e-20,453,2.1054,1.0726,0,20.0
-0.31217,0.0,0.0,0.0,460,0.85264,0.5225,0,20.0
-0.27272,0.04258,-0.057201,-2.7452e-20,469,1.5546,0.95244,0,20.0
-0.31724,-0.02262,-0.012679,-4.284e-21,483,0.98382,0.71472,0,20.0
-0.31252,-0.015454,-0.030562,1.5969e-20,485,1.1114,0.8074,0,20.0
-0.22872,0.37181,-0.031283,-4.9182e-20,493,1.7261,1.2538,0,20.0
-0.31304,-0.17054,0.40804,6.2465e-20,523,3.187,0.23587,0,20.0
-0.28765,-0.053609,0.59411,-2.0912e-20,528,3.8141,0.0,0,20.0
-0.26409,0.014552,0.56822,3.6764e-20,532,4.2681,0.0,0,20.0
-0.27929,0.073705,0.50008,2.9663e-20,533,4.2628,0.23492,0,20.0
-0.28601,0.33734,0.051793,-4.2677e-20,540,5.282,0.0,0,20.0
-0.30859,0.54404,-0.18919,7.771599999999999e-22,543,5.5544,0.23377,0,20.0
-0.23623,0.67535,-0.46244,7.7887e-20,547,6.1409,0.23326,0,20.0
-0.17771,0.63109,-0.51323,-8.078800000000001e-20,548,6.4555,0.0,0,20.0
-0.10638,0.678,-0.55583,-4.047899999999999e-21,554,7.4555,0.0,0,20.0
-0.11207,0.59567,-0.48566,2.0011e-20,561,8.5669,0.23111,0,20.0
-0.15177,0.57942,-0.23571,-2.8438e-20,565,9.382,0.23039,0,20.0
-0.13201,0.80148,0.40467,8.723899999999999e-21,570,10.726,0.0,0,20.0
-0.079939,0.80386,0.48102,-8.766599999999999e-21,626,12.738,0.454,0,20.0
-0.28328,0.33716,0.32563,3.5372e-20,641,4.1971,0.69968,0,20.0
-0.3376,0.54192,0.13728,-2.0264e-20,643,4.6868,0.69847,0,20.0
-0.19941,0.87411,-0.54631,1.5068e-20,649,6.3905,0.6943,0,20.0
-0.081882,0.7427,-0.4771,-9.801599999999999e-21,653,7.7527,0.69096,0,20.0
-0.07073,0.79408,0.46492,1.3628e-21,662,11.654,0.68139,0,20.0
-0.17827,0.16685,0.2747,-7.625299999999999e-21,675,3.2568,0.92918,0,20.0
-0.2139,0.30892,0.30761,2.6317e-20,677,3.6808,0.9279,0,20.0
-0.34749,0.84765,-0.1641,-5.3141e-21,683,5.1561,0.92345,0,20.0
-0.15491,0.29976,0.16957,-3.5024e-21,712,2.9753,1.1514,0,20.0
-0.25811,0.63926,0.17649,5.3031e-21,717,4.0596,1.1477,0,20.0
-0.23855,1.0415,-0.46931,2.7344000000000003e-20,724,5.9526,1.1414,0,20.0
-0.058776,0.56902,-0.27804,1.7047e-20,733,9.2192,1.1304,0,20.0
-0.29392,0.93784,-0.0041702,-1.0581000000000001e-20,757,4.4592,1.3602,0,20.0
-0.29655,1.1126,-0.29352,9.631e-21,760,5.2716,1.3574,0,20.0
-0.082185,0.89493,-0.43608,9.679899999999999e-21,766,7.19,1.3508,0,20.0
-0.040808,0.73332,-0.34248,-1.6597e-20,769,8.319,1.347,0,20.0
-0.045491,0.62483,0.1586,-7.6466e-20,774,10.499,1.3395,0,20.0
-0.17489,0.81508,0.10826,1.2144e-20,791,3.3928,1.5691,0,20.0
-0.22286,0.92668,0.073741,-2.4963e-20,793,3.8541,1.5676,0,20.0
-0.28547,1.1646,-0.19166,3.8409e-20,797,4.8843,1.5643,0,20.0
-0.17698,1.1114,-0.43251,2.6447999999999996e-21,801,6.0767,1.5606,0,20.0
-0.031369,0.74384,0.35966,-6.7301e-21,814,11.41,1.5437,0,20.0
-0.14623,0.95578,0.076488,-2.5936999999999998e-21,828,2.8331,1.7658,0,20.0
-0.18537,1.1735,0.035251,-1.4301999999999999e-21,871,3.586,1.9485,0,20.0
-0.21549,1.2365,-0.038725,4.1375e-21,873,4.0873,1.9478,0,20.0
-0.22486,1.2791,-0.2133,-3.8724e-20,876,4.9116,1.9466,0,20.0
-0.18852,1.2233,-0.31644,4.7839e-20,878,5.5135,1.9457,0,20.0
-0.071182,1.0253,-0.30499,-1.4999e-20,961,6.7218,2.3126,0,20.0
-0.14963,1.2422,-0.19394,2.2722e-20,996,5.0613,2.5172,0,20.0
-0.12062,1.1698,-0.25212,1.0688000000000001e-20,998,5.6893,2.5172,0,20.0
-0.030262,0.93398,-0.25204,-9.545299999999999e-21,1003,7.4758,2.5172,0,20.0
0.025665,0.7214,0.0083244,-2.3990999999999997e-22,1049,10.099,2.736,0,20.0
0.023308,0.72799,0.16927,-1.0491e-20,1051,11.109,2.736,0,20.0
0.019291,0.81817,-0.082391,1.8733999999999997e-21,1087,9.1598,2.97,0,20.0
0.011293,0.85924,0.2892,1.0887e-20,1093,12.196,2.97,0,20.0
-0.10111,1.1802,-0.13891,-6.0897999999999995e-22,1116,5.0613,3.2202,0,20.0
-0.033952,1.0362,-0.15044,-3.8313e-21,1201,6.7218,3.7739,0,20.0
0.020901,0.91477,-0.037236,3.1646999999999998e-21,1247,9.1598,4.08,0,20.0
0.035321,0.93866,0.11447,2.8532999999999997e-22,1251,11.109,4.08,0,20.0
-0.022147,1.0392,-0.093228,2.6655999999999998e-21,1321,6.7218,4.7572,0,20.0
0.025443,1.0541,0.099066,0.0,1333,12.196,4.7572,0,20.0
-0.071399,1.1177,0.15206,2.8750000000000004e-20,2145,-4.3934e-16,3.1819,0,20.0
-0.048327,1.102,0.12052,-1.4983e-20,2175,-4.2301e-16,3.807,0,20.0
-0.036083,1.0928,0.10139,-7.8795e-21,2195,-4.1015e-16,4.2993,0,20.0
0.11899,0.89376,0.26599,3.9306e-20,2456,-1.5845,1.5845,0,20.0
0.10662,0.8391,0.43217,-4.4927000000000003e-20,2468,-1.1532,1.1532,0,20.0
-0.0019323,0.86982,0.56931,-4.4881e-20,2475,-0.89178,1.0442,0,20.0
-0.068886,0.78859,0.60958,-5.6163999999999996e-21,2479,-0.78951,0.92446,0,20.0
-0.13576,0.0,0.0,0.0,2484,-0.64945,0.76041,0,20.0
-0.012668,0.94468,0.48477,6.3541e-20,2499,-0.90709,1.2487,0,20.0
-0.12628,0.99939,0.55382,7.822799999999999e-21,2522,-0.71792,1.1717,0,20.0
-0.29185,0.0,0.0,0.0,2527,-0.5225,0.85264,0,20.0
0.0036197,1.0178,0.26465,-1.4231000000000002e-20,2533,-1.0726,2.1054,0,20.0
-0.27164,0.9482,0.52284,-1.4470000000000002e-20,2545,-0.5522,1.0838,0,20.0
-0.40472,0.0,0.0,0.0,2569,-0.38268,0.92388,0,20.0
-0.2719,1.1377,0.46576,4.7532e-21,2585,-0.42475,1.3071,0,20.0
-0.36281,0.97961,0.41442,-5.2546e-20,2587,-0.37591,1.1568,0,20.0
-0.47955,0.0,0.0,0.0,2632,-0.15643,0.98769,0,20.0
-0.12633,1.1464,0.23935,-4.8703e-20,2639,-0.17623,2.2362,0,20.0
-0.19732,1.1901,0.29659,-9.5264e-21,2643,-0.14304,1.8155,0,20.0
-0.35109,1.1541,0.32358,-1.2884e-19,2648,-0.10781,1.369,0,20.0
-0.42154,0.87291,0.22154,3.1155e-20,2650,-0.095424,1.212,0,20.0
-0.44832,0.62543,0.13786,5.4965e-20,2651,-0.089562,1.1377,0,20.0
0.24898,0.77415,-0.01445,-7.7985e-22,2660,-2.5997,0.0,0,20.0
0.31315,0.68604,-0.018989,5.7668e-22,2668,-2.1297,0.0,0,20.0
0.41602,0.51411,0.037007,-4.7877e-20,2679,-1.6271,0.12817,0,20.0
0.48665,0.34925,-0.032619,-3.3532e-22,2684,-1.3725,0.0,0,20.0
0.52722,0.20258,-0.035416,-1.2984e-20,2688,-1.2153,0.0,0,20.0
0.5616,0.049424,-0.023602,4.9423e-23,2692,-1.0692,0.0,0,20.0
0.57183,0.0,0.0,0.0,2695,-1.0,0.0,0,20.0
0.47178,0.368,0.13681,4.0496e-20,2711,-1.3568,0.21499,0,20.0
0.52263,0.14201,0.15708,-1.8202e-20,2714,-1.1273,0.17859,0,20.0
0.54844,0.0,0.0,0.0,2716,-0.98769,0.15643,0,20.0
0.38922,0.54372,0.15937,-7.8775e-20,2729,-1.5885,0.38151,0,20.0
0.2165,0.81284,0.091571,-7.4727e-21,2740,-2.6029,0.84595,0,20.0
0.31344,0.66901,0.16293,2.3568e-20,2747,-1.8296,0.59459,0,20.0
0.36438,0.57007,0.21573,6.1473e-20,2750,-1.5541,0.50503,0,20.0
0.41324,0.43161,0.29192,-6.2543e-20,2753,-1.3071,0.42475,0,20.0
0.44198,0.21639,0.32713,8.5886e-20,2756,-1.0857,0.35279,0,20.0
0.45907,0.0,0.0,0.0,2758,-0.95106,0.30902,0,20.0
0.29527,0.64245,0.31381,-2.2029e-20,2792,-1.456,0.74178,0,20.0
0.31268,0.33062,0.45843,-1.6822e-19,2798,-1.0172,0.51827,0,20.0
0.31636,0.0,0.0,0.0,2800,-0.89101,0.45399,0,20.0
0.22188,0.77352,0.24877,-4.656e-21,2809,-1.7284,1.0589,0,20.0
0.25281,0.6867,0.35392,2.3144e-20,2813,-1.393,0.85347,0,20.0
0.26045,0.59369,0.47104,5.2285e-20,2816,-1.1717,0.71792,0,20.0
0.15143,0.4667,0.53729,2.2201000000000003e-19,2840,-0.92341,0.67086,0,20.0
0.13987,0.0,0.0,0.0,2842,-0.80902,0.58779,0,20.0
0.12575,0.91182,0.16145,2.1655e-20,2844,-2.2843,1.9505,0,20.0
0.15737,0.78612,0.4135,-3.8395e-20,2855,-1.2411,1.0599,0,20.0
0.13186,0.72915,0.54217,-1.5475e-20,2858,-1.0442,0.89178,0,20.0
0.13864,0.90577,-0.0067485,-9.9333e-22,2912,-4.3358,0.0,0,20.0
0.17052,0.87073,0.020439,-6.4911e-21,2951,-3.5732,0.46918,0,20.0
0.16507,0.8771,0.049179,-1.1329e-20,3011,-3.47,0.92747,0,20.0
0.076273,0.975,0.075069,2.7426999999999998e-21,3372,-3.8187,3.4878,0,20.0
0.016366,1.0358,0.11086,-1.9907e-23,4180,-1.5637,4.1771,0,20.0
-0.47824,0.0,0.0,0.0,4394,0.64945,-0.76041,0,20.0
-0.5289,0.0,0.0,0.0,4402,0.45399,-0.89101,0,20.0
-0.57574,0.0,0.0,0.0,4406,0.30902,-0.95106,0,20.0
-0.62421,0.0,0.0,0.0,4410,0.15643,-0.98769,0,20.0
-0.58864,0.8278,-0.11247,-3.2058e-20,4436,0.095424,-1.212,0,20.0
-0.48203,0.30575,0.0042416,1.7283e-20,4441,0.67593,-1.1031,0,20.0
-0.48696,0.61765,-0.0068122,1.2707e-20,4453,0.62391,-1.2246,0,20.0
-0.51532,1.2512,-0.26934,1.6968000000000001e-19,4459,-8.2717e-17,-1.3725,0,20.0
-0.46676,1.2031,-0.11211,-3.7656e-20,4477,0.47729,-1.4687,0,20.0
-0.445,0.46357,-0.021423,9.992199999999999e-22,4483,1.1532,-1.1532,0,20.0
-0.45026,0.97237,-0.02506,-1.5963e-20,4485,0.85347,-1.393,0,20.0
-0.32935,1.2946,-0.24861,-3.6172e-20,4514,-1.8199e-16,-1.8196,0,20.0
-0.23696,1.23,-0.19174,7.2231e-20,4558,-2.7552e-16,-2.2408,0,20.0
-0.38965,1.3029,0.038412,1.4666e-20,4559,1.5316,-1.7937,0,20.0
-0.30761,1.2651,0.12321,-1.3998e-20,4615,2.1213,-2.1213,0,20.0
-0.41383,0.0,0.0,0.0,4627,0.98769,-0.15643,0,20.0
-0.43778,0.0,0.0,0.0,4631,0.95106,-0.30902,0,20.0
-0.45018,0.0,0.0,0.0,4635,0.89101,-0.45399,0,20.0
-0.46122,0.0,0.0,0.0,4641,0.76041,-0.64945,0,20.0
-0.4337,-0.034236,-0.17021,2.7428e-20,4646,1.0857,-0.35279,0,20.0
-0.45502,-0.030008,-0.055318,1.2860000000000001e-20,4651,0.86777,-0.74111,0,20.0
-0.41369,-0.031491,-0.23714,7.763699999999999e-21,4653,1.201,-0.19028,0,20.0
-0.4419,-0.033898,-0.1636,-5.757299999999999e-21,4657,1.0838,-0.5522,0,20.0
-0.43433,-0.027361,-0.24396,8.0154999999999995e-22,4664,1.2306,-0.39989,0,20.0
-0.44592,0.017571,-0.076886,4.792199999999999e-21,4669,0.98326,-0.83971,0,20.0
-0.44146,0.0057281,-0.19951,-9.488399999999999e-21,4675,1.2246,-0.62391,0,20.0
-0.42575,-0.043041,-0.25954,-5.2271e-20,4680,1.4391,-0.22804,0,20.0
-0.44326,0.000475,-0.25273,1.3832e-20,4682,1.3864,-0.45054,0,20.0
-0.4409,0.13831,-0.072803,-2.2070999999999998e-21,4687,1.1075,-0.94578,0,20.0
-0.44349,-0.090648,-0.17669,-4.4023e-20,4715,1.8155,-0.14304,0,20.0
-0.49157,0.30471,-0.095126,-2.181e-20,4729,1.7142,-0.87328,0,20.0
-0.50556,0.01062,-0.070266,1.4947e-20,4743,2.1071,-0.33402,0,20.0
-0.531,0.22853,-0.05888,-2.6460000000000002e-20,4745,2.0308,-0.65999,0,20.0
-0.51593,0.46223,-0.016128,-3.9397e-20,4747,1.9027,-0.96929,0,20.0
-0.48269,0.7778,0.03702,3.8807e-21,4749,1.7261,-1.2538,0,20.0
-0.55562,0.39133,0.11097,1.5326e-20,4772,2.3614,-0.76747,0,20.0
-0.55203,0.45258,0.17695,3.5176e-20,4781,2.4799,-0.80599,0,20.0
-0.42612,0.8355,0.39284,-1.7152e-20,4818,2.9753,-1.1514,0,20.0
-0.38944,0.21318,0.50871,1.3097e-19,4825,3.3622,-0.47016,0,20.0
-0.32971,1.0922,0.33898,-4.0474e-20,4830,2.9641,-1.5704,0,20.0
-0.29331,1.2044,0.22727,-1.86e-20,4832,2.6869,-1.9499,0,20.0
-0.27601,0.3752,0.54872,9.6672e-21,4846,3.7419,-0.70079,0,20.0
-0.24101,0.88182,0.41878,-1.7981e-20,4849,3.5057,-1.3635,0,20.0
-0.2407,0.032512,0.60066,4.1799e-20,4864,4.2628,-0.23492,0,20.0
-0.18164,0.28183,0.54613,1.2093e-20,4866,4.1971,-0.69968,0,20.0
-0.14156,0.62195,0.43659,-7.485499999999999e-21,4868,4.0596,-1.1477,0,20.0
-0.13871,0.87196,0.34649,1.0871e-20,4870,3.8541,-1.5676,0,20.0
-0.18059,0.096021,0.48743,-2.1481000000000002e-20,4885,4.728,-0.4678,0,20.0
-0.052474,0.62166,0.32375,-2.4496e-20,4889,4.4592,-1.3602,0,20.0
-0.077048,0.90476,0.23326,1.5580999999999999e-21,4892,4.0873,-1.9478,0,20.0
-0.04078,0.38201,0.34848,-1.6956e-20,4898,4.812,-1.1452,0,20.0
-0.069326,0.1997,0.30962,4.9076000000000003e-20,4907,5.1561,-0.92345,0,20.0
-0.12179,0.20681,0.11305,-6.1837e-20,4916,5.492,-0.6965,0,20.0
0.027654,0.65051,0.12715,3.1454e-20,4921,5.0459,-1.7602,0,20.0
-0.023822,0.25585,0.088526,5.4726e-20,4928,5.6516,-1.1424,0,20.0
-0.10974,0.35287,-0.22192,5.7045e-20,4936,6.08,-0.69506,0,20.0
0.037794,0.38568,0.036646,5.652200000000001e-20,4940,5.762,-1.5616,0,20.0
-0.064206,0.38638,-0.27969,-8.8473e-20,4947,6.3357,-0.91989,0,20.0
0.054079,0.45925,-0.039491,7.8291e-21,4951,5.9608,-1.7579,0,20.0
-0.097342,0.60331,-0.55993,-1.0484e-20,4986,7.7527,-0.69096,0,20.0
-0.14593,0.60924,-0.51242,9.0361e-21,5005,8.5472,-0.46122,0,20.0
-0.13216,0.68339,-0.47064,1.9216999999999997e-21,5008,8.3977,-1.1332,0,20.0
-0.12253,0.90274,-0.26338,3.3371000000000003e-20,5021,8.5295,-1.7514,0,20.0
-0.21196,0.82026,-0.12234,-2.421e-21,5027,9.2813,-0.91101,0,20.0
-0.13709,1.0616,0.40167,1.8809e-20,5059,10.499,-1.3395,0,20.0
-0.083189,0.87703,0.47369,1.0369e-21,5075,11.684,-0.45582,0,20.0
-0.062331,1.0131,0.37437,4.7494e-21,5081,11.32,-1.7443,0,20.0
-0.066673,0.80901,0.43307,7.883399999999999e-21,5095,12.738,-0.454,0,20.0
0.0089371,0.9405,0.0084143,-8.3153e-21,5561,5.0613,-2.97,0,20.0
0.023376,0.93671,-0.027105,7.2782e-21,5591,5.3695,-2.97,0,20.0
0.034241,0.94219,-0.06542,6.4852e-21,5621,5.6893,-2.97,0,20.0
0.017376,0.99262,-0.047976,-7.448499999999999e-21,5623,5.6893,-3.4878,0,20.0
0.025763,1.067,-0.17163,-2.6568e-22,5741,7.0919,-2.97,0,20.0
0.0066078,1.0882,-0.043724,5.8788999999999995e-22,5746,7.0919,-4.4072,0,20.0
0.0034057,1.0841,-0.030076,-4.3014999999999995e-22,5747,7.0919,-4.7572,0,20.0
-0.0028558,1.071,-0.0056429,-2.6986e-22,5750,7.0919,-5.9596,0,20.0
-0.012876,1.1803,-0.12135,-3.3532999999999997e-21,5801,7.874,-2.97,0,20.0
-0.00055215,1.1548,-0.049737,-1.5265e-21,5804,7.874,-3.7739,0,20.0
-0.095586,1.257,0.10047,-9.082399999999999e-21,5889,9.1598,-2.5172,0,20.0
-0.0144,1.1541,0.056545,-2.0421e-21,5895,9.1598,-4.08,0,20.0
-0.075302,1.1939,0.24973,5.8289e-22,5949,10.099,-2.5172,0,20.0
-0.027601,1.1452,0.14999,3.3860999999999995e-21,5953,10.099,-3.4878,0,20.0
-0.0015606,1.0805,0.069621,-1.0785e-21,5958,10.099,-5.1314,0,20.0
-0.025701,1.0638,0.2292,-5.3903999999999996e-21,6011,11.109,-2.97,0,20.0
-0.0048278,1.0542,0.13801,-4.9731e-22,6015,11.109,-4.08,0,20.0
-0.01094,0.954,0.23438,-1.4239e-20,6070,12.196,-2.736,0,20.0
0.0095273,0.99733,0.09789,0.0,6077,12.196,-4.7572,0,20.0
0.011459,1.0107,0.056653,-3.6676999999999998e-22,6080,12.196,-5.9596,0,20.0
-0.13411,1.1397,-0.21694,7.4372e-20,6745,-0.57975,-2.4134,0,20.0
0.036991,0.96877,-0.27012,-5.2270000000000006e-20,6748,-1.5316,-1.7937,0,20.0
0.061822,0.91241,-0.36259,-7.5453e-20,6789,-1.3571,-1.3571,0,20.0
0.037928,0.89045,-0.46811,5.0424e-20,6819,-1.1532,-1.1532,0,20.0
-0.05289,0.8348,-0.65359,6.0524e-20,6859,-0.91393,-0.91393,0,20.0
-0.21324,0.99033,-0.64166,8.6725e-20,6860,-0.76021,-1.0465,0,20.0
-0.47028,1.071,-0.50883,-1.9481e-20,6873,-0.46551,-1.1238,0,20.0
-0.57904,1.0476,-0.30679,5.5525e-20,6876,-0.19028,-1.201,0,20.0
-0.65389,0.38043,-0.067239,-5.2245e-20,6897,-0.083909,-1.066,0,20.0
-0.26451,0.0,0.0,0.0,6898,-0.64945,-0.76041,0,20.0
-0.44142,0.0,0.0,0.0,6901,-0.5225,-0.85264,0,20.0
-0.57179,0.0,0.0,0.0,6903,-0.38268,-0.92388,0,20.0
-0.66245,0.0,0.0,0.0,6906,-0.15643,-0.98769,0,20.0
-0.66632,0.0,0.0,0.0,6907,-0.078459,-0.99692,0,20.0
0.11455,0.91013,-0.17657,-1.8637e-20,6923,-2.3204,-1.6853,0,20.0
0.19941,0.82524,-0.11615,6.300799999999999e-21,6929,-2.6029,-0.84595,0,20.0
0.3142,0.66326,-0.16172,-4.3555999999999996e-21,6991,-1.87,-0.44916,0,20.0
0.22727,0.74874,-0.27647,-4.700899999999999e-21,6994,-1.7142,-0.87328,0,20.0
0.1492,0.82585,-0.33045,5.0385e-20,6996,-1.5553,-1.1297,0,20.0
0.40911,0.51926,-0.090203,4.2884e-20,7016,-1.6271,-0.12817,0,20.0
0.3368,0.59066,-0.26638,-5.8128e-20,7019,-1.5541,-0.50503,0,20.0
0.20645,0.69709,-0.43779,6.3873e-20,7031,-1.3165,-0.80663,0,20.0
0.45483,0.37968,-0.2014,-3.9051e-20,7044,-1.3568,-0.21499,0,20.0
0.38927,0.3963,-0.38683,-5.6191e-20,7055,-1.2306,-0.39989,0,20.0
0.19122,0.59343,-0.57343,9.7911e-20,7058,-1.1031,-0.67593,0,20.0
0.03024,0.75302,-0.63992,1.0686000000000001e-19,7060,-0.98326,-0.83971,0,20.0
0.50091,0.15289,-0.22314,2.8175e-20,7071,-1.1273,-0.17859,0,20.0
0.33036,0.17794,-0.33046,-1.4457000000000002e-19,7083,-0.98812,-0.40929,0,20.0
0.52502,0.0,0.0,0.0,7089,-0.98769,-0.15643,0,20.0
0.47621,0.0,0.0,0.0,7090,-0.97237,-0.23345,0,20.0
0.14843,0.0,0.0,0.0,7094,-0.85264,-0.5225,0,20.0
-0.059735,0.0,0.0,0.0,7096,-0.76041,-0.64945,0,20.0
0.16486,0.87444,-0.038094,5.2447999999999994e-21,7368,-3.5732,-0.46918,0,20.0
0.14629,0.89134,-0.079134,1.8631e-20,7371,-3.3916,-1.1488,0,20.0
0.05734,0.98285,-0.070803,-3.0492999999999996e-21,8062,-4.1311,-3.4878,0,20.0
-0.041593,1.0683,-0.11184,1.3580000000000002e-20,8451,-1.1464,-3.8396,0,20.0
-0.089715,1.1103,-0.094962,2.5384e-20,8570,-0.23491,-3.8016,0,20.0
-0.06461,1.0888,-0.070369,-4.6092999999999994e-21,8573,-0.23383,-4.5663,0,20.0
-0.37414,0.0,0.0,0.0,82,0.70711,0.70711,0,21.0
-0.37131,0.011457,0.0092523,-2.7761e-20,87,0.85936,0.85936,0,21.0
-0.37123,0.17272,-0.010501,2.3921e-20,92,0.89178,1.0442,0,21.0
-0.32801,0.53788,-0.042683,-2.8027e-20,101,1.2866,1.2866,0,21.0
-0.23648,1.1098,0.031735,-2.5847e-20,112,1.5316,1.7937,0,21.0
-0.1735,1.1796,0.060366,-7.634199999999999e-22,120,1.8605,2.1789,0,21.0
-0.38495,0.084345,0.00010178,-1.5981999999999998e-21,126,0.71472,0.98382,0,21.0
-0.40801,0.0,0.0,0.0,145,0.5225,0.85264,0,21.0
-0.38066,0.38178,-0.0049024,-1.3036e-20,149,0.71792,1.1717,0,21.0
-0.30147,1.1066,0.066782,-9.4104e-20,155,1.0047,1.6399,0,21.0
-0.40286,0.21685,-0.0099815,2.2375e-20,168,0.5522,1.0838,0,21.0
-0.39325,0.64813,0.030217,-2.1173e-20,191,0.52598,1.2698,0,21.0
-0.45581,0.0,0.0,0.0,208,0.30902,0.95106,0,21.0
-0.42651,0.40841,0.0048029,3.7739e-20,210,0.37591,1.1568,0,21.0
-0.31955,1.2054,0.15519,1.1862e-20,216,0.5338,1.6426,0,21.0
-0.43921,0.51695,0.027343,6.533500000000001e-20,231,0.28397,1.1826,0,21.0
-0.40487,0.90331,0.10598,-4.1010000000000006e-20,233,0.32087,1.3362,0,21.0
-0.28785,1.243,0.18905,-6.2884e-20,238,0.42578,1.7727,0,21.0
-0.47891,0.48459,0.048569,-2.9293999999999996e-21,272,0.089562,1.1377,0,21.0
-0.43474,0.93286,0.16321,1.4685e-20,274,0.1015,1.289,0,21.0
-0.51814,0.0,0.0,0.0,292,0.0,1.0,0,21.0
-0.37456,0.0,0.0,0.0,313,1.0,0.0,0,21.0
-0.36784,-0.021198,-0.20806,-8.217699999999999e-21,319,1.212,0.095424,0,21.0
-0.37852,-0.036134,-0.257,1.2005e-20,320,1.2925,0.0,0,21.0
-0.38401,-0.06755,-0.28002,2.7877000000000003e-20,324,1.4555,0.0,0,21.0
-0.37313,-0.081441,-0.2552,2.1174e-20,325,1.4519,0.11435,0,21.0
-0.38738,-0.15364,-0.25663,7.0649e-21,333,1.8155,0.14304,0,21.0
-0.43426,-0.13107,-0.22313,-4.5919e-21,338,2.1297,0.0,0,21.0
-0.46334,-0.090842,0.01144,1.2391e-20,348,2.7283,0.0,0,21.0
-0.35288,0.0,0.0,0.0,355,0.98769,0.15643,0,21.0
-0.36348,-0.2137,-0.20687,-8.4682e-21,367,2.1071,0.33402,0,21.0
-0.35246,-0.02285,-0.14785,-1.7537e-21,378,1.1826,0.28397,0,21.0
-0.35339,-0.045751,-0.16897,-6.6560999999999996e-21,379,1.258,0.30208,0,21.0
-0.35449,-0.093056,-0.19202,-6.671499999999999e-21,381,1.4172,0.34035,0,21.0
-0.33577,-0.14591,-0.18381,-1.8435999999999997e-21,406,1.7344,0.56364,0,21.0
-0.29035,-0.15309,-0.16587,7.0026e-21,410,2.137,0.69452,0,21.0
-0.23129,-0.11878,-0.10272,-6.8134e-20,413,2.4799,0.80599,0,21.0
-0.20814,-0.09771,-0.071192,5.6315e-20,414,2.6029,0.84595,0,21.0
-0.33966,0.0,0.0,0.0,418,0.92388,0.38268,0,21.0
-0.28797,-0.074927,-0.16086,-4.4355e-20,430,1.973,0.81724,0,21.0
-0.34919,-0.027726,-0.049441,8.3221e-21,441,1.0838,0.5522,0,21.0
-0.34793,-0.057908,-0.095417,-1.5466e-20,444,1.2989,0.66178,0,21.0
-0.23497,0.12827,-0.12875,3.8599e-20,453,2.1054,1.0726,0,21.0
-0.34784,0.0,0.0,0.0,460,0.85264,0.5225,0,21.0
-0.32392,0.069133,-0.11223,-2.5586000000000002e-20,469,1.5546,0.95244,0,21.0
-0.35878,-0.020049,-0.0052565,-4.014e-21,483,0.98382,0.71472,0,21.0
-0.35765,-0.00094311,-0.033717,1.5779e-20,485,1.1114,0.8074,0,21.0
-0.27548,0.4185,-0.092584,-6.4914e-20,493,1.7261,1.2538,0,21.0
-0.36159,-0.1397,0.21645,5.2682e-20,523,3.187,0.23587,0,21.0
-0.32964,0.066088,0.51807,-3.5406000000000003e-20,528,3.8141,0.0,0,21.0
-0.25753,0.10073,0.61431,3.561899999999999e-21,532,4.2681,0.0,0,21.0
-0.23975,0.027411,0.59252,-2.3682000000000002e-20,533,4.2628,0.23492,0,21.0
-0.22834,0.20948,0.45775,-3.9263e-20,540,5.282,0.0,0,21.0
-0.27512,0.38485,0.22552,4.2965e-20,543,5.5544,0.23377,0,21.0
-0.2751,0.58141,-0.14243,3.1119e-20,547,6.1409,0.23326,0,21.0
-0.22564,0.56345,-0.25769,-1.4294000000000002e-19,548,6.4555,0.0,0,21.0
-0.12867,0.71779,-0.54339,2.4191e-20,554,7.4555,0.0,0,21.0
-0.089689,0.7212,-0.50588,6.194599999999999e-21,561,8.5669,0.23111,0,21.0
-0.10812,0.63309,-0.46742,-1.7266e-20,565,9.382,0.23039,0,21.0
-0.17013,0.71114,0.070652,1.4351e-20,570,10.726,0.0,0,21.0
-0.0742,0.82283,0.47257,-1.3329e-20,626,12.738,0.454,0,21.0
-0.18096,0.088986,0.46419,2.3292e-20,641,4.1971,0.69968,0,21.0
-0.22123,0.28061,0.42771,-3.6951e-20,643,4.6868,0.69847,0,21.0
-0.26835,0.86277,-0.37027,2.5884e-20,649,6.3905,0.6943,0,21.0
-0.10579,0.84544,-0.52153,-1.4756e-20,653,7.7527,0.69096,0,21.0
-0.088292,0.73396,0.34439,2.8030000000000002e-21,662,11.654,0.68139,0,21.0
-0.13716,-0.012462,0.15165,2.8164e-20,675,3.2568,0.92918,0,21.0
-0.13026,0.069453,0.29159,9.5748e-21,677,3.6808,0.9279,0,21.0
-0.27725,0.64204,0.16328,-5.077599999999999e-21,683,5.1561,0.92345,0,21.0
-0.11552,0.15548,0.043003,-8.0865e-21,712,2.9753,1.1514,0,21.0
-0.1305,0.36536,0.28853,1.5605e-20,717,4.0596,1.1477,0,21.0
-0.2845,1.0104,-0.26254,4.0021e-20,724,5.9526,1.1414,0,21.0
-0.050734,0.70852,-0.36476,9.5838e-21,733,9.2192,1.1304,0,21.0
-0.17688,0.69821,0.1912,-2.5251e-20,757,4.4592,1.3602,0,21.0
-0.2675,0.97341,-0.034598,3.4643e-20,760,5.2716,1.3574,0,21.0
-0.1259,1.014,-0.46321,1.7218e-20,766,7.19,1.3508,0,21.0
-0.055723,0.84674,-0.39452,-6.3304e-21,769,8.319,1.347,0,21.0
-0.050341,0.58423,-0.12735,-8.9655e-20,774,10.499,1.3395,0,21.0
-0.081564,0.63598,0.10388,5.9306999999999996e-21,791,3.3928,1.5691,0,21.0
-0.10752,0.70668,0.15061,-7.4669e-21,793,3.8541,1.5676,0,21.0
-0.22224,0.99793,0.031292,7.2561e-20,797,4.8843,1.5643,0,21.0
-0.22523,1.1798,-0.33237,-1.9424000000000002e-20,801,6.0767,1.5606,0,21.0
-0.033875,0.65815,0.16739,-8.9926e-21,814,11.41,1.5437,0,21.0
-0.097804,0.8652,0.043684,1.2075e-20,828,2.8331,1.7658,0,21.0
-0.10215,1.0299,0.091073,-1.3831e-20,871,3.586,1.9485,0,21.0
-0.13261,1.0905,0.075753,-1.4554e-21,873,4.0873,1.9478,0,21.0
-0.19149,1.2239,-0.054755,-1.3823e-20,876,4.9116,1.9466,0,21.0
-0.19988,1.2654,-0.19475,6.7701e-20,878,5.5135,1.9457,0,21.0
-0.098801,1.1264,-0.29896,-2.4775e-20,961,6.7218,2.3126,0,21.0
-0.13859,1.2779,-0.10353,1.9809e-20,996,5.0613,2.5172,0,21.0
-0.131,1.244,-0.19004,1.0944e-20,998,5.6893,2.5172,0,21.0
-0.052451,1.0212,-0.27624,-1.2462e-20,1003,7.4758,2.5172,0,21.0
0.014343,0.77492,-0.094172,-6.8813e-22,1049,10.099,2.736,0,21.0
0.01956,0.7105,0.029813,-9.891199999999999e-21,1051,11.109,2.736,0,21.0
0.0038136,0.87043,-0.1558,2.2867e-21,1087,9.1598,2.97,0,21.0
0.020918,0.77629,0.19524,9.561599999999999e-21,1093,12.196,2.97,0,21.0
-0.095237,1.2095,-0.08545,-3.859e-21,1116,5.0613,3.2202,0,21.0
-0.045109,1.0852,-0.14826,-3.5536e-21,1201,6.7218,3.7739,0,21.0
0.0091602,0.93692,-0.087837,4.0002e-21,1247,9.1598,4.08,0,21.0
0.031084,0.89673,0.048187,7.4414e-22,1251,11.109,4.08,0,21.0
-0.029498,1.0687,-0.094387,2.2781999999999997e-21,1321,6.7218,4.7572,0,21.0
0.029012,0.98688,0.092139,0.0,1333,12.196,4.7572,0,21.0
-0.085008,1.1132,0.14575,3.0212e-20,2145,-4.3934e-16,3.1819,0,21.0
-0.058724,1.0968,0.11686,-1.5352e-20,2175,-4.2301e-16,3.807,0,21.0
-0.044743,1.0878,0.099376,-7.9467e-21,2195,-4.1015e-16,4.2993,0,21.0
0.10723,0.89525,0.26389,4.0981e-20,2456,-1.5845,1.5845,0,21.0
0.092733,0.84213,0.43121,-4.6208e-20,2468,-1.1532,1.1532,0,21.0
-0.01882,0.87439,0.56945,-4.6226e-20,2475,-0.89178,1.0442,0,21.0
-0.087088,0.7942,0.6118,-6.335199999999999e-21,2479,-0.78951,0.92446,0,21.0
-0.15535,0.0,0.0,0.0,2484,-0.64945,0.76041,0,21.0
-0.030144,0.94902,0.48335,6.5431e-20,2499,-0.90709,1.2487,0,21.0
-0.14709,1.0056,0.5532,8.7196e-21,2522,-0.71792,1.1717,0,21.0
-0.31657,0.0,0.0,0.0,2527,-0.5225,0.85264,0,21.0
-0.011707,1.0192,0.26056,-1.5115e-20,2533,-1.0726,2.1054,0,21.0
-0.29696,0.95776,0.5247,-1.3674e-20,2545,-0.5522,1.0838,0,21.0
-0.43501,0.0,0.0,0.0,2569,-0.38268,0.92388,0,21.0
-0.29927,1.1472,0.46325,6.1676999999999995e-21,2585,-0.42475,1.3071,0,21.0
-0.39343,0.99279,0.41567,-5.4607e-20,2587,-0.37591,1.1568,0,21.0
-0.51799,0.0,0.0,0.0,2632,-0.15643,0.98769,0,21.0
-0.14724,1.1475,0.23052,-5.328e-20,2639,-0.17623,2.2362,0,21.0
-0.22333,1.195,0.28742,-1.0212000000000001e-20,2643,-0.14304,1.8155,0,21.0
-0.38554,1.1692,0.31872,-1.3749e-19,2648,-0.10781,1.369,0,21.0
-0.46001,0.89269,0.22102,2.7043e-20,2650,-0.095424,1.212,0,21.0
-0.48824,0.64377,0.13867,5.3737e-20,2651,-0.089562,1.1377,0,21.0
0.24725,0.77415,-0.015246,-6.2287e-22,2660,-2.5997,0.0,0,21.0
0.31138,0.68605,-0.019478,4.7244e-22,2668,-2.1297,0.0,0,21.0
0.41316,0.51435,0.037208,-4.7115e-20,2679,-1.6271,0.12817,0,21.0
0.48487,0.34925,-0.031791,-3.4828999999999997e-22,2684,-1.3725,0.0,0,21.0
0.52545,0.20258,-0.033934,-1.0047e-20,2688,-1.2153,0.0,0,21.0
0.55986,0.049425,-0.02186,2.2925e-23,2692,-1.0692,0.0,0,21.0
0.57009,0.0,0.0,0.0,2695,-1.0,0.0,0,21.0
0.46776,0.36852,0.13764,4.0701e-20,2711,-1.3568,0.21499,0,21.0
0.51854,0.1425,0.159,-1.9393e-20,2714,-1.1273,0.17859,0,21.0
0.54434,0.0,0.0,0.0,2716,-0.98769,0.15643,0,21.0
0.38416,0.54444,0.15951,-8.05e-20,2729,-1.5885,0.38151,0,21.0
0.2113,0.81318,0.090523,-7.237699999999999e-21,2740,-2.6029,0.84595,0,21.0
0.3075,0.66981,0.16249,2.2348e-20,2747,-1.8296,0.59459,0,21.0
0.35819,0.57104,0.21582,6.159e-20,2750,-1.5541,0.50503,0,21.0
0.40687,0.43271,0.29276,-6.2034e-20,2753,-1.3071,0.42475,0,21.0
0.43539,0.21748,0.32928,8.7615e-20,2756,-1.0857,0.35279,0,21.0
0.4524,0.0,0.0,0.0,2758,-0.95106,0.30902,0,21.0
0.28672,0.644,0.31372,-2.1338e-20,2792,-1.456,0.74178,0,21.0
0.30324,0.33253,0.46091,-1.7177e-19,2798,-1.0172,0.51827,0,21.0
0.30676,0.0,0.0,0.0,2800,-0.89101,0.45399,0,21.0
0.21283,0.77485,0.24775,-3.864799999999999e-21,2809,-1.7284,1.0589,0,21.0
0.24301,0.68858,0.35369,2.2836e-20,2813,-1.393,0.85347,0,21.0
0.25011,0.59592,0.47181,5.389e-20,2816,-1.1717,0.71792,0,21.0
0.13867,0.46979,0.54016,2.266e-19,2840,-0.92341,0.67086,0,21.0
0.12678,0.0,0.0,0.0,2842,-0.80902,0.58779,0,21.0
0.11692,0.91215,0.15954,2.2756000000000002e-20,2844,-2.2843,1.9505,0,21.0
0.1449,0.78874,0.41285,-3.9836e-20,2855,-1.2411,1.0599,0,21.0
0.11845,0.73241,0.54275,-1.5544e-20,2858,-1.0442,0.89178,0,21.0
0.13699,0.90576,-0.0075067,-5.8857e-22,2912,-4.3358,0.0,0,21.0
0.16767,0.87077,0.019522,-6.2295e-21,2951,-3.5732,0.46918,0,21.0
0.16103,0.87716,0.048176,-1.1930000000000001e-20,3011,-3.47,0.92747,0,21.0
0.070225,0.97441,0.074048,2.7506e-21,3372,-3.8187,3.4878,0,21.0
0.0075923,1.0338,0.10886,3.2813999999999997e-22,4180,-1.5637,4.1771,0,21.0
-0.43335,0.0,0.0,0.0,4394,0.64945,-0.76041,0,21.0
-0.48374,0.0,0.0,0.0,4402,0.45399,-0.89101,0,21.0
-0.53094,0.0,0.0,0.0,4406,0.30902,-0.95106,0,21.0
-0.58095,0.0,0.0,0.0,4410,0.15643,-0.98769,0,21.0
-0.54889,0.80403,-0.11513,-2.0477e-20,4436,0.095424,-1.212,0,21.0
-0.43791,0.27839,-0.0041771,1.8442e-20,4441,0.67593,-1.1031,0,21.0
-0.44363,0.58456,-0.017092,1.0823e-20,4453,0.62391,-1.2246,0,21.0
-0.48206,1.2345,-0.27525,1.5932e-19,4459,-8.2717e-17,-1.3725,0,21.0
-0.4296,1.1817,-0.1252,-3.7304e-20,4477,0.47729,-1.4687,0,21.0
-0.39489,0.41637,-0.037223,-1.4652999999999998e-21,4483,1.1532,-1.1532,0,21.0
-0.40807,0.93842,-0.041618,-1.1020000000000001e-20,4485,0.85347,-1.393,0,21.0
-0.30549,1.2897,-0.25886,-3.3966e-20,4514,-1.8199e-16,-1.8196,0,21.0
-0.21864,1.2292,-0.20149,6.7262e-20,4558,-2.7552e-16,-2.2408,0,21.0
-0.3639,1.304,0.0031602,7.4047e-21,4559,1.5316,-1.7937,0,21.0
-0.31095,1.3024,0.096708,-1.5230000000000002e-20,4615,2.1213,-2.1213,0,21.0
-0.39575,0.0,0.0,0.0,4627,0.98769,-0.15643,0,21.0
-0.40854,0.0,0.0,0.0,4631,0.95106,-0.30902,0,21.0
-0.41241,0.0,0.0,0.0,4635,0.89101,-0.45399,0,21.0
-0.41725,0.0,0.0,0.0,4641,0.76041,-0.64945,0,21.0
-0.40365,-0.028983,-0.15757,1.9177e-20,4646,1.0857,-0.35279,0,21.0
-0.41199,-0.03284,-0.050219,1.1492e-20,4651,0.86777,-0.74111,0,21.0
-0.39359,-0.024688,-0.2416,5.4443e-21,4653,1.201,-0.19028,0,21.0
-0.40338,-0.032338,-0.15217,-3.6303e-21,4657,1.0838,-0.5522,0,21.0
-0.40141,-0.021558,-0.24922,5.1689e-22,4664,1.2306,-0.39989,0,21.0
-0.40193,0.0025936,-0.073503,3.9904999999999994e-21,4669,0.98326,-0.83971,0,21.0
-0.39883,0.00066896,-0.20385,-1.0123e-21,4675,1.2246,-0.62391,0,21.0
-0.4012,-0.029959,-0.30437,-3.5242e-20,4680,1.4391,-0.22804,0,21.0
-0.40539,0.0068829,-0.28325,1.0176e-20,4682,1.3864,-0.45054,0,21.0
-0.3933,0.10784,-0.077473,-1.4957999999999999e-21,4687,1.1075,-0.94578,0,21.0
-0.42513,-0.066824,-0.28265,-4.3988e-20,4715,1.8155,-0.14304,0,21.0
-0.43356,0.28075,-0.15901,-1.5449e-20,4729,1.7142,-0.87328,0,21.0
-0.48196,0.047918,-0.2114,9.5716e-21,4743,2.1071,-0.33402,0,21.0
-0.48644,0.24357,-0.1713,-2.6039e-20,4745,2.0308,-0.65999,0,21.0
-0.46135,0.43052,-0.099861,-5.3777e-20,4747,1.9027,-0.96929,0,21.0
-0.4319,0.72344,-0.019996,-1.7160000000000003e-20,4749,1.7261,-1.2538,0,21.0
-0.53464,0.4118,-0.032959,1.1933e-20,4772,2.3614,-0.76747,0,21.0
-0.54542,0.47722,0.027435,-2.2557e-20,4781,2.4799,-0.80599,0,21.0
-0.49038,0.91401,0.31577,-3.7334e-20,4818,2.9753,-1.1514,0,21.0
-0.47618,0.34865,0.40239,1.1899000000000002e-19,4825,3.3622,-0.47016,0,21.0
-0.38387,1.1802,0.31349,-2.5968e-20,4830,2.9641,-1.5704,0,21.0
-0.32106,1.2701,0.20831,-2.6219e-20,4832,2.6869,-1.9499,0,21.0
-0.36838,0.56062,0.53893,4.4257e-21,4846,3.7419,-0.70079,0,21.0
-0.32609,1.017,0.4378,-1.5465e-20,4849,3.5057,-1.3635,0,21.0
-0.26241,0.22334,0.61246,4.8171e-20,4864,4.2628,-0.23492,0,21.0
-0.2459,0.52451,0.57284,5.1768e-20,4866,4.1971,-0.69968,0,21.0
-0.22501,0.8046,0.50127,-2.7580999999999996e-21,4868,4.0596,-1.1477,0,21.0
-0.21455,0.99835,0.40612,2.4008e-20,4870,3.8541,-1.5676,0,21.0
-0.17879,0.30094,0.59075,-5.5532e-20,4885,4.728,-0.4678,0,21.0
-0.12061,0.78964,0.41236,-2.9518e-20,4889,4.4592,-1.3602,0,21.0
-0.1352,0.98868,0.30492,-1.3517999999999998e-21,4892,4.0873,-1.9478,0,21.0
-0.08715,0.62221,0.41682,3.0827e-21,4898,4.812,-1.1452,0,21.0
-0.079905,0.42137,0.44043,2.7906e-20,4907,5.1561,-0.92345,0,21.0
-0.10712,0.25586,0.42591,-4.6359e-20,4916,5.492,-0.6965,0,21.0
-0.023661,0.76315,0.23577,4.9606e-20,4921,5.0459,-1.7602,0,21.0
-0.031424,0.3788,0.30595,2.5915e-20,4928,5.6516,-1.1424,0,21.0
-0.11294,0.28822,0.1397,5.6518e-20,4936,6.08,-0.69506,0,21.0
0.015268,0.52895,0.17965,2.1862e-20,4940,5.762,-1.5616,0,21.0
-0.070402,0.32525,0.031431,-1.0544e-19,4947,6.3357,-0.91989,0,21.0
0.033041,0.56556,0.10321,-3.3175999999999997e-21,4951,5.9608,-1.7579,0,21.0
-0.079143,0.62705,-0.50216,-2.0344999999999997e-21,4986,7.7527,-0.69096,0,21.0
-0.09658,0.67674,-0.54497,-2.1097e-22,5005,8.5472,-0.46122,0,21.0
-0.069342,0.65314,-0.52026,-4.358499999999999e-21,5008,8.3977,-1.1332,0,21.0
-0.042653,0.70323,-0.44732,2.9798e-20,5021,8.5295,-1.7514,0,21.0
-0.13703,0.70334,-0.48494,-4.5177e-21,5027,9.2813,-0.91101,0,21.0
-0.19188,1.0188,0.13436,2.7736e-20,5059,10.499,-1.3395,0,21.0
-0.12932,0.89129,0.44222,-1.7277e-21,5075,11.684,-0.45582,0,21.0
-0.11285,1.1095,0.36369,1.377e-20,5081,11.32,-1.7443,0,21.0
-0.076139,0.87084,0.45841,-3.6804999999999997e-22,5095,12.738,-0.454,0,21.0
-0.015759,0.93546,0.085806,-9.2225e-21,5561,5.0613,-2.97,0,21.0
0.0019433,0.91565,0.055553,-6.0652e-23,5591,5.3695,-2.97,0,21.0
0.017529,0.90172,0.019328,5.861399999999999e-21,5621,5.6893,-2.97,0,21.0
0.0079418,0.95366,0.0079167,-6.024799999999999e-21,5623,5.6893,-3.4878,0,21.0
0.047316,0.9328,-0.15394,3.6555e-21,5741,7.0919,-2.97,0,21.0
0.015552,1.0373,-0.052843,6.8799e-22,5746,7.0919,-4.4072,0,21.0
0.010585,1.044,-0.039461,-1.8665999999999996e-21,5747,7.0919,-4.7572,0,21.0
0.00054383,1.0527,-0.013109,-7.1381e-22,5750,7.0919,-5.9596,0,21.0
0.029662,1.0087,-0.20263,-1.8801999999999998e-21,5801,7.874,-2.97,0,21.0
0.021458,1.0831,-0.10542,-1.2825e-21,5804,7.874,-3.7739,0,21.0
-0.062087,1.0991,-0.15776,-2.572e-21,5889,9.1598,-2.5172,0,21.0
-0.0033187,1.1585,-0.017927,1.8446999999999998e-21,5895,9.1598,-4.08,0,21.0
-0.099698,1.2397,0.10523,-3.94e-22,5949,10.099,-2.5172,0,21.0
-0.031743,1.2102,0.078712,6.4079e-21,5953,10.099,-3.4878,0,21.0
-0.00036673,1.1022,0.039389,-1.0580999999999998e-21,5958,10.099,-5.1314,0,21.0
-0.046075,1.1621,0.21131,-7.714499999999999e-21,6011,11.109,-2.97,0,21.0
-0.011673,1.1113,0.11822,-4.2699e-22,6015,11.109,-4.08,0,21.0
-0.027597,1.0395,0.25604,-1.9743e-20,6070,12.196,-2.736,0,21.0
0.003565,1.0383,0.10326,0.0,6077,12.196,-4.7572,0,21.0
0.0080761,1.0339,0.059946,-5.2738e-22,6080,12.196,-5.9596,0,21.0
-0.12039,1.1393,-0.22295,7.0583e-20,6745,-0.57975,-2.4134,0,21.0
0.045835,0.96744,-0.2726,-4.9854000000000003e-20,6748,-1.5316,-1.7937,0,21.0
0.071014,0.91021,-0.36424,-7.3534e-20,6789,-1.3571,-1.3571,0,21.0
0.04819,0.88749,-0.46903,4.9170000000000005e-20,6819,-1.1532,-1.1532,0,21.0
-0.040872,0.83065,-0.65245,5.9555e-20,6859,-0.91393,-0.91393,0,21.0
-0.19725,0.98447,-0.64088,8.4893e-20,6860,-0.76021,-1.0465,0,21.0
-0.44578,1.06,-0.50737,-1.8453e-20,6873,-0.46551,-1.1238,0,21.0
-0.54635,1.0304,-0.30679,5.35e-20,6876,-0.19028,-1.201,0,21.0
-0.6161,0.36808,-0.066353,-4.7035e-20,6897,-0.083909,-1.066,0,21.0
-0.24828,0.0,0.0,0.0,6898,-0.64945,-0.76041,0,21.0
-0.41999,0.0,0.0,0.0,6901,-0.5225,-0.85264,0,21.0
-0.54468,0.0,0.0,0.0,6903,-0.38268,-0.92388,0,21.0
-0.62692,0.0,0.0,0.0,6906,-0.15643,-0.98769,0,21.0
-0.62834,0.0,0.0,0.0,6907,-0.078459,-0.99692,0,21.0
0.1195,0.90966,-0.17824,-1.8457e-20,6923,-2.3204,-1.6853,0,21.0
0.20113,0.8249,-0.11718,6.5232999999999995e-21,6929,-2.6029,-0.84595,0,21.0
0.31553,0.66268,-0.16207,-5.5134999999999995e-21,6991,-1.87,-0.44916,0,21.0
0.23182,0.74753,-0.27714,-3.9711e-21,6994,-1.7142,-0.87328,0,21.0
0.156,0.82417,-0.3315,4.9227e-20,6996,-1.5553,-1.1297,0,21.0
0.40841,0.51904,-0.090003,4.3665e-20,7016,-1.6271,-0.12817,0,21.0
0.33941,0.58971,-0.26629,-5.8015e-20,7019,-1.5541,-0.50503,0,21.0
0.21284,0.69514,-0.43774,6.2305e-20,7031,-1.3165,-0.80663,0,21.0
0.4553,0.37917,-0.20057,-3.8865000000000003e-20,7044,-1.3568,-0.21499,0,21.0
0.39217,0.3952,-0.38564,-5.5134e-20,7055,-1.2306,-0.39989,0,21.0
0.19821,0.59112,-0.57217,9.6287e-20,7058,-1.1031,-0.67593,0,21.0
0.04046,0.74957,-0.6387,1.0518e-19,7060,-0.98326,-0.83971,0,21.0
0.5015,0.1524,-0.22122,2.6985e-20,7071,-1.1273,-0.17859,0,21.0
0.33495,0.17681,-0.32826,-1.4274000000000002e-19,7083,-0.98812,-0.40929,0,21.0
0.52565,0.0,0.0,0.0,7089,-0.98769,-0.15643,0,21.0
0.47808,0.0,0.0,0.0,7090,-0.97237,-0.23345,0,21.0
0.15625,0.0,0.0,0.0,7094,-0.85264,-0.5225,0,21.0
-0.048077,0.0,0.0,0.0,7096,-0.76041,-0.64945,0,21.0
0.16436,0.8744,-0.039008,5.4921e-21,7368,-3.5732,-0.46918,0,21.0
0.14756,0.89127,-0.080194,1.8138e-20,7371,-3.3916,-1.1488,0,21.0
0.059828,0.98336,-0.071694,-3.0398999999999998e-21,8062,-4.1311,-3.4878,0,21.0
-0.034702,1.0705,-0.1146,1.3659000000000002e-20,8451,-1.1464,-3.8396,0,21.0
-0.082068,1.1144,-0.098618,2.3926e-20,8570,-0.23491,-3.8016,0,21.0
-0.059278,1.0929,-0.072032,-4.350000000000001e-21,8573,-0.23383,-4.5663,0,21.0
-0.42746,0.0,0.0,0.0,82,0.70711,0.70711,0,22.0
-0.42281,0.020224,0.020283,-2.8425e-20,87,0.85936,0.85936,0,22.0
-0.42432,0.20418,-0.0084553,1.9059e-20,92,0.89178,1.0442,0,22.0
-0.39082,0.61313,-0.05733,-2.5236e-20,101,1.2866,1.2866,0,22.0
-0.28265,1.1414,-0.0088836,-3.0979e-20,112,1.5316,1.7937,0,22.0
-0.19869,1.1707,0.015987,-6.2487e-22,120,1.8605,2.1789,0,22.0
-0.43754,0.10049,-0.0010966,4.0006e-22,126,0.71472,0.98382,0,22.0
-0.46275,0.0,0.0,0.0,145,0.5225,0.85264,0,22.0
-0.43382,0.42114,-0.01147,-1.4098e-20,149,0.71792,1.1717,0,22.0
-0.35054,1.146,0.043276,-1.0148000000000001e-19,155,1.0047,1.6399,0,22.0
-0.45687,0.24172,-0.015443,2.3306e-20,168,0.5522,1.0838,0,22.0
-0.4463,0.69175,0.02218,-2.3432e-20,191,0.52598,1.2698,0,22.0
-0.51243,0.0,0.0,0.0,208,0.30902,0.95106,0,22.0
-0.48152,0.44032,-0.00023719,3.8522e-20,210,0.37591,1.1568,0,22.0
-0.36398,1.2329,0.13808,1.2828000000000001e-20,216,0.5338,1.6426,0,22.0
-0.49422,0.55077,0.023366,6.7825e-20,231,0.28397,1.1826,0,22.0
-0.45647,0.94402,0.099082,-4.3776e-20,233,0.32087,1.3362,0,22.0
-0.328,1.2619,0.17151,-6.9098e-20,238,0.42578,1.7727,0,22.0
-0.53406,0.51162,0.047975,4.2251e-21,272,0.089562,1.1377,0,22.0
-0.48608,0.96895,0.16045,1.7927e-20,274,0.1015,1.289,0,22.0
-0.57348,0.0,0.0,0.0,292,0.0,1.0,0,22.0
-0.35759,0.0,0.0,0.0,313,1.0,0.0,0,22.0
-0.36091,-0.029896,-0.15894,-6.795e-21,319,1.212,0.095424,0,22.0
-0.36191,-0.04358,-0.21605,-1.8619999999999998e-22,320,1.2925,0.0,0,22.0
-0.36537,-0.077396,-0.26128,-8.0578e-22,324,1.4555,0.0,0,22.0
-0.36562,-0.092352,-0.23509,9.714599999999999e-21,325,1.4519,0.11435,0,22.0
-0.37669,-0.16308,-0.30053,7.263e-21,333,1.8155,0.14304,0,22.0
-0.40363,-0.13802,-0.32924,2.7213999999999996e-21,338,2.1297,0.0,0,22.0
-0.45133,-0.078512,-0.2012,4.0697e-21,348,2.7283,0.0,0,22.0
-0.35483,0.0,0.0,0.0,355,0.98769,0.15643,0,22.0
-0.37095,-0.21604,-0.31381,-1.2424000000000001e-20,367,2.1071,0.33402,0,22.0
-0.36602,-0.035249,-0.096188,7.290199999999999e-21,378,1.1826,0.28397,0,22.0
-0.36789,-0.057252,-0.12293,7.5312e-21,379,1.258,0.30208,0,22.0
-0.37137,-0.10149,-0.16731,6.4113e-22,381,1.4172,0.34035,0,22.0
-0.37464,-0.13474,-0.21401,-1.8890000000000002e-20,406,1.7344,0.56364,0,22.0
-0.33557,-0.1309,-0.27551,4.5074e-22,410,2.137,0.69452,0,22.0
-0.27203,-0.10126,-0.27418,-7.5947e-20,413,2.4799,0.80599,0,22.0
-0.24476,-0.086343,-0.2596,6.8921e-20,414,2.6029,0.84595,0,22.0
-0.37159,0.0,0.0,0.0,418,0.92388,0.38268,0,22.0
-0.34699,-0.026424,-0.23254,-4.2769e-20,430,1.973,0.81724,0,22.0
-0.3893,-0.034452,-0.0048156,1.2283e-20,441,1.0838,0.5522,0,22.0
-0.39517,-0.041614,-0.064715,1.8666999999999997e-21,444,1.2989,0.66178,0,22.0
-0.29982,0.21567,-0.21281,4.6354e-20,453,2.1054,1.0726,0,22.0
-0.39378,0.0,0.0,0.0,460,0.85264,0.5225,0,22.0
-0.39117,0.13964,-0.12047,-1.864e-20,469,1.5546,0.95244,0,22.0
-0.40763,-0.018411,0.023931,-4.048499999999999e-21,483,0.98382,0.71472,0,22.0
-0.40987,0.020431,-0.0065035,1.2572e-20,485,1.1114,0.8074,0,22.0
-0.3459,0.51771,-0.13115,-7.101e-20,493,1.7261,1.2538,0,22.0
-0.38973,-0.11827,-0.030425,3.5457e-20,523,3.187,0.23587,0,22.0
-0.3916,0.144,0.35538,-4.2216e-20,528,3.8141,0.0,0,22.0
-0.30465,0.22947,0.52833,-1.718e-20,532,4.2681,0.0,0,22.0
-0.26733,0.11169,0.48709,-5.7369e-20,533,4.2628,0.23492,0,22.0
-0.18358,0.26668,0.62916,-1.4294e-20,540,5.282,0.0,0,22.0
-0.1971,0.25652,0.57419,2.6297e-20,543,5.5544,0.23377,0,22.0
-0.23749,0.41393,0.30404,-3.5491e-20,547,6.1409,0.23326,0,22.0
-0.22216,0.43103,0.17202,-1.7564000000000002e-19,548,6.4555,0.0,0,22.0
-0.17864,0.681,-0.38649,5.6588e-20,554,7.4555,0.0,0,22.0
-0.098709,0.79699,-0.52908,-3.4523999999999996e-21,561,8.5669,0.23111,0,22.0
-0.083805,0.74695,-0.49013,-5.671199999999999e-21,565,9.382,0.23039,0,22.0
-0.14491,0.6592,-0.33198,1.0065e-20,570,10.726,0.0,0,22.0
-0.090797,0.78855,0.40573,-2.353e-20,626,12.738,0.454,0,22.0
-0.158,-0.0054021,0.36906,1.664e-20,641,4.1971,0.69968,0,22.0
-0.14768,0.11009,0.50776,-5.7976999999999994e-21,643,4.6868,0.69847,0,22.0
-0.27859,0.71953,-0.0064673,2.4378e-20,649,6.3905,0.6943,0,22.0
-0.15979,0.91392,-0.50967,-1.9061e-20,653,7.7527,0.69096,0,22.0
-0.10721,0.6497,0.039563,8.4503e-21,662,11.654,0.68139,0,22.0
-0.14385,-0.076945,-0.074914,5.4772e-20,675,3.2568,0.92918,0,22.0
-0.11478,-0.047729,0.10409,5.497899999999999e-21,677,3.6808,0.9279,0,22.0
-0.1559,0.35276,0.43943,-1.7841e-20,683,5.1561,0.92345,0,22.0
-0.12448,0.13329,-0.13868,-1.0174e-20,712,2.9753,1.1514,0,22.0
-0.054761,0.14294,0.21769,2.7828e-20,717,4.0596,1.1477,0,22.0
-0.2494,0.82654,0.072255,3.1976e-20,724,5.9526,1.1414,0,22.0
-0.055513,0.82545,-0.40365,4.3887e-21,733,9.2192,1.1304,0,22.0
-0.053917,0.41493,0.26347,-2.0491e-20,757,4.4592,1.3602,0,22.0
-0.15898,0.70976,0.23188,3.7083000000000004e-20,760,5.2716,1.3574,0,22.0
-0.18559,1.1041,-0.41103,1.9695e-20,766,7.19,1.3508,0,22.0
-0.083267,0.95665,-0.43615,-3.6987e-22,769,8.319,1.347,0,22.0
-0.043069,0.67049,-0.29769,-6.9608e-20,774,10.499,1.3395,0,22.0
-0.032414,0.54239,0.0098664,-1.4975e-20,791,3.3928,1.5691,0,22.0
-0.018308,0.52051,0.10668,-1.2929e-20,793,3.8541,1.5676,0,22.0
-0.10148,0.73364,0.21209,7.2654e-20,797,4.8843,1.5643,0,22.0
-0.22537,1.1022,-0.10057,-4.3006e-20,801,6.0767,1.5606,0,22.0
-0.038296,0.61634,-0.092988,-6.354099999999999e-21,814,11.41,1.5437,0,22.0
-0.091931,0.85006,-0.030653,3.5562e-20,828,2.8331,1.7658,0,22.0
-0.036015,0.91097,0.075212,-7.430099999999999e-21,871,3.586,1.9485,0,22.0
-0.039128,0.9186,0.12026,-4.9961e-21,873,4.0873,1.9478,0,22.0
-0.10446,1.0488,0.10606,1.8253e-20,876,4.9116,1.9466,0,22.0
-0.15866,1.1757,-0.0047339,5.7491e-20,878,5.5135,1.9457,0,22.0
-0.12065,1.2239,-0.24619,-3.9907e-20,961,6.7218,2.3126,0,22.0
-0.094444,1.2505,0.010296,9.5504e-21,996,5.0613,2.5172,0,22.0
-0.11494,1.276,-0.08273,8.435899999999999e-21,998,5.6893,2.5172,0,22.0
-0.073633,1.1165,-0.27103,-1.8841e-20,1003,7.4758,2.5172,0,22.0
0.0035784,0.84175,-0.16895,-9.8071e-22,1049,10.099,2.736,0,22.0
0.013225,0.75549,-0.083281,-7.4372e-21,1051,11.109,2.736,0,22.0
-0.0096711,0.93642,-0.20161,3.0053e-21,1087,9.1598,2.97,0,22.0
0.021136,0.74068,0.066678,8.909899999999999e-21,1093,12.196,2.97,0,22.0
-0.07188,1.2072,-0.018303,-5.248499999999999e-21,1116,5.0613,3.2202,0,22.0
-0.048972,1.1304,-0.1242,-2.8566e-21,1201,6.7218,3.7739,0,22.0
-0.00057396,0.9745,-0.12148,4.4979e-21,1247,9.1598,4.08,0,22.0
0.02428,0.89256,-0.020952,7.485799999999999e-22,1251,11.109,4.08,0,22.0
-0.031679,1.0958,-0.081839,1.629e-21,1321,6.7218,4.7572,0,22.0
0.028412,0.94257,0.051844,0.0,1333,12.196,4.7572,0,22.0
-0.10312,1.1144,0.1358,3.2575e-20,2145,-4.3934e-16,3.1819,0,22.0
-0.072746,1.0954,0.10931,-1.6205000000000002e-20,2175,-4.2301e-16,3.807,0,22.0
-0.056399,1.0853,0.093608,-8.2677e-21,2195,-4.1015e-16,4.2993,0,22.0
0.092713,0.90144,0.26495,4.3257e-20,2456,-1.5845,1.5845,0,22.0
0.074191,0.85135,0.43539,-4.7891e-20,2468,-1.1532,1.1532,0,22.0
-0.042856,0.8867,0.57561,-4.734e-20,2475,-0.89178,1.0442,0,22.0
-0.11437,0.80773,0.62064,-5.9908999999999996e-21,2479,-0.78951,0.92446,0,22.0
-0.18596,0.0,0.0,0.0,2484,-0.64945,0.76041,0,22.0
-0.053841,0.961,0.48656,6.8796e-20,2499,-0.90709,1.2487,0,22.0
-0.17619,1.0208,0.55758,8.8986e-21,2522,-0.71792,1.1717,0,22.0
-0.35376,0.0,0.0,0.0,2527,-0.5225,0.85264,0,22.0
-0.030859,1.0266,0.25767,-1.6264e-20,2533,-1.0726,2.1054,0,22.0
-0.3333,0.97707,0.53164,-1.3851000000000002e-20,2545,-0.5522,1.0838,0,22.0
-0.47866,0.0,0.0,0.0,2569,-0.38268,0.92388,0,22.0
-0.3362,1.1675,0.46411,7.184399999999999e-21,2585,-0.42475,1.3071,0,22.0
-0.4358,1.0166,0.42085,-5.7813e-20,2587,-0.37591,1.1568,0,22.0
-0.56984,0.0,0.0,0.0,2632,-0.15643,0.98769,0,22.0
-0.17378,1.1568,0.2204,-5.8622e-20,2639,-0.17623,2.2362,0,22.0
-0.25619,1.2097,0.27812,-1.0883e-20,2643,-0.14304,1.8155,0,22.0
-0.42996,1.1967,0.31577,-1.4836000000000002e-19,2648,-0.10781,1.369,0,22.0
-0.51023,0.92361,0.22269,2.4627e-20,2650,-0.095424,1.212,0,22.0
-0.54059,0.67039,0.14108,5.4088e-20,2651,-0.089562,1.1377,0,22.0
0.24673,0.7742,-0.011933,-4.2004e-22,2660,-2.5997,0.0,0,22.0
0.31089,0.6861,-0.014719,2.9870999999999998e-22,2668,-2.1297,0.0,0,22.0
0.41103,0.51526,0.044523,-4.5827000000000003e-20,2679,-1.6271,0.12817,0,22.0
0.48456,0.34929,-0.022402,-4.811299999999999e-22,2684,-1.3725,0.0,0,22.0
0.52522,0.20259,-0.023315,-4.1938e-21,2688,-1.2153,0.0,0,22.0
0.5597,0.049433,-0.014233,-1.8180999999999998e-22,2692,-1.0692,0.0,0,22.0
0.56994,0.0,0.0,0.0,2695,-1.0,0.0,0,22.0
0.46351,0.3705,0.14696,4.0713e-20,2711,-1.3568,0.21499,0,22.0
0.51372,0.14434,0.16931,-2.1555000000000002e-20,2714,-1.1273,0.17859,0,22.0
0.53931,0.0,0.0,0.0,2716,-0.98769,0.15643,0,22.0
0.37857,0.54709,0.16661,-8.298800000000001e-20,2729,-1.5885,0.38151,0,22.0
0.20595,0.81516,0.093064,-6.911699999999999e-21,2740,-2.6029,0.84595,0,22.0
0.30084,0.67285,0.16768,2.0269e-20,2747,-1.8296,0.59459,0,22.0
0.35084,0.57458,0.22273,6.1289e-20,2750,-1.5541,0.50503,0,22.0
0.39861,0.4367,0.30184,-5.9881e-20,2753,-1.3071,0.42475,0,22.0
0.42579,0.22125,0.3396,9.0442e-20,2756,-1.0857,0.35279,0,22.0
0.44232,0.0,0.0,0.0,2758,-0.95106,0.30902,0,22.0
0.27578,0.64935,0.32004,-1.9797e-20,2792,-1.456,0.74178,0,22.0
0.2886,0.33844,0.47118,-1.7747e-19,2798,-1.0172,0.51827,0,22.0
0.29133,0.0,0.0,0.0,2800,-0.89101,0.45399,0,22.0
0.20181,0.77987,0.25139,-2.564e-21,2809,-1.7284,1.0589,0,22.0
0.23023,0.69486,0.35961,2.1666e-20,2813,-1.393,0.85347,0,22.0
0.23549,0.60317,0.48013,5.6839e-20,2816,-1.1717,0.71792,0,22.0
0.11859,0.47814,0.55026,2.3451e-19,2840,-0.92341,0.67086,0,22.0
0.10561,0.0,0.0,0.0,2842,-0.80902,0.58779,0,22.0
0.10656,0.91564,0.15979,2.4252e-20,2844,-2.2843,1.9505,0,22.0
0.12832,0.79697,0.41771,-4.2477e-20,2855,-1.2411,1.0599,0,22.0
0.099263,0.74207,0.55019,-1.518e-20,2858,-1.0442,0.89178,0,22.0
0.13651,0.90579,-0.0062408,-3.0067e-23,2912,-4.3358,0.0,0,22.0
0.16554,0.87133,0.021229,-5.871e-21,2951,-3.5732,0.46918,0,22.0
0.15728,0.87824,0.049691,-1.2759e-20,3011,-3.47,0.92747,0,22.0
0.063538,0.97537,0.073627,2.7726e-21,3372,-3.8187,3.4878,0,22.0
-0.0031787,1.0344,0.10575,7.5688e-22,4180,-1.5637,4.1771,0,22.0
-0.38129,0.0,0.0,0.0,4394,0.64945,-0.76041,0,22.0
-0.42942,0.0,0.0,0.0,4402,0.45399,-0.89101,0,22.0
-0.4751,0.0,0.0,0.0,4406,0.30902,-0.95106,0,22.0
-0.5247,0.0,0.0,0.0,4410,0.15643,-0.98769,0,22.0
-0.49588,0.77014,-0.11647,-1.0916e-20,4436,0.095424,-1.212,0,22.0
-0.38596,0.24764,-0.011209,1.7482e-20,4441,0.67593,-1.1031,0,22.0
-0.39156,0.5417,-0.026209,9.478e-21,4453,0.62391,-1.2246,0,22.0
-0.43631,1.2049,-0.27961,1.4664e-19,4459,-8.2717e-17,-1.3725,0,22.0
-0.38228,1.1448,-0.13805,-3.6058e-20,4477,0.47729,-1.4687,0,22.0
-0.3396,0.36083,-0.045687,-4.9477999999999994e-21,4483,1.1532,-1.1532,0,22.0
-0.35746,0.88706,-0.056745,-7.5447e-21,4485,0.85347,-1.393,0,22.0
-0.27218,1.2751,-0.26986,-3.1295e-20,4514,-1.8199e-16,-1.8196,0,22.0
-0.19222,1.2203,-0.21301,6.1258e-20,4558,-2.7552e-16,-2.2408,0,22.0
-0.32184,1.2807,-0.036874,2.2646999999999996e-21,4559,1.5316,-1.7937,0,22.0
-0.29552,1.3227,0.05159,-1.5072e-20,4615,2.1213,-2.1213,0,22.0
-0.36414,0.0,0.0,0.0,4627,0.98769,-0.15643,0,22.0
-0.36709,0.0,0.0,0.0,4631,0.95106,-0.30902,0,22.0
-0.36521,0.0,0.0,0.0,4635,0.89101,-0.45399,0,22.0
-0.36626,0.0,0.0,0.0,4641,0.76041,-0.64945,0,22.0
-0.36313,-0.024292,-0.12566,9.0333e-21,4646,1.0857,-0.35279,0,22.0
-0.36241,-0.033772,-0.043641,1.0126e-20,4651,0.86777,-0.74111,0,22.0
-0.36239,-0.025129,-0.19979,2.323e-21,4653,1.201,-0.19028,0,22.0
-0.35743,-0.030927,-0.12633,-1.9914999999999997e-21,4657,1.0838,-0.5522,0,22.0
-0.35953,-0.022808,-0.21693,1.4130999999999998e-22,4664,1.2306,-0.39989,0,22.0
-0.35261,-0.0096824,-0.064897,2.7893999999999997e-21,4669,0.98326,-0.83971,0,22.0
-0.35059,-0.0086877,-0.18262,7.0324e-21,4675,1.2246,-0.62391,0,22.0
-0.36495,-0.037792,-0.28757,-1.3108e-20,4680,1.4391,-0.22804,0,22.0
-0.35884,-0.0024564,-0.26729,4.9788e-21,4682,1.3864,-0.45054,0,22.0
-0.34174,0.077903,-0.073055,1.856e-22,4687,1.1075,-0.94578,0,22.0
-0.38561,-0.079286,-0.32483,-3.0006e-20,4715,1.8155,-0.14304,0,22.0
-0.36299,0.23362,-0.19309,-5.9217e-21,4729,1.7142,-0.87328,0,22.0
-0.42312,0.033293,-0.30612,2.2945999999999997e-21,4743,2.1071,-0.33402,0,22.0
-0.41329,0.21415,-0.24766,-1.8972e-20,4745,2.0308,-0.65999,0,22.0
-0.38523,0.36893,-0.15795,-4.9898e-20,4747,1.9027,-0.96929,0,22.0
-0.36286,0.63657,-0.064771,-2.5145000000000002e-20,4749,1.7261,-1.2538,0,22.0
-0.46525,0.38015,-0.1562,8.3632e-21,4772,2.3614,-0.76747,0,22.0
-0.48309,0.44434,-0.11162,-5.8023e-20,4781,2.4799,-0.80599,0,22.0
-0.49924,0.9002,0.17425,-4.6624e-20,4818,2.9753,-1.1514,0,22.0
-0.5246,0.39608,0.20807,5.0316000000000004e-20,4825,3.3622,-0.47016,0,22.0
-0.40425,1.2151,0.23497,-1.0362e-20,4830,2.9641,-1.5704,0,22.0
-0.32541,1.3146,0.15674,-3.0137e-20,4832,2.6869,-1.9499,0,22.0
-0.45777,0.65177,0.43819,-2.1428e-21,4846,3.7419,-0.70079,0,22.0
-0.39344,1.1045,0.38645,-9.266199999999999e-21,4849,3.5057,-1.3635,0,22.0
-0.32731,0.36801,0.55748,5.0388e-20,4864,4.2628,-0.23492,0,22.0
-0.33592,0.67093,0.56749,7.2648e-20,4866,4.1971,-0.69968,0,22.0
-0.31464,0.94156,0.51332,-6.156499999999999e-22,4868,4.0596,-1.1477,0,22.0
-0.28442,1.1173,0.41547,4.3291e-20,4870,3.8541,-1.5676,0,22.0
-0.22387,0.51185,0.60511,-8.332900000000001e-20,4885,4.728,-0.4678,0,22.0
-0.19421,0.93086,0.47545,-3.2879e-20,4889,4.4592,-1.3602,0,22.0
-0.18798,1.0885,0.3377,-4.695799999999999e-21,4892,4.0873,-1.9478,0,22.0
-0.15129,0.78955,0.49472,1.2306000000000001e-20,4898,4.812,-1.1452,0,22.0
-0.12024,0.64399,0.49604,1.4321e-20,4907,5.1561,-0.92345,0,22.0
-0.11117,0.48659,0.50866,-2.4557e-20,4916,5.492,-0.6965,0,22.0
-0.077548,0.86466,0.33065,5.3808e-20,4921,5.0459,-1.7602,0,22.0
-0.057204,0.59951,0.38172,5.983299999999999e-21,4928,5.6516,-1.1424,0,22.0
-0.098492,0.35398,0.42911,4.7577e-20,4936,6.08,-0.69506,0,22.0
-0.022408,0.68942,0.2713,-4.887e-21,4940,5.762,-1.5616,0,22.0
-0.067583,0.36875,0.32808,-8.5835e-20,4947,6.3357,-0.91989,0,22.0
-0.0026581,0.69837,0.20588,-1.2243e-20,4951,5.9608,-1.7579,0,22.0
-0.0915,0.57328,-0.35841,2.3201999999999998e-21,4986,7.7527,-0.69096,0,22.0
-0.086328,0.70939,-0.51801,-4.902299999999999e-21,5005,8.5472,-0.46122,0,22.0
-0.046472,0.63757,-0.43139,-9.389899999999999e-21,5008,8.3977,-1.1332,0,22.0
-0.0069056,0.6374,-0.36886,2.814e-20,5021,8.5295,-1.7514,0,22.0
-0.080943,0.71227,-0.52688,-7.408899999999999e-21,5027,9.2813,-0.91101,0,22.0
-0.15591,0.86717,-0.29595,4.9456e-20,5059,10.499,-1.3395,0,22.0
-0.18143,0.83106,0.16853,-6.7014999999999995e-21,5075,11.684,-0.45582,0,22.0
-0.16057,1.0992,0.13923,4.23e-20,5081,11.32,-1.7443,0,22.0
-0.11246,0.89215,0.45104,-1.1384e-20,5095,12.738,-0.454,0,22.0
-0.042975,0.96608,0.14934,-8.8564e-21,5561,5.0613,-2.97,0,22.0
-0.02437,0.9364,0.12905,-6.3597e-21,5591,5.3695,-2.97,0,22.0
-0.0068821,0.90967,0.10224,4.0888999999999996e-21,5621,5.6893,-2.97,0,22.0
-0.0085311,0.95092,0.069579,-3.6545e-21,5623,5.6893,-3.4878,0,22.0
0.04337,0.86134,-0.067243,3.3055999999999997e-21,5741,7.0919,-2.97,0,22.0
0.017457,0.99279,-0.03156,3.7982999999999997e-22,5746,7.0919,-4.4072,0,22.0
0.012808,1.0072,-0.024749,-2.9534999999999996e-21,5747,7.0919,-4.7572,0,22.0
0.002925,1.0337,-0.0094939,-8.9205e-22,5750,7.0919,-5.9596,0,22.0
0.048096,0.87802,-0.1629,4.5055e-22,5801,7.874,-2.97,0,22.0
0.033986,0.9941,-0.10309,1.0112999999999999e-22,5804,7.874,-3.7739,0,22.0
0.00091659,0.84842,-0.31191,-1.2136999999999998e-22,5889,9.1598,-2.5172,0,22.0
0.016321,1.112,-0.087681,3.4251e-21,5895,9.1598,-4.08,0,22.0
-0.06637,1.0725,-0.17838,-1.4851e-21,5949,10.099,-2.5172,0,22.0
-0.017057,1.2141,-0.044882,8.0215e-21,5953,10.099,-3.4878,0,22.0
0.0066799,1.1055,-0.0018718,-6.0005e-22,5958,10.099,-5.1314,0,22.0
-0.06314,1.2435,0.11923,-1.0622e-20,6011,11.109,-2.97,0,22.0
-0.012381,1.1619,0.066932,2.4585e-22,6015,11.109,-4.08,0,22.0
-0.052124,1.1445,0.25338,-3.4182e-20,6070,12.196,-2.736,0,22.0
0.00034781,1.0815,0.091093,0.0,6077,12.196,-4.7572,0,22.0
0.0073742,1.0574,0.052393,-5.8776e-22,6080,12.196,-5.9596,0,22.0
-0.099951,1.1324,-0.22944,6.5644e-20,6745,-0.57975,-2.4134,0,22.0
0.060007,0.96141,-0.27254,-4.6399e-20,6748,-1.5316,-1.7937,0,22.0
0.086292,0.9028,-0.36187,-7.1175e-20,6789,-1.3571,-1.3571,0,22.0
0.065803,0.87852,-0.46489,4.7520000000000004e-20,6819,-1.1532,-1.1532,0,22.0
-0.018625,0.81935,-0.64454,5.7203e-20,6859,-0.91393,-0.91393,0,22.0
-0.16966,0.97014,-0.63426,8.196700000000001e-20,6860,-0.76021,-1.0465,0,22.0
-0.40702,1.039,-0.50144,-1.7515e-20,6873,-0.46551,-1.1238,0,22.0
-0.49909,1.0022,-0.30401,5.0495e-20,6876,-0.19028,-1.201,0,22.0
-0.56306,0.35178,-0.064721,-4.2130000000000005e-20,6897,-0.083909,-1.066,0,22.0
-0.21806,0.0,0.0,0.0,6898,-0.64945,-0.76041,0,22.0
-0.3832,0.0,0.0,0.0,6901,-0.5225,-0.85264,0,22.0
-0.50144,0.0,0.0,0.0,6903,-0.38268,-0.92388,0,22.0
-0.5755,0.0,0.0,0.0,6906,-0.15643,-0.98769,0,22.0
-0.57495,0.0,0.0,0.0,6907,-0.078459,-0.99692,0,22.0
0.1282,0.90631,-0.17729,-1.826e-20,6923,-2.3204,-1.6853,0,22.0
0.20544,0.82303,-0.11462,6.8477e-21,6929,-2.6029,-0.84595,0,22.0
0.31969,0.6605,-0.15668,-7.369499999999999e-21,6991,-1.87,-0.44916,0,22.0
0.24065,0.74311,-0.27259,-2.698e-21,6994,-1.7142,-0.87328,0,22.0
0.16803,0.81825,-0.32787,4.7917e-20,6996,-1.5553,-1.1297,0,22.0
0.40972,0.51822,-0.082695,4.5134e-20,7016,-1.6271,-0.12817,0,22.0
0.34592,0.58629,-0.25942,-5.8446e-20,7019,-1.5541,-0.50503,0,22.0
0.22534,0.68869,-0.43116,6.0039e-20,7031,-1.3165,-0.80663,0,22.0
0.4589,0.37726,-0.19128,-3.898e-20,7044,-1.3568,-0.21499,0,22.0
0.40025,0.39118,-0.37583,-5.4094e-20,7055,-1.2306,-0.39989,0,22.0
0.21303,0.58374,-0.56301,9.1372e-20,7058,-1.1031,-0.67593,0,22.0
0.060144,0.73965,-0.63028,1.0096000000000001e-19,7060,-0.98326,-0.83971,0,22.0
0.50594,0.1506,-0.21095,2.4835000000000002e-20,7071,-1.1273,-0.17859,0,22.0
0.34716,0.17343,-0.32055,-1.4091000000000001e-19,7083,-0.98812,-0.40929,0,22.0
0.53039,0.0,0.0,0.0,7089,-0.98769,-0.15643,0,22.0
0.48532,0.0,0.0,0.0,7090,-0.97237,-0.23345,0,22.0
0.17417,0.0,0.0,0.0,7094,-0.85264,-0.5225,0,22.0
-0.024219,0.0,0.0,0.0,7096,-0.76041,-0.64945,0,22.0
0.16548,0.87391,-0.03729,5.842099999999999e-21,7368,-3.5732,-0.46918,0,22.0
0.15111,0.89001,-0.078791,1.7484e-20,7371,-3.3916,-1.1488,0,22.0
0.065094,0.98254,-0.071901,-3.019e-21,8062,-4.1311,-3.4878,0,22.0
-0.023137,1.0695,-0.11863,1.3627e-20,8451,-1.1464,-3.8396,0,22.0
-0.068993,1.1149,-0.10517,2.1896000000000002e-20,8570,-0.23491,-3.8016,0,22.0
-0.049238,1.0948,-0.076546,-3.970799999999999e-21,8573,-0.23383,-4.5663,0,22.0
-0.47264,0.0,0.0,0.0,82,0.70711,0.70711,0,23.0
-0.46508,0.024882,0.032316,-3.0437e-20,87,0.85936,0.85936,0,23.0
-0.46684,0.2291,-0.0027476,1.5245e-20,92,0.89178,1.0442,0,23.0
-0.44595,0.68907,-0.058539,-1.864e-20,101,1.2866,1.2866,0,23.0
-0.33267,1.189,-0.042707,-3.1790000000000003e-20,112,1.5316,1.7937,0,23.0
-0.23496,1.1829,-0.030782,-1.5575999999999998e-21,120,1.8605,2.1789,0,23.0
-0.481,0.11196,-0.00096951,4.0584999999999997e-22,126,0.71472,0.98382,0,23.0
-0.50909,0.0,0.0,0.0,145,0.5225,0.85264,0,23.0
-0.47802,0.45739,-0.01501,-1.6744e-20,149,0.71792,1.1717,0,23.0
-0.39495,1.1927,0.025869,-1.0161000000000001e-19,155,1.0047,1.6399,0,23.0
-0.50296,0.26312,-0.018894,2.3983e-20,168,0.5522,1.0838,0,23.0
-0.49222,0.73554,0.016944,-2.4560000000000002e-20,191,0.52598,1.2698,0,23.0
-0.56283,0.0,0.0,0.0,208,0.30902,0.95106,0,23.0
-0.53017,0.47052,-0.0035057,4.0973e-20,210,0.37591,1.1568,0,23.0
-0.40363,1.2665,0.1246,1.3404e-20,216,0.5338,1.6426,0,23.0
-0.54375,0.58387,0.020979,7.223e-20,231,0.28397,1.1826,0,23.0
-0.50274,0.98728,0.094703,-4.6705e-20,233,0.32087,1.3362,0,23.0
-0.36438,1.2874,0.15712,-7.4059e-20,238,0.42578,1.7727,0,23.0
-0.5856,0.53831,0.048214,7.272299999999999e-21,272,0.089562,1.1377,0,23.0
-0.53374,1.0078,0.15971,2.0126e-20,274,0.1015,1.289,0,23.0
-0.62637,0.0,0.0,0.0,292,0.0,1.0,0,23.0
-0.34657,0.0,0.0,0.0,313,1.0,0.0,0,23.0
-0.36182,-0.042189,-0.05741,-6.266e-21,319,1.212,0.095424,0,23.0
-0.35252,-0.058015,-0.11488,-1.3863e-20,320,1.2925,0.0,0,23.0
-0.35446,-0.098381,-0.17068,-3.2697e-20,324,1.4555,0.0,0,23.0
-0.36701,-0.10796,-0.14099,-1.2165999999999999e-21,325,1.4519,0.11435,0,23.0
-0.37432,-0.18257,-0.25608,5.2561e-21,333,1.8155,0.14304,0,23.0
-0.36885,-0.18146,-0.35368,9.9882e-21,338,2.1297,0.0,0,23.0
-0.39888,-0.12477,-0.37224,-4.494799999999999e-21,348,2.7283,0.0,0,23.0
-0.3657,0.0,0.0,0.0,355,0.98769,0.15643,0,23.0
-0.38704,-0.20884,-0.32603,-1.4945e-20,367,2.1071,0.33402,0,23.0
-0.38767,-0.046847,0.0016576,1.6113e-20,378,1.1826,0.28397,0,23.0
-0.39071,-0.06498,-0.021269,2.1448e-20,379,1.258,0.30208,0,23.0
-0.39769,-0.099043,-0.072891,5.726e-21,381,1.4172,0.34035,0,23.0
-0.42603,-0.084035,-0.16031,-2.6036000000000002e-20,406,1.7344,0.56364,0,23.0
-0.39952,-0.037935,-0.29305,-8.1732e-21,410,2.137,0.69452,0,23.0
-0.33193,0.014364,-0.36124,-9.3406e-20,413,2.4799,0.80599,0,23.0
-0.30117,0.030522,-0.37024,6.9512e-20,414,2.6029,0.84595,0,23.0
-0.40987,0.0,0.0,0.0,418,0.92388,0.38268,0,23.0
-0.42198,0.086213,-0.22652,-3.2264e-20,430,1.973,0.81724,0,23.0
-0.42978,-0.038025,0.060976,1.2884e-20,441,1.0838,0.5522,0,23.0
-0.44169,-0.012022,0.0065611,2.2797e-20,444,1.2989,0.66178,0,23.0
-0.38336,0.36554,-0.24209,4.5359e-20,453,2.1054,1.0726,0,23.0
-0.4392,0.0,0.0,0.0,460,0.85264,0.5225,0,23.0
-0.45668,0.22698,-0.088305,-5.1507999999999995e-21,469,1.5546,0.95244,0,23.0
-0.45029,-0.017403,0.059784,-5.1039e-21,483,0.98382,0.71472,0,23.0
-0.45393,0.040945,0.036447,4.953e-21,485,1.1114,0.8074,0,23.0
-0.42017,0.63427,-0.14272,-6.8089e-20,493,1.7261,1.2538,0,23.0
-0.37172,-0.13928,-0.28789,1.3528e-20,523,3.187,0.23587,0,23.0
-0.42096,0.14418,0.099325,-4.21e-20,528,3.8141,0.0,0,23.0
-0.36164,0.26242,0.35066,-3.5977e-20,532,4.2681,0.0,0,23.0
-0.30835,0.13579,0.2869,-6.9526e-20,533,4.2628,0.23492,0,23.0
-0.19153,0.42366,0.6063,3.4536e-21,540,5.282,0.0,0,23.0
-0.16335,0.3522,0.61258,-1.8848e-20,543,5.5544,0.23377,0,23.0
-0.16553,0.3573,0.59652,-2.7822e-20,547,6.1409,0.23326,0,23.0
-0.16563,0.37709,0.53587,-1.1032000000000001e-19,548,6.4555,0.0,0,23.0
-0.20692,0.56383,-0.0073189,9.4568e-20,554,7.4555,0.0,0,23.0
-0.14107,0.81925,-0.49314,-1.1169e-20,561,8.5669,0.23111,0,23.0
-0.089544,0.81814,-0.51138,3.461e-21,565,9.382,0.23039,0,23.0
-0.09604,0.71922,-0.48127,4.078e-21,570,10.726,0.0,0,23.0
-0.1158,0.71294,0.15477,-3.8444e-20,626,12.738,0.454,0,23.0
-0.17127,-0.018058,0.13129,2.5244e-20,641,4.1971,0.69968,0,23.0
-0.1423,0.10211,0.35922,1.5410000000000002e-20,643,4.6868,0.69847,0,23.0
-0.19867,0.48787,0.423,-9.321e-22,649,6.3905,0.6943,0,23.0
-0.22749,0.88544,-0.31731,-9.291099999999999e-21,653,7.7527,0.69096,0,23.0
-0.092383,0.64139,-0.28282,1.7302e-20,662,11.654,0.68139,0,23.0
-0.16449,-0.024173,-0.30114,7.2439e-20,675,3.2568,0.92918,0,23.0
-0.12298,-0.053645,-0.16063,2.5801999999999997e-21,677,3.6808,0.9279,0,23.0
-0.087039,0.20174,0.45744,-3.9016e-20,683,5.1561,0.92345,0,23.0
-0.16824,0.25872,-0.28248,-1.3426e-20,712,2.9753,1.1514,0,23.0
-0.037184,0.071835,-0.003671,3.2891000000000003e-20,717,4.0596,1.1477,0,23.0
-0.13604,0.52967,0.40074,1.6941e-20,724,5.9526,1.1414,0,23.0
-0.076866,0.92607,-0.44682,1.5954999999999998e-21,733,9.2192,1.1304,0,23.0
0.0087096,0.24026,0.14067,-4.5258999999999994e-21,757,4.4592,1.3602,0,23.0
-0.039177,0.40829,0.35429,2.0123e-20,760,5.2716,1.3574,0,23.0
-0.22723,1.0649,-0.18554,2.341e-21,766,7.19,1.3508,0,23.0
-0.13245,1.0628,-0.43948,5.9943e-22,769,8.319,1.347,0,23.0
-0.038792,0.79417,-0.34801,-3.9981e-20,774,10.499,1.3395,0,23.0
-0.037801,0.58834,-0.11168,-3.314e-20,791,3.3928,1.5691,0,23.0
0.012667,0.47489,-0.027781,-2.3926e-20,793,3.8541,1.5676,0,23.0
0.00724,0.46692,0.23353,5.6984e-20,797,4.8843,1.5643,0,23.0
-0.14083,0.85099,0.19781,-4.7191e-20,801,6.0767,1.5606,0,23.0
-0.032467,0.68897,-0.262,-4.8622e-22,814,11.41,1.5437,0,23.0
-0.12702,0.90265,-0.12003,5.8762e-20,828,2.8331,1.7658,0,23.0
-0.016127,0.86771,0.00030714,1.1002e-20,871,3.586,1.9485,0,23.0
0.018663,0.80746,0.073752,-6.4309e-21,873,4.0873,1.9478,0,23.0
-0.00016207,0.82371,0.17719,2.8686e-20,876,4.9116,1.9466,0,23.0
-0.059753,0.94667,0.17524,2.4722e-20,878,5.5135,1.9457,0,23.0
-0.12195,1.2732,-0.1222,-5.1639e-20,961,6.7218,2.3126,0,23.0
-0.029601,1.1489,0.1074,-6.316299999999999e-21,996,5.0613,2.5172,0,23.0
-0.064706,1.224,0.053001,1.915e-21,998,5.6893,2.5172,0,23.0
-0.091215,1.2138,-0.22362,-2.9839e-20,1003,7.4758,2.5172,0,23.0
-0.0071062,0.91464,-0.2179,-1.2084e-21,1049,10.099,2.736,0,23.0
0.0062918,0.82627,-0.15991,-5.825199999999999e-21,1051,11.109,2.736,0,23.0
-0.022371,1.0106,-0.22354,4.462e-21,1087,9.1598,2.97,0,23.0
0.017381,0.76478,-0.047675,7.7924e-21,1093,12.196,2.97,0,23.0
-0.036467,1.1643,0.043393,-2.7976e-21,1116,5.0613,3.2202,0,23.0
-0.042928,1.1625,-0.077692,-1.6571e-21,1201,6.7218,3.7739,0,23.0
-0.0079423,1.0205,-0.13691,4.7951999999999996e-21,1247,9.1598,4.08,0,23.0
0.017447,0.91513,-0.077064,5.9933e-22,1251,11.109,4.08,0,23.0
-0.027739,1.1146,-0.056553,7.794399999999999e-22,1321,6.7218,4.7572,0,23.0
0.025638,0.92803,0.0010869,0.0,1333,12.196,4.7572,0,23.0
-0.12041,1.1208,0.12506,3.5159e-20,2145,-4.3934e-16,3.1819,0,23.0
-0.086292,1.0981,0.10002,-1.7285e-20,2175,-4.2301e-16,3.807,0,23.0
-0.067665,1.0861,0.085712,-8.757599999999999e-21,2195,-4.1015e-16,4.2993,0,23.0
0.079744,0.91061,0.26891,4.5516e-20,2456,-1.5845,1.5845,0,23.0
0.056313,0.86423,0.44357,-4.9514e-20,2468,-1.1532,1.1532,0,23.0
-0.067322,0.90337,0.58609,-4.7891e-20,2475,-0.89178,1.0442,0,23.0
-0.14321,0.8255,0.6337,-4.6123e-21,2479,-0.78951,0.92446,0,23.0
-0.21928,0.0,0.0,0.0,2484,-0.64945,0.76041,0,23.0
-0.07707,0.97732,0.49354,7.277e-20,2499,-0.90709,1.2487,0,23.0
-0.20551,1.0408,0.56576,8.327699999999999e-21,2522,-0.71792,1.1717,0,23.0
-0.39335,0.0,0.0,0.0,2527,-0.5225,0.85264,0,23.0
-0.048245,1.0379,0.25683,-1.7366e-20,2533,-1.0726,2.1054,0,23.0
-0.37072,1.0009,0.54175,-1.4929e-20,2545,-0.5522,1.0838,0,23.0
-0.52388,0.0,0.0,0.0,2569,-0.38268,0.92388,0,23.0
-0.37248,1.193,0.46804,7.504899999999999e-21,2585,-0.42475,1.3071,0,23.0
-0.47838,1.0447,0.42852,-6.135e-20,2587,-0.37591,1.1568,0,23.0
-0.6211,0.0,0.0,0.0,2632,-0.15643,0.98769,0,23.0
-0.19828,1.1718,0.21186,-6.331e-20,2639,-0.17623,2.2362,0,23.0
-0.2866,1.23,0.27125,-1.1327e-20,2643,-0.14304,1.8155,0,23.0
-0.47215,1.2291,0.31541,-1.5868e-19,2648,-0.10781,1.369,0,23.0
-0.55858,0.95732,0.22604,2.4588e-20,2650,-0.095424,1.212,0,23.0
-0.5912,0.6982,0.14443,5.5962e-20,2651,-0.089562,1.1377,0,23.0
0.24798,0.77425,-0.0053834,-2.2534999999999997e-22,2660,-2.5997,0.0,0,23.0
0.3122,0.68615,-0.005966,1.0124999999999999e-22,2668,-2.1297,0.0,0,23.0
0.41054,0.51657,0.057017,-4.4319e-20,2679,-1.6271,0.12817,0,23.0
0.48606,0.34932,-0.0069319,-6.9888e-22,2684,-1.3725,0.0,0,23.0
0.52679,0.20261,-0.0063651,3.049e-21,2688,-1.2153,0.0,0,23.0
0.56133,0.049442,-0.0027353,-5.1177e-22,2692,-1.0692,0.0,0,23.0
0.57158,0.0,0.0,0.0,2695,-1.0,0.0,0,23.0
0.46046,0.37339,0.16229,4.0482e-20,2711,-1.3568,0.21499,0,23.0
0.50963,0.14702,0.18528,-2.4095e-20,2714,-1.1273,0.17859,0,23.0
0.53485,0.0,0.0,0.0,2716,-0.98769,0.15643,0,23.0
0.37428,0.55093,0.17878,-8.5528e-20,2729,-1.5885,0.38151,0,23.0
0.20227,0.8182,0.098534,-6.5834999999999995e-21,2740,-2.6029,0.84595,0,23.0
0.29562,0.67729,0.17711,1.7867e-20,2747,-1.8296,0.59459,0,23.0
0.34464,0.5797,0.23461,6.0604e-20,2750,-1.5541,0.50503,0,23.0
0.39094,0.4425,0.31674,-5.6553e-20,2753,-1.3071,0.42475,0,23.0
0.41592,0.22668,0.35533,9.358e-20,2756,-1.0857,0.35279,0,23.0
0.43165,0.0,0.0,0.0,2758,-0.95106,0.30902,0,23.0
0.26573,0.65703,0.33109,-1.7782e-20,2792,-1.456,0.74178,0,23.0
0.27282,0.34675,0.48648,-1.8375e-19,2798,-1.0172,0.51827,0,23.0
0.27433,0.0,0.0,0.0,2800,-0.89101,0.45399,0,23.0
0.19217,0.78718,0.25874,-1.0935e-21,2809,-1.7284,1.0589,0,23.0
0.21824,0.70384,0.37011,1.9904e-20,2813,-1.393,0.85347,0,23.0
0.22077,0.61347,0.49375,6.0367e-20,2816,-1.1717,0.71792,0,23.0
0.096748,0.48952,0.56487,2.4367e-19,2840,-0.92341,0.67086,0,23.0
0.082133,0.0,0.0,0.0,2842,-0.80902,0.58779,0,23.0
0.097868,0.92131,0.16216,2.5734e-20,2844,-2.2843,1.9505,0,23.0
0.11241,0.80854,0.42678,-4.5637e-20,2855,-1.2411,1.0599,0,23.0
0.0797,0.75551,0.56248,-1.4453e-20,2858,-1.0442,0.89178,0,23.0
0.13768,0.90583,-0.0032826,5.3311e-22,2912,-4.3358,0.0,0,23.0
0.16509,0.87225,0.025115,-5.516e-21,2951,-3.5732,0.46918,0,23.0
0.15519,0.88002,0.053337,-1.3596e-20,3011,-3.47,0.92747,0,23.0
0.058327,0.97762,0.073946,2.8067999999999997e-21,3372,-3.8187,3.4878,0,23.0
-0.012734,1.0374,0.10242,1.1352999999999998e-21,4180,-1.5637,4.1771,0,23.0
-0.33519,0.0,0.0,0.0,4394,0.64945,-0.76041,0,23.0
-0.37973,0.0,0.0,0.0,4402,0.45399,-0.89101,0,23.0
-0.42253,0.0,0.0,0.0,4406,0.30902,-0.95106,0,23.0
-0.46994,0.0,0.0,0.0,4410,0.15643,-0.98769,0,23.0
-0.44328,0.73503,-0.1161,-5.9302999999999995e-21,4436,0.095424,-1.212,0,23.0
-0.3393,0.22178,-0.014597,1.4714e-20,4441,0.67593,-1.1031,0,23.0
-0.34392,0.50052,-0.031481,9.140399999999999e-21,4453,0.62391,-1.2246,0,23.0
-0.38972,1.1697,-0.28119,1.3509e-19,4459,-8.2717e-17,-1.3725,0,23.0
-0.33666,1.1014,-0.14711,-3.4362e-20,4477,0.47729,-1.4687,0,23.0
-0.29215,0.31046,-0.043575,-8.7513e-21,4483,1.1532,-1.1532,0,23.0
-0.31089,0.83128,-0.066087,-6.3816999999999995e-21,4485,0.85347,-1.393,0,23.0
-0.2377,1.2545,-0.27884,-2.8849e-20,4514,-1.8199e-16,-1.8196,0,23.0
-0.16415,1.2053,-0.22346,5.5772e-20,4558,-2.7552e-16,-2.2408,0,23.0
-0.27353,1.2368,-0.071361,4.7332e-22,4559,1.5316,-1.7937,0,23.0
-0.26483,1.3198,-0.0012194,-1.3266e-20,4615,2.1213,-2.1213,0,23.0
-0.3361,0.0,0.0,0.0,4627,0.98769,-0.15643,0,23.0
-0.32905,0.0,0.0,0.0,4631,0.95106,-0.30902,0,23.0
-0.32252,0.0,0.0,0.0,4635,0.89101,-0.45399,0,23.0
-0.32137,0.0,0.0,0.0,4641,0.76041,-0.64945,0,23.0
-0.3273,-0.019812,-0.076431,-4.4957999999999994e-21,4646,1.0857,-0.35279,0,23.0
-0.31888,-0.032119,-0.034862,8.287799999999999e-21,4651,0.86777,-0.74111,0,23.0
-0.33661,-0.030509,-0.11667,-1.4230999999999998e-21,4653,1.201,-0.19028,0,23.0
-0.31736,-0.02937,-0.087469,-7.0745e-22,4657,1.0838,-0.5522,0,23.0
-0.32362,-0.02996,-0.15,-2.8662e-22,4664,1.2306,-0.39989,0,23.0
-0.31017,-0.016751,-0.050536,1.4541999999999999e-21,4669,0.98326,-0.83971,0,23.0
-0.30977,-0.020874,-0.13711,1.2019e-20,4675,1.2246,-0.62391,0,23.0
-0.33505,-0.062554,-0.20879,1.0411e-20,4680,1.4391,-0.22804,0,23.0
-0.31932,-0.025419,-0.20471,3.7106e-23,4682,1.3864,-0.45054,0,23.0
-0.29837,0.054487,-0.058477,2.1924e-21,4687,1.1075,-0.94578,0,23.0
-0.34936,-0.12339,-0.29031,-7.8737e-21,4715,1.8155,-0.14304,0,23.0
-0.29802,0.16987,-0.18894,5.142099999999999e-21,4729,1.7142,-0.87328,0,23.0
-0.35561,-0.032311,-0.33461,-6.6695e-21,4743,2.1071,-0.33402,0,23.0
-0.33471,0.14239,-0.2733,-7.015899999999999e-21,4745,2.0308,-0.65999,0,23.0
-0.30827,0.28831,-0.17844,-3.1671e-20,4747,1.9027,-0.96929,0,23.0
-0.29329,0.53918,-0.085731,-1.8852e-20,4749,1.7261,-1.2538,0,23.0
-0.37252,0.30033,-0.2375,4.2115999999999995e-21,4772,2.3614,-0.76747,0,23.0
-0.38941,0.36338,-0.21212,-6.3724e-20,4781,2.4799,-0.80599,0,23.0
-0.44586,0.80566,0.014088,-4.0644e-20,4818,2.9753,-1.1514,0,23.0
-0.49929,0.36659,-0.028009,-2.9582e-20,4825,3.3622,-0.47016,0,23.0
-0.38133,1.1739,0.12086,3.0589e-21,4830,2.9641,-1.5704,0,23.0
-0.30414,1.3212,0.084099,-2.8751e-20,4832,2.6869,-1.9499,0,23.0
-0.49451,0.64677,0.22895,-6.4724e-21,4846,3.7419,-0.70079,0,23.0
-0.41892,1.1069,0.25889,6.823999999999999e-22,4849,3.5057,-1.3635,0,23.0
-0.39871,0.41068,0.40026,3.2491e-20,4864,4.2628,-0.23492,0,23.0
-0.42095,0.72908,0.44784,6.5308e-20,4866,4.1971,-0.69968,0,23.0
-0.39065,1.0133,0.43128,1.6040999999999998e-21,4868,4.0596,-1.1477,0,23.0
-0.33705,1.203,0.35972,6.1422e-20,4870,3.8541,-1.5676,0,23.0
-0.29949,0.62082,0.58245,-9.547000000000001e-20,4885,4.728,-0.4678,0,23.0
-0.26906,1.0569,0.4825,-3.4595e-20,4889,4.4592,-1.3602,0,23.0
-0.23173,1.1914,0.32723,-8.071699999999999e-21,4892,4.0873,-1.9478,0,23.0
-0.22549,0.92763,0.53545,1.6426e-20,4898,4.812,-1.1452,0,23.0
-0.18053,0.79481,0.55858,1.0240000000000001e-20,4907,5.1561,-0.92345,0,23.0
-0.1462,0.66955,0.55832,-1.2677e-20,4916,5.492,-0.6965,0,23.0
-0.12951,0.97778,0.38886,5.3676e-20,4921,5.0459,-1.7602,0,23.0
-0.098454,0.7575,0.45832,2.9199e-22,4928,5.6516,-1.1424,0,23.0
-0.098998,0.56841,0.49249,4.1118e-20,4936,6.08,-0.69506,0,23.0
-0.064925,0.80991,0.36247,-1.594e-20,4940,5.762,-1.5616,0,23.0
-0.070751,0.56878,0.42195,-5.6065e-20,4947,6.3357,-0.91989,0,23.0
-0.041824,0.80345,0.30343,-1.7537000000000002e-20,4951,5.9608,-1.7579,0,23.0
-0.10962,0.48027,-0.03849,-3.8689999999999994e-22,4986,7.7527,-0.69096,0,23.0
-0.10686,0.67016,-0.41297,-1.1056e-20,5005,8.5472,-0.46122,0,23.0
-0.047757,0.56183,-0.24896,-1.5377e-20,5008,8.3977,-1.1332,0,23.0
0.0039425,0.57287,-0.19255,2.6104e-20,5021,8.5295,-1.7514,0,23.0
-0.061504,0.70987,-0.47082,-1.1243e-20,5027,9.2813,-0.91101,0,23.0
-0.08456,0.7855,-0.49194,5.2518000000000003e-20,5059,10.499,-1.3395,0,23.0
-0.16432,0.75461,-0.25509,-6.8726e-21,5075,11.684,-0.45582,0,23.0
-0.12907,0.95423,-0.24986,5.4391e-20,5081,11.32,-1.7443,0,23.0
-0.16247,0.85116,0.2336,-1.6302e-20,5095,12.738,-0.454,0,23.0
-0.06819,1.0188,0.19014,-7.7583e-21,5561,5.0613,-2.97,0,23.0
-0.049926,0.98422,0.18104,-1.1267e-20,5591,5.3695,-2.97,0,23.0
-0.032188,0.95055,0.16553,2.3444999999999998e-21,5621,5.6893,-2.97,0,23.0
-0.026722,0.97641,0.12053,-1.1927999999999999e-21,5623,5.6893,-3.4878,0,23.0
0.026097,0.8465,0.03562,1.5920999999999998e-21,5741,7.0919,-2.97,0,23.0
0.012938,0.96949,0.0080487,-7.8227e-23,5746,7.0919,-4.4072,0,23.0
0.009963,0.98611,0.0060925,-3.3783999999999998e-21,5747,7.0919,-4.7572,0,23.0
0.0033459,1.0203,0.0034685,-7.4206e-22,5750,7.0919,-5.9596,0,23.0
0.042942,0.82751,-0.065654,1.4982999999999998e-21,5801,7.874,-2.97,0,23.0
0.033454,0.93139,-0.051791,1.6755999999999998e-21,5804,7.874,-3.7739,0,23.0
0.030659,0.71504,-0.25052,-2.1098e-21,5889,9.1598,-2.5172,0,23.0
0.031734,1.0297,-0.11247,2.7302999999999998e-21,5895,9.1598,-4.08,0,23.0
-0.0076291,0.85588,-0.33813,-1.0025999999999999e-21,5949,10.099,-2.5172,0,23.0
0.013056,1.099,-0.16573,5.015599999999999e-21,5953,10.099,-3.4878,0,23.0
0.01694,1.0831,-0.040692,2.4705e-22,5958,10.099,-5.1314,0,23.0
-0.047715,1.1701,-0.091731,-4.844699999999999e-21,6011,11.109,-2.97,0,23.0
-0.0021499,1.178,-0.01905,1.7175e-21,6015,11.109,-4.08,0,23.0
-0.0788,1.2206,0.15319,-5.2451e-20,6070,12.196,-2.736,0,23.0
0.0011649,1.1194,0.0569,0.0,6077,12.196,-4.7572,0,23.0
0.0095518,1.0761,0.033553,-4.0908e-22,6080,12.196,-5.9596,0,23.0
-0.077703,1.1209,-0.23479,6.0828e-20,6745,-0.57975,-2.4134,0,23.0
0.0762,0.95222,-0.26997,-4.2796000000000003e-20,6748,-1.5316,-1.7937,0,23.0
0.10404,0.89204,-0.35611,-6.8977e-20,6789,-1.3571,-1.3571,0,23.0
0.086502,0.86582,-0.45676,4.5895e-20,6819,-1.1532,-1.1532,0,23.0
0.0082657,0.8038,-0.63188,5.4118e-20,6859,-0.91393,-0.91393,0,23.0
-0.13747,0.95104,-0.62348,7.8775e-20,6860,-0.76021,-1.0465,0,23.0
-0.36392,1.0133,-0.49255,-1.6877e-20,6873,-0.46551,-1.1238,0,23.0
-0.44943,0.97036,-0.29912,4.7338000000000003e-20,6876,-0.19028,-1.201,0,23.0
-0.5085,0.33581,-0.062767,-3.8812e-20,6897,-0.083909,-1.066,0,23.0
-0.18163,0.0,0.0,0.0,6898,-0.64945,-0.76041,0,23.0
-0.34057,0.0,0.0,0.0,6901,-0.5225,-0.85264,0,23.0
-0.45326,0.0,0.0,0.0,6903,-0.38268,-0.92388,0,23.0
-0.52153,0.0,0.0,0.0,6906,-0.15643,-0.98769,0,23.0
-0.51999,0.0,0.0,0.0,6907,-0.078459,-0.99692,0,23.0
0.13876,0.90093,-0.17399,-1.81e-20,6923,-2.3204,-1.6853,0,23.0
0.21161,0.82009,-0.10914,7.19e-21,6929,-2.6029,-0.84595,0,23.0
0.32596,0.65726,-0.14696,-9.423299999999999e-21,6991,-1.87,-0.44916,0,23.0
0.25185,0.73662,-0.26401,-1.222e-21,6994,-1.7142,-0.87328,0,23.0
0.1825,0.80961,-0.3205,4.678e-20,6996,-1.5553,-1.1297,0,23.0
0.41305,0.51699,-0.070208,4.6871e-20,7016,-1.6271,-0.12817,0,23.0
0.35496,0.58127,-0.24757,-5.9265e-20,7019,-1.5541,-0.50503,0,23.0
0.241,0.6794,-0.41976,5.766e-20,7031,-1.3165,-0.80663,0,23.0
0.46498,0.37443,-0.17597,-3.9321e-20,7044,-1.3568,-0.21499,0,23.0
0.41164,0.38527,-0.35997,-5.3284e-20,7055,-1.2306,-0.39989,0,23.0
0.23203,0.57318,-0.54834,8.455300000000001e-20,7058,-1.1031,-0.67593,0,23.0
0.084378,0.72581,-0.61686,9.5376e-20,7060,-0.98326,-0.83971,0,23.0
0.51326,0.14794,-0.19501,2.2274e-20,7071,-1.1273,-0.17859,0,23.0
0.36397,0.16869,-0.30936,-1.3947000000000002e-19,7083,-0.98812,-0.40929,0,23.0
0.53814,0.0,0.0,0.0,7089,-0.98769,-0.15643,0,23.0
0.49616,0.0,0.0,0.0,7090,-0.97237,-0.23345,0,23.0
0.19762,0.0,0.0,0.0,7094,-0.85264,-0.5225,0,23.0
0.0057195,0.0,0.0,0.0,7096,-0.76041,-0.64945,0,23.0
0.16831,0.87308,-0.033396,6.2063e-21,7368,-3.5732,-0.46918,0,23.0
0.15639,0.88789,-0.075303,1.6848e-20,7371,-3.3916,-1.1488,0,23.0
0.072045,0.98059,-0.071385,-2.9973999999999997e-21,8062,-4.1311,-3.4878,0,23.0
-0.0096273,1.0657,-0.12291,1.3514e-20,8451,-1.1464,-3.8396,0,23.0
-0.053635,1.1117,-0.11298,1.9784e-20,8570,-0.23491,-3.8016,0,23.0
-0.036928,1.0941,-0.082747,-3.5632e-21,8573,-0.23383,-4.5663,0,23.0
-0.49733,0.0,0.0,0.0,82,0.70711,0.70711,0,24.0
-0.48708,0.023625,0.040491,-3.4417e-20,87,0.85936,0.85936,0,24.0
-0.48796,0.24031,0.0040191,1.4494e-20,92,0.89178,1.0442,0,24.0
-0.47799,0.74408,-0.047447,-1.0233e-20,101,1.2866,1.2866,0,24.0
-0.37295,1.2389,-0.061047,-2.8483e-20,112,1.5316,1.7937,0,24.0
-0.27156,1.2109,-0.066682,-2.9068999999999997e-21,120,1.8605,2.1789,0,24.0
-0.50447,0.11544,0.00051363,-9.835e-22,126,0.71472,0.98382,0,24.0
-0.53533,0.0,0.0,0.0,145,0.5225,0.85264,0,24.0
-0.50229,0.4808,-0.014624,-2.0392e-20,149,0.71792,1.1717,0,24.0
-0.42338,1.2342,0.018888,-9.5089e-20,155,1.0047,1.6399,0,24.0
-0.52963,0.27506,-0.019197,2.4034e-20,168,0.5522,1.0838,0,24.0
-0.51969,0.7678,0.015988,-2.4141e-20,191,0.52598,1.2698,0,24.0
-0.59432,0.0,0.0,0.0,208,0.30902,0.95106,0,24.0
-0.56031,0.49069,-0.0040048,4.4405e-20,210,0.37591,1.1568,0,24.0
-0.42886,1.297,0.11825,1.3483000000000001e-20,216,0.5338,1.6426,0,24.0
-0.57545,0.60719,0.020917,7.7295e-20,231,0.28397,1.1826,0,24.0
-0.53231,1.0215,0.094097,-4.8994e-20,233,0.32087,1.3362,0,24.0
-0.38825,1.3124,0.14963,-7.6518e-20,238,0.42578,1.7727,0,24.0
-0.62067,0.55728,0.049262,5.1847e-21,272,0.089562,1.1377,0,24.0
-0.56602,1.0391,0.16127,2.0602e-20,274,0.1015,1.289,0,24.0
-0.6636,0.0,0.0,0.0,292,0.0,1.0,0,24.0
-0.35365,0.0,0.0,0.0,313,1.0,0.0,0,24.0
-0.37739,-0.046263,0.065736,-6.257299999999999e-21,319,1.212,0.095424,0,24.0
-0.36106,-0.064116,0.020169,-2.4716e-20,320,1.2925,0.0,0,24.0
-0.36389,-0.10807,-0.030011,-5.918e-20,324,1.4555,0.0,0,24.0
-0.3855,-0.10706,0.00032497,-1.9718e-21,325,1.4519,0.11435,0,24.0
-0.39827,-0.17574,-0.13046,1.383e-20,333,1.8155,0.14304,0,24.0
-0.36707,-0.21786,-0.27641,1.5368e-20,338,2.1297,0.0,0,24.0
-0.35524,-0.19564,-0.4501,-1.3837e-20,348,2.7283,0.0,0,24.0
-0.38904,0.0,0.0,0.0,355,0.98769,0.15643,0,24.0
-0.43312,-0.15293,-0.23663,-1.7240000000000002e-20,367,2.1071,0.33402,0,24.0
-0.41441,-0.048763,0.10946,1.9371e-20,378,1.1826,0.28397,0,24.0
-0.4182,-0.059911,0.099117,2.6718e-20,379,1.258,0.30208,0,24.0
-0.42904,-0.077045,0.05611,3.8901e-21,381,1.4172,0.34035,0,24.0
-0.47748,-0.0066631,-0.052677,-8.924399999999999e-21,406,1.7344,0.56364,0,24.0
-0.47645,0.097651,-0.23058,-1.1216e-20,410,2.137,0.69452,0,24.0
-0.41814,0.19589,-0.35662,-1.027e-19,413,2.4799,0.80599,0,24.0
-0.386,0.22436,-0.38669,8.2541e-20,414,2.6029,0.84595,0,24.0
-0.44368,0.0,0.0,0.0,418,0.92388,0.38268,0,24.0
-0.49463,0.21251,-0.16306,-1.187e-20,430,1.973,0.81724,0,24.0
-0.45787,-0.037666,0.12008,1.0905e-20,441,1.0838,0.5522,0,24.0
-0.4714,0.017633,0.088585,3.6566e-20,444,1.2989,0.66178,0,24.0
-0.46592,0.51403,-0.22568,3.458e-20,453,2.1054,1.0726,0,24.0
-0.46994,0.0,0.0,0.0,460,0.85264,0.5225,0,24.0
-0.49926,0.29597,-0.032573,1.0883e-20,469,1.5546,0.95244,0,24.0
-0.47421,-0.018268,0.086905,-7.0954e-21,483,0.98382,0.71472,0,24.0
-0.4763,0.051525,0.077319,-1.525e-21,485,1.1114,0.8074,0,24.0
-0.47739,0.73085,-0.1282,-5.4464e-20,493,1.7261,1.2538,0,24.0
-0.33636,-0.17091,-0.48688,-1.1998e-20,523,3.187,0.23587,0,24.0
-0.38637,0.074494,-0.20756,-3.0379e-20,528,3.8141,0.0,0,24.0
-0.37795,0.21979,0.055019,-5.0837e-20,532,4.2681,0.0,0,24.0
-0.31593,0.094454,-0.020786,-6.1272e-20,533,4.2628,0.23492,0,24.0
-0.23472,0.47472,0.53377,1.8491e-20,540,5.282,0.0,0,24.0
-0.1745,0.42865,0.54841,-5.1287e-20,543,5.5544,0.23377,0,24.0
-0.13708,0.4807,0.59412,5.779e-21,547,6.1409,0.23326,0,24.0
-0.13097,0.52194,0.58641,-2.7516e-20,548,6.4555,0.0,0,24.0
-0.16782,0.47211,0.42561,8.785e-20,554,7.4555,0.0,0,24.0
-0.19837,0.74965,-0.25074,-1.3415e-20,561,8.5669,0.23111,0,24.0
-0.12873,0.83897,-0.4856,1.0164000000000001e-20,565,9.382,0.23039,0,24.0
-0.077112,0.79611,-0.48816,4.651199999999999e-22,570,10.726,0.0,0,24.0
-0.11006,0.6733,-0.19896,-3.2434e-20,626,12.738,0.454,0,24.0
-0.16982,-0.028075,-0.1812,4.4285e-20,641,4.1971,0.69968,0,24.0
-0.14927,0.084554,0.099114,1.0104e-20,643,4.6868,0.69847,0,24.0
-0.11885,0.41612,0.58347,-1.2414e-20,649,6.3905,0.6943,0,24.0
-0.23392,0.72183,0.11344,1.8518e-20,653,7.7527,0.69096,0,24.0
-0.066206,0.73501,-0.40542,1.3448e-20,662,11.654,0.68139,0,24.0
-0.20874,0.16776,-0.42676,8.2658e-20,675,3.2568,0.92918,0,24.0
-0.13829,0.063526,-0.38179,-1.5841e-20,677,3.6808,0.9279,0,24.0
-0.073756,0.18277,0.27279,-5.0217e-20,683,5.1561,0.92345,0,24.0
-0.242,0.47913,-0.35883,-1.2452e-20,712,2.9753,1.1514,0,24.0
-0.045675,0.14857,-0.24013,2.782e-20,717,4.0596,1.1477,0,24.0
-0.052859,0.35664,0.4662,4.1673e-20,724,5.9526,1.1414,0,24.0
-0.12558,1.0159,-0.45739,1.2246999999999998e-21,733,9.2192,1.1304,0,24.0
0.018637,0.24095,-0.077989,7.074000000000001e-21,757,4.4592,1.3602,0,24.0
0.012209,0.26741,0.23201,1.1693e-20,760,5.2716,1.3574,0,24.0
-0.17933,0.83346,0.20526,-1.6831e-20,766,7.19,1.3508,0,24.0
-0.19558,1.0915,-0.29916,-1.0406e-20,769,8.319,1.347,0,24.0
-0.048537,0.8924,-0.38564,-2.3675e-20,774,10.499,1.3395,0,24.0
-0.086296,0.72483,-0.21632,-4.1923e-20,791,3.3928,1.5691,0,24.0
-0.0094884,0.58239,-0.15501,-1.7044e-20,793,3.8541,1.5676,0,24.0
0.049562,0.35933,0.080305,5.3215e-20,797,4.8843,1.5643,0,24.0
-0.026348,0.54192,0.36634,-4.2071000000000003e-20,801,6.0767,1.5606,0,24.0
-0.029282,0.80445,-0.31872,1.7186999999999997e-21,814,11.41,1.5437,0,24.0
-0.18745,0.98667,-0.20313,7.5883e-20,828,2.8331,1.7658,0,24.0
-0.043247,0.88966,-0.099788,2.7753e-20,871,3.586,1.9485,0,24.0
0.018578,0.79839,-0.024243,-5.7250000000000005e-21,873,4.0873,1.9478,0,24.0
0.05807,0.68347,0.11598,1.7301e-20,876,4.9116,1.9466,0,24.0
0.034454,0.6964,0.21592,7.736899999999999e-21,878,5.5135,1.9457,0,24.0
-0.078341,1.1835,0.072723,-3.8801e-20,961,6.7218,2.3126,0,24.0
0.02517,1.0163,0.13172,-1.4617e-20,996,5.0613,2.5172,0,24.0
0.0039779,1.0832,0.15433,-5.300199999999999e-21,998,5.6893,2.5172,0,24.0
-0.093827,1.2734,-0.10714,-4.0307e-20,1003,7.4758,2.5172,0,24.0
-0.019636,0.99457,-0.24478,-1.5010999999999998e-21,1049,10.099,2.736,0,24.0
-0.0019544,0.89974,-0.21029,-5.9266e-21,1051,11.109,2.736,0,24.0
-0.035994,1.0932,-0.22163,6.9909e-21,1087,9.1598,2.97,0,24.0
0.012685,0.82476,-0.12818,6.1247999999999994e-21,1093,12.196,2.97,0,24.0
-0.0038864,1.0889,0.071697,3.408e-21,1116,5.0613,3.2202,0,24.0
-0.025976,1.1675,-0.013557,-1.7159999999999998e-22,1201,6.7218,3.7739,0,24.0
-0.013263,1.0703,-0.13305,4.8029e-21,1247,9.1598,4.08,0,24.0
0.010928,0.95394,-0.11532,5.2733e-22,1251,11.109,4.08,0,24.0
-0.018439,1.1186,-0.02243,-2.1076e-23,1321,6.7218,4.7572,0,24.0
0.021595,0.93759,-0.044569,0.0,1333,12.196,4.7572,0,24.0
-0.13306,1.1307,0.11661,3.7217e-20,2145,-4.3934e-16,3.1819,0,24.0
-0.096519,1.1043,0.091666,-1.8329e-20,2175,-4.2301e-16,3.807,0,24.0
-0.076316,1.09,0.077976,-9.2677e-21,2195,-4.1015e-16,4.2993,0,24.0
0.070717,0.92024,0.2747,4.7149e-20,2456,-1.5845,1.5845,0,24.0
0.04271,0.87723,0.45355,-5.0637e-20,2468,-1.1532,1.1532,0,24.0
-0.086886,0.91985,0.59806,-4.7709e-20,2475,-0.89178,1.0442,0,24.0
-0.16714,0.84267,0.64743,-2.5541e-21,2479,-0.78951,0.92446,0,24.0
-0.24765,0.0,0.0,0.0,2484,-0.64945,0.76041,0,24.0
-0.094783,0.99351,0.50238,7.6323e-20,2499,-0.90709,1.2487,0,24.0
-0.2284,1.0602,0.57551,7.1536e-21,2522,-0.71792,1.1717,0,24.0
-0.42595,0.0,0.0,0.0,2527,-0.5225,0.85264,0,24.0
-0.060236,1.0501,0.25829,-1.8141e-20,2533,-1.0726,2.1054,0,24.0
-0.40039,1.0226,0.55229,-1.6623e-20,2545,-0.5522,1.0838,0,24.0
-0.55972,0.0,0.0,0.0,2569,-0.38268,0.92388,0,24.0
-0.39957,1.2167,0.47398,7.038e-21,2585,-0.42475,1.3071,0,24.0
-0.51092,1.0692,0.4366,-6.424400000000001e-20,2587,-0.37591,1.1568,0,24.0
-0.65909,0.0,0.0,0.0,2632,-0.15643,0.98769,0,24.0
-0.21516,1.1883,0.20723,-6.6182e-20,2639,-0.17623,2.2362,0,24.0
-0.30747,1.2503,0.26864,-1.1378000000000001e-20,2643,-0.14304,1.8155,0,24.0
-0.50192,1.2576,0.31776,-1.6564e-19,2648,-0.10781,1.369,0,24.0
-0.59317,0.98468,0.2302,2.6953000000000002e-20,2650,-0.095424,1.212,0,24.0
-0.62757,0.71959,0.14783,5.8797e-20,2651,-0.089562,1.1377,0,24.0
0.24955,0.77425,0.0026412,-9.192699999999999e-23,2660,-2.5997,0.0,0,24.0
0.31379,0.68614,0.004425,-6.6252e-23,2668,-2.1297,0.0,0,24.0
0.41058,0.51789,0.071327,-4.2918000000000003e-20,2679,-1.6271,0.12817,0,24.0
0.48765,0.34931,0.010456,-9.409e-22,2684,-1.3725,0.0,0,24.0
0.52837,0.20261,0.012355,9.697e-21,2688,-1.2153,0.0,0,24.0
0.56289,0.049439,0.0095333,-8.7572e-22,2692,-1.0692,0.0,0,24.0
0.57314,0.0,0.0,0.0,2695,-1.0,0.0,0,24.0
0.45809,0.3764,0.1795,4.0027000000000003e-20,2711,-1.3568,0.21499,0,24.0
0.50597,0.14982,0.20259,-2.6312e-20,2714,-1.1273,0.17859,0,24.0
0.53073,0.0,0.0,0.0,2716,-0.98769,0.15643,0,24.0
0.37119,0.55489,0.19274,-8.7378e-20,2729,-1.5885,0.38151,0,24.0
0.20016,0.82145,0.10547,-6.335799999999999e-21,2740,-2.6029,0.84595,0,24.0
0.29206,0.68189,0.18826,1.5752e-20,2747,-1.8296,0.59459,0,24.0
0.34,0.58498,0.24826,5.9664e-20,2750,-1.5541,0.50503,0,24.0
0.38463,0.44852,0.33342,-5.2843e-20,2753,-1.3071,0.42475,0,24.0
0.40706,0.2323,0.37223,9.6158e-20,2756,-1.0857,0.35279,0,24.0
0.42186,0.0,0.0,0.0,2758,-0.95106,0.30902,0,24.0
0.25803,0.66493,0.34388,-1.5791e-20,2792,-1.456,0.74178,0,24.0
0.25881,0.3552,0.50267,-1.8891000000000002e-19,2798,-1.0172,0.51827,0,24.0
0.25895,0.0,0.0,0.0,2800,-0.89101,0.45399,0,24.0
0.18535,0.79476,0.26782,1.7541e-22,2809,-1.7284,1.0589,0,24.0
0.20903,0.71303,0.38233,1.7975e-20,2813,-1.393,0.85347,0,24.0
0.20862,0.624,0.50898,6.3547e-20,2816,-1.1717,0.71792,0,24.0
0.077673,0.5008,0.58003,2.516e-19,2840,-0.92341,0.67086,0,24.0
0.06132,0.0,0.0,0.0,2842,-0.80902,0.58779,0,24.0
0.092143,0.92759,0.16604,2.6796000000000002e-20,2844,-2.2843,1.9505,0,24.0
0.10025,0.82029,0.4376,-4.85e-20,2855,-1.2411,1.0599,0,24.0
0.063761,0.76903,0.57628,-1.3534e-20,2858,-1.0442,0.89178,0,24.0
0.13916,0.90583,0.00057212,9.462999999999999e-22,2912,-4.3358,0.0,0,24.0
0.1654,0.87324,0.030137,-5.2563e-21,2951,-3.5732,0.46918,0,24.0
0.1543,0.882,0.058139,-1.4205000000000002e-20,3011,-3.47,0.92747,0,24.0
0.05504,0.98054,0.074947,2.8411999999999996e-21,3372,-3.8187,3.4878,0,24.0
-0.0194,1.042,0.099849,1.365e-21,4180,-1.5637,4.1771,0,24.0
-0.30894,0.0,0.0,0.0,4394,0.64945,-0.76041,0,24.0
-0.34963,0.0,0.0,0.0,4402,0.45399,-0.89101,0,24.0
-0.3889,0.0,0.0,0.0,4406,0.30902,-0.95106,0,24.0
-0.43292,0.0,0.0,0.0,4410,0.15643,-0.98769,0,24.0
-0.40682,0.70807,-0.11413,-6.838499999999999e-21,4436,0.095424,-1.212,0,24.0
-0.3122,0.20771,-0.013016,1.0838e-20,4441,0.67593,-1.1031,0,24.0
-0.31522,0.47213,-0.031216,9.9991e-21,4453,0.62391,-1.2246,0,24.0
-0.35643,1.1385,-0.27955,1.2785e-19,4459,-8.2717e-17,-1.3725,0,24.0
-0.30663,1.0632,-0.14977,-3.2774e-20,4477,0.47729,-1.4687,0,24.0
-0.26577,0.2764,-0.028713,-1.2568e-20,4483,1.1532,-1.1532,0,24.0
-0.2822,0.7861,-0.066536,-7.994e-21,4485,0.85347,-1.393,0,24.0
-0.21275,1.2331,-0.28336,-2.7328e-20,4514,-1.8199e-16,-1.8196,0,24.0
-0.14324,1.1883,-0.23008,5.2437e-20,4558,-2.7552e-16,-2.2408,0,24.0
-0.23184,1.1826,-0.091042,2.7420999999999998e-21,4559,1.5316,-1.7937,0,24.0
-0.22675,1.2922,-0.048727,-1.0647e-20,4615,2.1213,-2.1213,0,24.0
-0.3271,0.0,0.0,0.0,4627,0.98769,-0.15643,0,24.0
-0.30937,0.0,0.0,0.0,4631,0.95106,-0.30902,0,24.0
-0.29803,0.0,0.0,0.0,4635,0.89101,-0.45399,0,24.0
-0.29581,0.0,0.0,0.0,4641,0.76041,-0.64945,0,24.0
-0.31038,-0.0137,-0.013016,-2.0826000000000002e-20,4646,1.0857,-0.35279,0,24.0
-0.29474,-0.027794,-0.023298,6.7847e-21,4651,0.86777,-0.74111,0,24.0
-0.33026,-0.033009,-0.0071088,-4.8708e-21,4653,1.201,-0.19028,0,24.0
-0.29631,-0.026894,-0.035965,9.0035e-23,4657,1.0838,-0.5522,0,24.0
-0.30755,-0.037497,-0.055584,-7.578599999999999e-22,4664,1.2306,-0.39989,0,24.0
-0.28759,-0.017705,-0.029452,3.1049999999999995e-22,4669,0.98326,-0.83971,0,24.0
-0.28908,-0.033833,-0.069089,1.3161e-20,4675,1.2246,-0.62391,0,24.0
-0.32737,-0.086617,-0.081278,2.7397e-20,4680,1.4391,-0.22804,0,24.0
-0.30136,-0.052678,-0.10205,-2.305e-21,4682,1.3864,-0.45054,0,24.0
-0.27581,0.040973,-0.03261,4.2353999999999995e-21,4687,1.1075,-0.94578,0,24.0
-0.34178,-0.16769,-0.17677,9.803599999999999e-21,4715,1.8155,-0.14304,0,24.0
-0.25521,0.095454,-0.13996,1.7287e-20,4729,1.7142,-0.87328,0,24.0
-0.31327,-0.12464,-0.27806,-1.2210000000000001e-20,4743,2.1071,-0.33402,0,24.0
-0.27598,0.039312,-0.23368,1.0194e-20,4745,2.0308,-0.65999,0,24.0
-0.24977,0.1946,-0.15149,-2.9595999999999996e-21,4747,1.9027,-0.96929,0,24.0
-0.24035,0.44991,-0.075111,-3.0576999999999997e-22,4749,1.7261,-1.2538,0,24.0
-0.28488,0.17424,-0.25835,-5.3035e-22,4772,2.3614,-0.76747,0,24.0
-0.29364,0.2333,-0.25586,-4.0346e-20,4781,2.4799,-0.80599,0,24.0
-0.35014,0.66438,-0.11598,-2.6535e-20,4818,2.9753,-1.1514,0,24.0
-0.41093,0.25335,-0.24819,-6.768600000000001e-20,4825,3.3622,-0.47016,0,24.0
-0.31751,1.0595,0.0052909,1.1025e-20,4830,2.9641,-1.5704,0,24.0
-0.26103,1.2813,0.0084247,-2.1803e-20,4832,2.6869,-1.9499,0,24.0
-0.45121,0.55941,-0.018973,-6.2805999999999995e-21,4846,3.7419,-0.70079,0,24.0
-0.38444,1.0076,0.088533,1.0436e-20,4849,3.5057,-1.3635,0,24.0
-0.4227,0.36991,0.12051,-6.546599999999999e-21,4864,4.2628,-0.23492,0,24.0
-0.44936,0.68717,0.20743,2.6475e-20,4866,4.1971,-0.69968,0,24.0
-0.41599,0.97731,0.24581,2.7388e-21,4868,4.0596,-1.1477,0,24.0
-0.35225,1.2076,0.23493,6.5273e-20,4870,3.8541,-1.5676,0,24.0
-0.37524,0.64028,0.42308,-6.7968e-20,4885,4.728,-0.4678,0,24.0
-0.33175,1.1297,0.40217,-2.9535e-20,4889,4.4592,-1.3602,0,24.0
-0.25933,1.2735,0.26896,-9.900799999999999e-21,4892,4.0873,-1.9478,0,24.0
-0.30386,1.024,0.49188,1.4922e-20,4898,4.812,-1.1452,0,24.0
-0.25773,0.90596,0.55738,9.8173e-21,4907,5.1561,-0.92345,0,24.0
-0.20661,0.78879,0.59034,-8.623799999999999e-21,4916,5.492,-0.6965,0,24.0
-0.18142,1.0987,0.40493,4.6511e-20,4921,5.0459,-1.7602,0,24.0
-0.15113,0.89114,0.51773,7.843999999999999e-22,4928,5.6516,-1.1424,0,24.0
-0.12586,0.72071,0.54613,4.1818000000000003e-20,4936,6.08,-0.69506,0,24.0
-0.10993,0.93092,0.42464,-2.0128e-20,4940,5.762,-1.5616,0,24.0
-0.093311,0.72879,0.48067,-4.2167000000000003e-20,4947,6.3357,-0.91989,0,24.0
-0.081118,0.91234,0.37177,-2.2196e-20,4951,5.9608,-1.7579,0,24.0
-0.1001,0.46,0.31885,3.3098999999999996e-21,4986,7.7527,-0.69096,0,24.0
-0.13582,0.5727,-0.10971,-2.7675e-20,5005,8.5472,-0.46122,0,24.0
-0.055912,0.49011,0.058189,-2.0091e-20,5008,8.3977,-1.1332,0,24.0
0.0014145,0.54143,0.030412,3.0959e-20,5021,8.5295,-1.7514,0,24.0
-0.068424,0.64342,-0.33039,-1.7419e-20,5027,9.2813,-0.91101,0,24.0
-0.047405,0.76405,-0.46574,5.1284e-20,5059,10.499,-1.3395,0,24.0
-0.10673,0.75436,-0.47495,-2.9818e-21,5075,11.684,-0.45582,0,24.0
-0.065581,0.84544,-0.44851,4.4578000000000003e-20,5081,11.32,-1.7443,0,24.0
-0.16095,0.78536,-0.16616,-1.9815999999999998e-21,5095,12.738,-0.454,0,24.0
-0.090103,1.0821,0.2053,-6.2173e-21,5561,5.0613,-2.97,0,24.0
-0.073059,1.0465,0.20766,-1.553e-20,5591,5.3695,-2.97,0,24.0
-0.055819,1.0101,0.20379,4.8525e-22,5621,5.6893,-2.97,0,24.0
-0.044163,1.0194,0.15323,1.108e-21,5623,5.6893,-3.4878,0,24.0
0.0054617,0.87434,0.12291,-2.1619e-22,5741,7.0919,-2.97,0,24.0
0.0044725,0.96983,0.050759,-4.9024e-22,5746,7.0919,-4.4072,0,24.0
0.0035253,0.98419,0.041252,-3.3031999999999995e-21,5747,7.0919,-4.7572,0,24.0
0.0014374,1.0159,0.021064,-3.9509999999999994e-22,5750,7.0919,-5.9596,0,24.0
0.02763,0.82678,0.039565,1.7794999999999998e-21,5801,7.874,-2.97,0,24.0
0.024349,0.90996,0.016745,2.7390999999999996e-21,5804,7.874,-3.7739,0,24.0
0.034582,0.67206,-0.11303,-3.2447999999999996e-21,5889,9.1598,-2.5172,0,24.0
0.036368,0.95587,-0.082507,4.1336e-22,5895,9.1598,-4.08,0,24.0
0.0207,0.74126,-0.28039,-4.1229e-22,5949,10.099,-2.5172,0,24.0
0.036206,0.95105,-0.18764,6.487299999999999e-22,5953,10.099,-3.4878,0,24.0
0.025219,1.0413,-0.058968,9.1396e-22,5958,10.099,-5.1314,0,24.0
-0.0031584,0.96455,-0.2665,4.4137e-21,6011,11.109,-2.97,0,24.0
0.016636,1.125,-0.10885,2.3103e-21,6015,11.109,-4.08,0,24.0
-0.067617,1.1303,-0.10276,-4.2262e-20,6070,12.196,-2.736,0,24.0
0.0073541,1.1361,-0.00023102,0.0,6077,12.196,-4.7572,0,24.0
0.013815,1.0832,0.0056597,7.9678e-23,6080,12.196,-5.9596,0,24.0
-0.060865,1.1076,-0.23763,5.751e-20,6745,-0.57975,-2.4134,0,24.0
0.08883,0.94226,-0.2656,-4.0076e-20,6748,-1.5316,-1.7937,0,24.0
0.11819,0.88078,-0.34851,-6.7538e-20,6789,-1.3571,-1.3571,0,24.0
0.10336,0.85275,-0.44681,4.4747e-20,6819,-1.1532,-1.1532,0,24.0
0.031117,0.78811,-0.61784,5.1158e-20,6859,-0.91393,-0.91393,0,24.0
-0.11079,0.93218,-0.61143,7.603000000000001e-20,6860,-0.76021,-1.0465,0,24.0
-0.32967,0.98977,-0.48309,-1.6789e-20,6873,-0.46551,-1.1238,0,24.0
-0.41228,0.94325,-0.29345,4.4876e-20,6876,-0.19028,-1.201,0,24.0
-0.46863,0.3244,-0.061013,-3.7935e-20,6897,-0.083909,-1.066,0,24.0
-0.15029,0.0,0.0,0.0,6898,-0.64945,-0.76041,0,24.0
-0.30505,0.0,0.0,0.0,6901,-0.5225,-0.85264,0,24.0
-0.41464,0.0,0.0,0.0,6903,-0.38268,-0.92388,0,24.0
-0.48104,0.0,0.0,0.0,6906,-0.15643,-0.98769,0,24.0
-0.47976,0.0,0.0,0.0,6907,-0.078459,-0.99692,0,24.0
0.1472,0.89491,-0.16922,-1.801e-20,6923,-2.3204,-1.6853,0,24.0
0.21683,0.81684,-0.10222,7.4491e-21,6929,-2.6029,-0.84595,0,24.0
0.33144,0.65378,-0.13553,-1.1089e-20,6991,-1.87,-0.44916,0,24.0
0.26113,0.72973,-0.25371,3.0332e-23,6994,-1.7142,-0.87328,0,24.0
0.19426,0.8005,-0.31137,4.6114e-20,6996,-1.5553,-1.1297,0,24.0
0.41621,0.51566,-0.055898,4.8315e-20,7016,-1.6271,-0.12817,0,24.0
0.36281,0.57596,-0.23392,-6.0197e-20,7019,-1.5541,-0.50503,0,24.0
0.25425,0.66972,-0.4066,5.582400000000001e-20,7031,-1.3165,-0.80663,0,24.0
0.47053,0.3714,-0.15876,-3.9755e-20,7044,-1.3568,-0.21499,0,24.0
0.42189,0.37904,-0.3423,-5.2883e-20,7055,-1.2306,-0.39989,0,24.0
0.24868,0.56224,-0.53208,7.7747e-20,7058,-1.1031,-0.67593,0,24.0
0.1052,0.71171,-0.60198,8.9981e-20,7060,-0.98326,-0.83971,0,24.0
0.52005,0.14513,-0.17769,1.9991e-20,7071,-1.1273,-0.17859,0,24.0
0.37937,0.16386,-0.29767,-1.3876000000000001e-19,7083,-0.98812,-0.40929,0,24.0
0.54537,0.0,0.0,0.0,7089,-0.98769,-0.15643,0,24.0
0.50622,0.0,0.0,0.0,7090,-0.97237,-0.23345,0,24.0
0.21881,0.0,0.0,0.0,7094,-0.85264,-0.5225,0,24.0
0.032188,0.0,0.0,0.0,7096,-0.76041,-0.64945,0,24.0
0.17103,0.87209,-0.028377,6.4791e-21,7368,-3.5732,-0.46918,0,24.0
0.16091,0.88542,-0.070675,1.6395e-20,7371,-3.3916,-1.1488,0,24.0
0.077782,0.97802,-0.070308,-2.9784999999999997e-21,8062,-4.1311,-3.4878,0,24.0
0.0011306,1.06,-0.12637,1.3336e-20,8451,-1.1464,-3.8396,0,24.0
-0.041173,1.1056,-0.12007,1.8171e-20,8570,-0.23491,-3.8016,0,24.0
-0.026674,1.0909,-0.089076,-3.2397999999999997e-21,8573,-0.23383,-4.5663,0,24.0
-0.49418,0.0,0.0,0.0,82,0.70711,0.70711,0,25.0
-0.48242,0.016446,0.044428,-3.9263e-20,87,0.85936,0.85936,0,25.0
-0.48188,0.23468,0.011303,1.6975e-20,92,0.89178,1.0442,0,25.0
-0.47743,0.76394,-0.026183,-2.4403e-21,101,1.2866,1.2866,0,25.0
-0.39268,1.2799,-0.059131,-2.2127000000000002e-20,112,1.5316,1.7937,0,25.0
-0.29821,1.2469,-0.082831,-4.2862e-21,120,1.8605,2.1789,0,25.0
-0.50129,0.10956,0.0040101,-2.7804999999999996e-21,126,0.71472,0.98382,0,25.0
-0.53402,0.0,0.0,0.0,145,0.5225,0.85264,0,25.0
-0.49991,0.48454,-0.009655,-2.3992000000000002e-20,149,0.71792,1.1717,0,25.0
-0.42835,1.2607,0.024407,-8.3607e-20,155,1.0047,1.6399,0,25.0
-0.52932,0.27368,-0.015836,2.3255e-20,168,0.5522,1.0838,0,25.0
-0.52114,0.7796,0.02,-2.1994e-20,191,0.52598,1.2698,0,25.0
-0.59799,0.0,0.0,0.0,208,0.30902,0.95106,0,25.0
-0.56348,0.49486,-0.0013791,4.7923000000000003e-20,210,0.37591,1.1568,0,25.0
-0.43313,1.3171,0.12086,1.3043e-20,216,0.5338,1.6426,0,25.0
-0.58047,0.614,0.023374,8.1595e-20,231,0.28397,1.1826,0,25.0
-0.53718,1.0377,0.097729,-4.9877e-20,233,0.32087,1.3362,0,25.0
-0.39348,1.3306,0.15099,-7.5754e-20,238,0.42578,1.7727,0,25.0
-0.62959,0.56312,0.050898,-1.9217999999999998e-21,272,0.089562,1.1377,0,25.0
-0.57418,1.0542,0.16487,1.9022000000000002e-20,274,0.1015,1.289,0,25.0
-0.6749,0.0,0.0,0.0,292,0.0,1.0,0,25.0
-0.3702,0.0,0.0,0.0,313,1.0,0.0,0,25.0
-0.39469,-0.039459,0.17143,-5.2317e-21,319,1.212,0.095424,0,25.0
-0.37724,-0.05593,0.14796,-2.6689e-20,320,1.2925,0.0,0,25.0
-0.38237,-0.096794,0.11744,-6.457000000000001e-20,324,1.4555,0.0,0,25.0
-0.40549,-0.086539,0.14355,7.0193e-21,325,1.4519,0.11435,0,25.0
-0.43049,-0.13511,0.031754,3.2085e-20,333,1.8155,0.14304,0,25.0
-0.40062,-0.20438,-0.11701,1.5948e-20,338,2.1297,0.0,0,25.0
-0.36988,-0.20615,-0.38687,-1.8199e-20,348,2.7283,0.0,0,25.0
-0.40965,0.0,0.0,0.0,355,0.98769,0.15643,0,25.0
-0.48425,-0.063623,-0.086872,-1.7779e-20,367,2.1071,0.33402,0,25.0
-0.42964,-0.042077,0.19233,1.6158e-20,378,1.1826,0.28397,0,25.0
-0.43295,-0.045854,0.19973,2.2238e-20,379,1.258,0.30208,0,25.0
-0.44505,-0.045951,0.17781,-1.8872e-21,381,1.4172,0.34035,0,25.0
-0.5009,0.063548,0.069812,2.1566e-20,406,1.7344,0.56364,0,25.0
-0.53225,0.21382,-0.11994,-6.3814999999999995e-21,410,2.137,0.69452,0,25.0
-0.50148,0.35907,-0.2912,-8.509e-20,413,2.4799,0.80599,0,25.0
-0.47479,0.40571,-0.34252,6.7024e-20,414,2.6029,0.84595,0,25.0
-0.45666,0.0,0.0,0.0,418,0.92388,0.38268,0,25.0
-0.53401,0.30292,-0.065084,1.1509000000000001e-20,430,1.973,0.81724,0,25.0
-0.4613,-0.035706,0.15508,8.260399999999999e-21,441,1.0838,0.5522,0,25.0
-0.47079,0.03542,0.15752,3.5259e-20,444,1.2989,0.66178,0,25.0
-0.51992,0.61411,-0.16848,1.6495e-20,453,2.1054,1.0726,0,25.0
-0.474,0.0,0.0,0.0,460,0.85264,0.5225,0,25.0
-0.50242,0.3259,0.03191,2.4306e-20,469,1.5546,0.95244,0,25.0
-0.47138,-0.021844,0.09919,-8.708e-21,483,0.98382,0.71472,0,25.0
-0.46962,0.048491,0.10536,-1.7913999999999998e-21,485,1.1114,0.8074,0,25.0
-0.4992,0.78195,-0.089758,-3.0404e-20,493,1.7261,1.2538,0,25.0
-0.34834,-0.11239,-0.53292,-3.7730000000000003e-20,523,3.187,0.23587,0,25.0
-0.31513,-0.03958,-0.48642,-5.7107999999999996e-21,528,3.8141,0.0,0,25.0
-0.32949,0.11019,-0.29373,-5.4224e-20,532,4.2681,0.0,0,25.0
-0.27764,0.017665,-0.37299,-4.4552000000000003e-20,533,4.2628,0.23492,0,25.0
-0.2848,0.43961,0.30811,3.2179e-20,540,5.282,0.0,0,25.0
-0.21147,0.40694,0.37601,-7.337100000000001e-20,543,5.5544,0.23377,0,25.0
-0.14985,0.5264,0.54161,3.0952e-20,547,6.1409,0.23326,0,25.0
-0.13779,0.6179,0.58362,3.0264e-20,548,6.4555,0.0,0,25.0
-0.11857,0.57118,0.55388,3.8803e-20,554,7.4555,0.0,0,25.0
-0.19922,0.61633,0.21034,-5.7028e-21,561,8.5669,0.23111,0,25.0
-0.18761,0.77244,-0.25315,4.899e-21,565,9.382,0.23039,0,25.0
-0.090424,0.82949,-0.49501,-3.1164999999999998e-21,570,10.726,0.0,0,25.0
-0.080469,0.72539,-0.39599,-1.7737e-20,626,12.738,0.454,0,25.0
-0.16089,0.044646,-0.45648,3.4305e-20,641,4.1971,0.69968,0,25.0
-0.14267,0.064907,-0.24081,-8.678799999999999e-21,643,4.6868,0.69847,0,25.0
-0.093392,0.46281,0.50756,-1.5706e-20,649,6.3905,0.6943,0,25.0
-0.15541,0.57257,0.50927,2.2858e-20,653,7.7527,0.69096,0,25.0
-0.061512,0.83161,-0.42828,8.1375e-21,662,11.654,0.68139,0,25.0
-0.28749,0.42426,-0.46519,8.9008e-20,675,3.2568,0.92918,0,25.0
-0.1844,0.32044,-0.47147,-3.9451e-20,677,3.6808,0.9279,0,25.0
-0.073408,0.15736,-0.014354,-5.8168e-20,683,5.1561,0.92345,0,25.0
-0.33636,0.68792,-0.39946,-8.1604e-22,712,2.9753,1.1514,0,25.0
-0.078849,0.37985,-0.36908,1.7149e-20,717,4.0596,1.1477,0,25.0
-0.028992,0.32916,0.30725,5.9952e-20,724,5.9526,1.1414,0,25.0
-0.19653,1.0221,-0.30069,4.8771e-21,733,9.2192,1.1304,0,25.0
-0.0028584,0.40573,-0.23869,1.6719e-20,757,4.4592,1.3602,0,25.0
0.021714,0.25785,-0.0055879,-1.7045e-21,760,5.2716,1.3574,0,25.0
-0.077912,0.58361,0.47634,-3.2773999999999998e-21,766,7.19,1.3508,0,25.0
-0.19969,0.93155,0.083199,-3.2313e-20,769,8.319,1.347,0,25.0
-0.07907,0.98796,-0.42557,-1.7963e-20,774,10.499,1.3395,0,25.0
-0.15919,0.8676,-0.30685,-4.6695e-20,791,3.3928,1.5691,0,25.0
-0.066906,0.73989,-0.25743,-8.0882e-21,793,3.8541,1.5676,0,25.0
0.044199,0.4301,-0.096356,3.0073e-20,797,4.8843,1.5643,0,25.0
0.025088,0.39928,0.27258,-4.4649e-20,801,6.0767,1.5606,0,25.0
-0.039737,0.89945,-0.35499,1.9374e-21,814,11.41,1.5437,0,25.0
-0.25451,1.0789,-0.26212,8.6793e-20,828,2.8331,1.7658,0,25.0
-0.096051,0.94201,-0.19776,4.0624e-20,871,3.586,1.9485,0,25.0
-0.021377,0.84307,-0.13504,-4.178499999999999e-21,873,4.0873,1.9478,0,25.0
0.056389,0.68886,0.00048234,2.5654e-21,876,4.9116,1.9466,0,25.0
0.069209,0.59412,0.10848,3.833e-21,878,5.5135,1.9457,0,25.0
0.0016398,0.94487,0.22755,-9.792599999999999e-21,961,6.7218,2.3126,0,25.0
0.040094,0.9188,0.073265,-1.3355e-20,996,5.0613,2.5172,0,25.0
0.048798,0.93672,0.15435,-6.6538999999999995e-21,998,5.6893,2.5172,0,25.0
-0.05817,1.1934,0.085957,-3.0651e-20,1003,7.4758,2.5172,0,25.0
-0.037797,1.0856,-0.25107,-1.8336e-21,1049,10.099,2.736,0,25.0
-0.014662,0.97785,-0.24112,-7.925199999999999e-21,1051,11.109,2.736,0,25.0
-0.050794,1.1834,-0.18533,1.025e-20,1087,9.1598,2.97,0,25.0
0.0044925,0.89225,-0.1809,5.5687999999999996e-21,1093,12.196,2.97,0,25.0
0.0098139,1.0119,0.051048,9.444899999999999e-21,1116,5.0613,3.2202,0,25.0
-0.0016561,1.1326,0.049799,8.7619e-22,1201,6.7218,3.7739,0,25.0
-0.016353,1.1187,-0.1069,4.060099999999999e-21,1247,9.1598,4.08,0,25.0
0.003257,1.002,-0.13572,4.9062e-22,1251,11.109,4.08,0,25.0
-0.0064082,1.1031,0.011606,-3.2581e-22,1321,6.7218,4.7572,0,25.0
0.016017,0.9632,-0.078395,0.0,1333,12.196,4.7572,0,25.0
-0.13811,1.1412,0.11269,3.816e-20,2145,-4.3934e-16,3.1819,0,25.0
-0.10113,1.1121,0.086558,-1.8969e-20,2175,-4.2301e-16,3.807,0,25.0
-0.080494,1.096,0.07256,-9.640099999999999e-21,2195,-4.1015e-16,4.2993,0,25.0
0.067473,0.92769,0.28075,4.7708e-20,2456,-1.5845,1.5845,0,25.0
0.036505,0.88682,0.46259,-5.0951e-20,2468,-1.1532,1.1532,0,25.0
-0.096749,0.93166,0.60824,-4.685e-20,2475,-0.89178,1.0442,0,25.0
-0.18014,0.85456,0.65809,-4.1167999999999997e-22,2479,-0.78951,0.92446,0,25.0
-0.26373,0.0,0.0,0.0,2484,-0.64945,0.76041,0,25.0
-0.1027,1.0052,0.51066,7.846400000000001e-20,2499,-0.90709,1.2487,0,25.0
-0.23911,1.0737,0.58416,5.7087999999999994e-21,2522,-0.71792,1.1717,0,25.0
-0.44302,0.0,0.0,0.0,2527,-0.5225,0.85264,0,25.0
-0.064156,1.0598,0.26161,-1.8378e-20,2533,-1.0726,2.1054,0,25.0
-0.41462,1.0365,0.56041,-1.8463000000000002e-20,2545,-0.5522,1.0838,0,25.0
-0.57666,0.0,0.0,0.0,2569,-0.38268,0.92388,0,25.0
-0.41049,1.2323,0.48033,5.907799999999999e-21,2585,-0.42475,1.3071,0,25.0
-0.52487,1.0837,0.44295,-6.5627e-20,2587,-0.37591,1.1568,0,25.0
-0.67348,0.0,0.0,0.0,2632,-0.15643,0.98769,0,25.0
-0.22033,1.2017,0.20765,-6.6433e-20,2639,-0.17623,2.2362,0,25.0
-0.3136,1.2652,0.2709,-1.1018e-20,2643,-0.14304,1.8155,0,25.0
-0.51147,1.2747,0.32227,-1.6715e-19,2648,-0.10781,1.369,0,25.0
-0.60471,0.99823,0.23413,3.1155e-20,2650,-0.095424,1.212,0,25.0
-0.6398,0.7286,0.15039,6.1774e-20,2651,-0.089562,1.1377,0,25.0
0.25033,0.7742,0.0099494,-5.6602e-23,2660,-2.5997,0.0,0,25.0
0.31455,0.68609,0.013616,-1.5703e-22,2668,-2.1297,0.0,0,25.0
0.41046,0.51886,0.08354,-4.2018000000000004e-20,2679,-1.6271,0.12817,0,25.0
0.48824,0.34928,0.025008,-1.1395999999999999e-21,2684,-1.3725,0.0,0,25.0
0.52888,0.20259,0.027721,1.3888e-20,2688,-1.2153,0.0,0,25.0
0.56332,0.049431,0.019211,-1.1727e-21,2692,-1.0692,0.0,0,25.0
0.57356,0.0,0.0,0.0,2695,-1.0,0.0,0,25.0
0.45641,0.3787,0.19388,3.9481e-20,2711,-1.3568,0.21499,0,25.0
0.50313,0.15197,0.2165,-2.7602e-20,2714,-1.1273,0.17859,0,25.0
0.52746,0.0,0.0,0.0,2716,-0.98769,0.15643,0,25.0
0.36951,0.55791,0.20467,-8.8037e-20,2729,-1.5885,0.38151,0,25.0
0.19957,0.82402,0.11196,-6.2356e-21,2740,-2.6029,0.84595,0,25.0
0.2905,0.68539,0.19806,1.4506e-20,2747,-1.8296,0.59459,0,25.0
0.33757,0.58899,0.25995,5.8736e-20,2750,-1.5541,0.50503,0,25.0
0.38078,0.45312,0.34734,-4.9797e-20,2753,-1.3071,0.42475,0,25.0
0.40103,0.23657,0.38567,9.7477e-20,2756,-1.0857,0.35279,0,25.0
0.41505,0.0,0.0,0.0,2758,-0.95106,0.30902,0,25.0
0.25418,0.6709,0.35491,-1.438e-20,2792,-1.456,0.74178,0,25.0
0.24981,0.36148,0.51532,-1.9153000000000002e-19,2798,-1.0172,0.51827,0,25.0
0.24884,0.0,0.0,0.0,2800,-0.89101,0.45399,0,25.0
0.18259,0.80057,0.27613,8.9307e-22,2809,-1.7284,1.0589,0,25.0
0.20452,0.71994,0.39294,1.6419000000000002e-20,2813,-1.393,0.85347,0,25.0
0.20178,0.6319,0.52167,6.5495e-20,2816,-1.1717,0.71792,0,25.0
0.06604,0.50892,0.59158,2.561e-19,2840,-0.92341,0.67086,0,25.0
0.04834,0.0,0.0,0.0,2842,-0.80902,0.58779,0,25.0
0.090321,0.93276,0.17035,2.7146e-20,2844,-2.2843,1.9505,0,25.0
0.094556,0.82902,0.44722,-5.0270000000000005e-20,2855,-1.2411,1.0599,0,25.0
0.05523,0.77898,0.58783,-1.2681e-20,2858,-1.0442,0.89178,0,25.0
0.1399,0.9058,0.0042718,1.0952e-21,2912,-4.3358,0.0,0,25.0
0.16573,0.87404,0.034925,-5.1617e-21,2951,-3.5732,0.46918,0,25.0
0.1542,0.88363,0.062783,-1.4415e-20,3011,-3.47,0.92747,0,25.0
0.053959,0.9833,0.076356,2.8654999999999997e-21,3372,-3.8187,3.4878,0,25.0
-0.021935,1.0469,0.098732,1.3851999999999998e-21,4180,-1.5637,4.1771,0,25.0
-0.30967,0.0,0.0,0.0,4394,0.64945,-0.76041,0,25.0
-0.34771,0.0,0.0,0.0,4402,0.45399,-0.89101,0,25.0
-0.3838,0.0,0.0,0.0,4406,0.30902,-0.95106,0,25.0
-0.42417,0.0,0.0,0.0,4410,0.15643,-0.98769,0,25.0
-0.397,0.69681,-0.11116,-1.3081e-20,4436,0.095424,-1.212,0,25.0
-0.31254,0.20923,-0.007024,7.1032e-21,4441,0.67593,-1.1031,0,25.0
-0.31386,0.46445,-0.025549,1.1707e-20,4453,0.62391,-1.2246,0,25.0
-0.34625,1.1202,-0.27516,1.2682e-19,4459,-8.2717e-17,-1.3725,0,25.0
-0.30111,1.0416,-0.14528,-3.1767e-20,4477,0.47729,-1.4687,0,25.0
-0.26768,0.2672,-0.0033952,-1.5708e-20,4483,1.1532,-1.1532,0,25.0
-0.27982,0.76488,-0.057714,-1.2055000000000001e-20,4485,0.85347,-1.393,0,25.0
-0.20483,1.2168,-0.28193,-2.7175e-20,4514,-1.8199e-16,-1.8196,0,25.0
-0.13582,1.1736,-0.23084,5.2299000000000004e-20,4558,-2.7552e-16,-2.2408,0,25.0
-0.20732,1.1335,-0.089783,9.077399999999999e-21,4559,1.5316,-1.7937,0,25.0
-0.18875,1.2455,-0.07834,-7.0321e-21,4615,2.1213,-2.1213,0,25.0
-0.33505,0.0,0.0,0.0,4627,0.98769,-0.15643,0,25.0
-0.3099,0.0,0.0,0.0,4631,0.95106,-0.30902,0,25.0
-0.2957,0.0,0.0,0.0,4635,0.89101,-0.45399,0,25.0
-0.29565,0.0,0.0,0.0,4641,0.76041,-0.64945,0,25.0
-0.31334,-0.0060064,0.050028,-3.2775e-20,4646,1.0857,-0.35279,0,25.0
-0.2959,-0.022175,-0.011691,7.566399999999999e-21,4651,0.86777,-0.74111,0,25.0
-0.33989,-0.027981,0.098852,-6.490199999999999e-21,4653,1.201,-0.19028,0,25.0
-0.29758,-0.023732,0.018217,-4.986899999999999e-22,4657,1.0838,-0.5522,0,25.0
-0.31204,-0.04014,0.044286,-1.0404999999999998e-21,4664,1.2306,-0.39989,0,25.0
-0.29069,-0.012607,-0.0056567,-6.2869e-23,4669,0.98326,-0.83971,0,25.0
-0.29179,-0.044104,0.0083683,1.1009000000000001e-20,4675,1.2246,-0.62391,0,25.0
-0.33884,-0.094381,0.06045,2.9224e-20,4680,1.4391,-0.22804,0,25.0
-0.30644,-0.072114,0.017219,-1.0030000000000001e-21,4682,1.3864,-0.45054,0,25.0
-0.28002,0.040114,0.00018541,6.0653e-21,4687,1.1075,-0.94578,0,25.0
-0.36149,-0.17963,-0.013825,1.0701e-20,4715,1.8155,-0.14304,0,25.0
-0.2441,0.025498,-0.04874,2.8103e-20,4729,1.7142,-0.87328,0,25.0
-0.31451,-0.19348,-0.13667,-8.7574e-21,4743,2.1071,-0.33402,0,25.0
-0.25519,-0.063876,-0.12301,2.5735000000000002e-20,4745,2.0308,-0.65999,0,25.0
-0.22351,0.10315,-0.072753,2.9080000000000005e-20,4747,1.9027,-0.96929,0,25.0
-0.21629,0.38687,-0.031292,2.5529e-20,4749,1.7261,-1.2538,0,25.0
-0.23066,0.027895,-0.19509,-3.6006999999999996e-21,4772,2.3614,-0.76747,0,25.0
-0.22613,0.074289,-0.21539,5.0759e-21,4781,2.4799,-0.80599,0,25.0
-0.24083,0.48785,-0.18766,-1.0317e-20,4818,2.9753,-1.1514,0,25.0
-0.30347,0.061731,-0.40782,-3.6672e-20,4825,3.3622,-0.47016,0,25.0
-0.22978,0.90274,-0.075676,1.0221e-20,4830,2.9641,-1.5704,0,25.0
-0.20303,1.2012,-0.050288,-1.2631e-20,4832,2.6869,-1.9499,0,25.0
-0.34602,0.38722,-0.24572,-4.8960999999999995e-21,4846,3.7419,-0.70079,0,25.0
-0.29607,0.83875,-0.066912,1.4817e-20,4849,3.5057,-1.3635,0,25.0
-0.36805,0.24502,-0.21084,-4.0119e-20,4864,4.2628,-0.23492,0,25.0
-0.3938,0.55643,-0.07268,-1.711e-20,4866,4.1971,-0.69968,0,25.0
-0.36534,0.84045,0.017631,-2.7484e-22,4868,4.0596,-1.1477,0,25.0
-0.31185,1.104,0.070302,4.9262e-20,4870,3.8541,-1.5676,0,25.0
-0.39338,0.56358,0.12839,-2.6735e-21,4885,4.728,-0.4678,0,25.0
-0.34787,1.0894,0.2227,-1.2248e-20,4889,4.4592,-1.3602,0,25.0
-0.25725,1.298,0.16478,-8.443599999999999e-21,4892,4.0873,-1.9478,0,25.0
-0.35338,1.0191,0.32232,3.1340999999999997e-21,4898,4.812,-1.1452,0,25.0
-0.33116,0.93587,0.4249,8.458299999999999e-21,4907,5.1561,-0.92345,0,25.0
-0.28505,0.84333,0.51087,-9.519699999999999e-21,4916,5.492,-0.6965,0,25.0
-0.22852,1.2061,0.36401,2.4619e-20,4921,5.0459,-1.7602,0,25.0
-0.21908,1.0059,0.51677,1.0482e-20,4928,5.6516,-1.1424,0,25.0
-0.17886,0.82799,0.57579,4.9943e-20,4936,6.08,-0.69506,0,25.0
-0.1619,1.0571,0.44654,-1.6153e-20,4940,5.762,-1.5616,0,25.0
-0.13459,0.85314,0.53617,-4.4135e-20,4947,6.3357,-0.91989,0,25.0
-0.12416,1.0307,0.40438,-2.6547000000000002e-20,4951,5.9608,-1.7579,0,25.0
-0.081048,0.60647,0.44333,7.5911e-21,4986,7.7527,-0.69096,0,25.0
-0.12775,0.51257,0.2917,-4.6291e-20,5005,8.5472,-0.46122,0,25.0
-0.053651,0.55057,0.29767,-1.7717e-20,5008,8.3977,-1.1332,0,25.0
-0.0088961,0.62555,0.18991,3.1279e-20,5021,8.5295,-1.7514,0,25.0
-0.08517,0.55148,-0.025054,-2.3431e-20,5027,9.2813,-0.91101,0,25.0
-0.038066,0.71107,-0.36483,5.9202e-20,5059,10.499,-1.3395,0,25.0
-0.076835,0.79671,-0.49191,1.3984e-21,5075,11.684,-0.45582,0,25.0
-0.031193,0.79314,-0.42818,3.6188e-20,5081,11.32,-1.7443,0,25.0
-0.11223,0.7713,-0.43121,6.8005e-21,5095,12.738,-0.454,0,25.0
-0.10714,1.1465,0.19358,-4.268799999999999e-21,5561,5.0613,-2.97,0,25.0
-0.092756,1.1137,0.20744,-1.9206e-20,5591,5.3695,-2.97,0,25.0
-0.077146,1.078,0.21549,-1.6065e-21,5621,5.6893,-2.97,0,25.0
-0.059908,1.0706,0.16487,3.2695999999999997e-21,5623,5.6893,-3.4878,0,25.0
-0.015489,0.92822,0.18338,-1.765e-21,5741,7.0919,-2.97,0,25.0
-0.0062402,0.98879,0.08591,-8.0369e-22,5746,7.0919,-4.4072,0,25.0
-0.0053089,0.99841,0.071373,-2.9650999999999996e-21,5747,7.0919,-4.7572,0,25.0
-0.00293,1.0207,0.038136,2.5815e-23,5750,7.0919,-5.9596,0,25.0
0.0091769,0.86139,0.12691,1.955e-21,5801,7.874,-2.97,0,25.0
0.011124,0.92274,0.079013,3.2208999999999996e-21,5804,7.874,-3.7739,0,25.0
0.026665,0.70033,0.017337,-3.3365999999999998e-21,5889,9.1598,-2.5172,0,25.0
0.0314,0.91768,-0.02295,-1.7565e-21,5895,9.1598,-4.08,0,25.0
0.025971,0.68111,-0.13908,-8.3415e-23,5949,10.099,-2.5172,0,25.0
0.040883,0.86859,-0.1228,-8.035699999999999e-22,5953,10.099,-3.4878,0,25.0
0.027668,0.99824,-0.049334,1.0481e-21,5958,10.099,-5.1314,0,25.0
0.023743,0.8215,-0.25833,2.2797e-21,6011,11.109,-2.97,0,25.0
0.031653,1.0215,-0.14543,1.0316999999999998e-21,6015,11.109,-4.08,0,25.0
-0.023749,0.95934,-0.3083,-2.6540000000000004e-20,6070,12.196,-2.736,0,25.0
0.017384,1.1126,-0.063266,0.0,6077,12.196,-4.7572,0,25.0
0.018235,1.0729,-0.023406,6.1762e-22,6080,12.196,-5.9596,0,25.0
-0.054688,1.0962,-0.23707,5.6683e-20,6745,-0.57975,-2.4134,0,25.0
0.093743,0.93427,-0.26059,-3.9007e-20,6748,-1.5316,-1.7937,0,25.0
0.12415,0.87211,-0.34111,-6.7263e-20,6789,-1.3571,-1.3571,0,25.0
0.11104,0.84291,-0.43774,4.4399e-20,6819,-1.1532,-1.1532,0,25.0
0.042978,0.77664,-0.60629,4.9132e-20,6859,-0.91393,-0.91393,0,25.0
-0.097648,0.91884,-0.60138,7.4678e-20,6860,-0.76021,-1.0465,0,25.0
-0.31426,0.97503,-0.47566,-1.7226e-20,6873,-0.46551,-1.1238,0,25.0
-0.39846,0.92856,-0.2886,4.3744e-20,6876,-0.19028,-1.201,0,25.0
-0.45484,0.32068,-0.059948,-3.9637e-20,6897,-0.083909,-1.066,0,25.0
-0.13326,0.0,0.0,0.0,6898,-0.64945,-0.76041,0,25.0
-0.28703,0.0,0.0,0.0,6901,-0.5225,-0.85264,0,25.0
-0.39673,0.0,0.0,0.0,6903,-0.38268,-0.92388,0,25.0
-0.46562,0.0,0.0,0.0,6906,-0.15643,-0.98769,0,25.0
-0.46576,0.0,0.0,0.0,6907,-0.078459,-0.99692,0,25.0
0.15054,0.88991,-0.16429,-1.8011e-20,6923,-2.3204,-1.6853,0,25.0
0.219,0.81415,-0.095748,7.551699999999999e-21,6929,-2.6029,-0.84595,0,25.0
0.33394,0.65104,-0.12551,-1.1904e-20,6991,-1.87,-0.44916,0,25.0
0.26527,0.72436,-0.24449,7.0967e-22,6994,-1.7142,-0.87328,0,25.0
0.19937,0.79345,-0.30296,4.6111e-20,6996,-1.5553,-1.1297,0,25.0
0.41769,0.51459,-0.043677,4.9068e-20,7016,-1.6271,-0.12817,0,25.0
0.36662,0.57183,-0.2222,-6.0996e-20,7019,-1.5541,-0.50503,0,25.0
0.26078,0.66232,-0.39526,5.5046e-20,7031,-1.3165,-0.80663,0,25.0
0.47338,0.36903,-0.14434,-4.0173e-20,7044,-1.3568,-0.21499,0,25.0
0.42751,0.3742,-0.32767,-5.3026e-20,7055,-1.2306,-0.39989,0,25.0
0.25775,0.55394,-0.51868,7.2799e-20,7058,-1.1031,-0.67593,0,25.0
0.11623,0.70125,-0.58975,8.6248e-20,7060,-0.98326,-0.83971,0,25.0
0.52381,0.14295,-0.16374,1.8622e-20,7071,-1.1273,-0.17859,0,25.0
0.38849,0.16025,-0.2887,-1.3901000000000002e-19,7083,-0.98812,-0.40929,0,25.0
0.54946,0.0,0.0,0.0,7089,-0.98769,-0.15643,0,25.0
0.51211,0.0,0.0,0.0,7090,-0.97237,-0.23345,0,25.0
0.23129,0.0,0.0,0.0,7094,-0.85264,-0.5225,0,25.0
0.047294,0.0,0.0,0.0,7096,-0.76041,-0.64945,0,25.0
0.17223,0.87122,-0.0236,6.583399999999999e-21,7368,-3.5732,-0.46918,0,25.0
0.16277,0.8833,-0.066167,1.6246e-20,7371,-3.3916,-1.1488,0,25.0
0.080113,0.97552,-0.068964,-2.9658999999999996e-21,8062,-4.1311,-3.4878,0,25.0
0.0056292,1.054,-0.12807,1.3116e-20,8451,-1.1464,-3.8396,0,25.0
-0.035492,1.0982,-0.12453,1.7471e-20,8570,-0.23491,-3.8016,0,25.0
-0.021766,1.0861,-0.093871,-3.0801999999999997e-21,8573,-0.23383,-4.5663,0,25.0
-0.4669,0.0,0.0,0.0,82,0.70711,0.70711,0,26.0
-0.45507,0.0055153,0.045456,-4.2487e-20,87,0.85936,0.85936,0,26.0
-0.45296,0.2141,0.01875,2.1068e-20,92,0.89178,1.0442,0,26.0
-0.44758,0.74453,0.00079756,2.5571999999999997e-21,101,1.2866,1.2866,0,26.0
-0.38915,1.3033,-0.037432,-1.4413e-20,112,1.5316,1.7937,0,26.0
-0.30997,1.2822,-0.076037,-5.337199999999999e-21,120,1.8605,2.1789,0,26.0
-0.47457,0.095817,0.0092092,-4.636199999999999e-21,126,0.71472,0.98382,0,26.0
-0.50766,0.0,0.0,0.0,145,0.5225,0.85264,0,26.0
-0.47364,0.46724,-0.00093167,-2.6180000000000002e-20,149,0.71792,1.1717,0,26.0
-0.41089,1.2666,0.0412,-7.0143e-20,155,1.0047,1.6399,0,26.0
-0.50403,0.25913,-0.0095984,2.2001e-20,168,0.5522,1.0838,0,26.0
-0.49801,0.76757,0.028115,-1.8733e-20,191,0.52598,1.2698,0,26.0
-0.57459,0.0,0.0,0.0,208,0.30902,0.95106,0,26.0
-0.54052,0.4817,0.003709,5.0430000000000003e-20,210,0.37591,1.1568,0,26.0
-0.41719,1.3218,0.13181,1.2192e-20,216,0.5338,1.6426,0,26.0
-0.55908,0.60236,0.027724,8.3781e-20,231,0.28397,1.1826,0,26.0
-0.51768,1.0314,0.10476,-4.8996e-20,233,0.32087,1.3362,0,26.0
-0.38045,1.3373,0.16074,-7.2037e-20,238,0.42578,1.7727,0,26.0
-0.61137,0.55419,0.052687,-1.1917e-20,272,0.089562,1.1377,0,26.0
-0.55753,1.0493,0.16963,1.5836e-20,274,0.1015,1.289,0,26.0
-0.65858,0.0,0.0,0.0,292,0.0,1.0,0,26.0
-0.38083,0.0,0.0,0.0,313,1.0,0.0,0,26.0
-0.39975,-0.028821,0.23261,-3.0786999999999996e-21,319,1.212,0.095424,0,26.0
-0.38606,-0.042254,0.23303,-2.1288e-20,320,1.2925,0.0,0,26.0
-0.39235,-0.07706,0.22949,-5.0841000000000003e-20,324,1.4555,0.0,0,26.0
-0.41029,-0.061846,0.24989,1.5424e-20,325,1.4519,0.11435,0,26.0
-0.44348,-0.089388,0.18103,4.4736e-20,333,1.8155,0.14304,0,26.0
-0.43384,-0.16092,0.067417,1.1864e-20,338,2.1297,0.0,0,26.0
-0.42671,-0.14652,-0.21698,-1.6818e-20,348,2.7283,0.0,0,26.0
-0.4136,0.0,0.0,0.0,355,0.98769,0.15643,0,26.0
-0.50561,0.012589,0.075394,-1.4553e-20,367,2.1071,0.33402,0,26.0
-0.4244,-0.032901,0.23304,9.645899999999998e-21,378,1.1826,0.28397,0,26.0
-0.42627,-0.031627,0.25805,1.3241e-20,379,1.258,0.30208,0,26.0
-0.4362,-0.020605,0.26392,-5.7522999999999996e-21,381,1.4172,0.34035,0,26.0
-0.48611,0.10603,0.17861,4.3660000000000004e-20,406,1.7344,0.56364,0,26.0
-0.54283,0.2798,0.012479,1.9322999999999997e-21,410,2.137,0.69452,0,26.0
-0.55286,0.4545,-0.17232,-3.3231000000000003e-20,413,2.4799,0.80599,0,26.0
-0.5411,0.51648,-0.23967,5.8259e-20,414,2.6029,0.84595,0,26.0
-0.44446,0.0,0.0,0.0,418,0.92388,0.38268,0,26.0
-0.52597,0.34072,0.045135,3.0021e-20,430,1.973,0.81724,0,26.0
-0.4409,-0.033842,0.16351,5.682e-21,441,1.0838,0.5522,0,26.0
-0.4431,0.038291,0.2006,2.1414e-20,444,1.2989,0.66178,0,26.0
-0.52817,0.64485,-0.078482,-3.254e-21,453,2.1054,1.0726,0,26.0
-0.45255,0.0,0.0,0.0,460,0.85264,0.5225,0,26.0
-0.46867,0.31541,0.09139,3.003e-20,469,1.5546,0.95244,0,26.0
-0.44556,-0.027037,0.098528,-9.1302e-21,483,0.98382,0.71472,0,26.0
-0.43954,0.034941,0.11768,3.2613999999999995e-21,485,1.1114,0.8074,0,26.0
-0.4815,0.77675,-0.035096,-3.0053e-21,493,1.7261,1.2538,0,26.0
-0.41645,0.032841,-0.44071,-5.5401e-20,523,3.187,0.23587,0,26.0
-0.28789,-0.050984,-0.59384,2.0489e-20,528,3.8141,0.0,0,26.0
-0.2625,0.013897,-0.57399,-3.5855e-20,532,4.2681,0.0,0,26.0
-0.2401,0.036682,-0.60407,-4.1954e-20,533,4.2628,0.23492,0,26.0
-0.28491,0.33281,-0.065521,4.0913e-20,540,5.282,0.0,0,26.0
-0.22983,0.32297,0.03611,-6.5489e-20,543,5.5544,0.23377,0,26.0
-0.18778,0.48638,0.35828,3.0067e-20,547,6.1409,0.23326,0,26.0
-0.17943,0.63021,0.50813,8.6223e-20,548,6.4555,0.0,0,26.0
-0.1065,0.68035,0.55621,3.2217999999999997e-21,554,7.4555,0.0,0,26.0
-0.13669,0.59789,0.51607,2.2590999999999997e-21,561,8.5669,0.23111,0,26.0
-0.19061,0.65434,0.20141,-1.1274e-20,565,9.382,0.23039,0,26.0
-0.1336,0.79925,-0.39788,-8.868699999999999e-21,570,10.726,0.0,0,26.0
-0.066578,0.81154,-0.43361,-7.747399999999999e-21,626,12.738,0.454,0,26.0
-0.18301,0.29118,-0.547,-1.3626e-20,641,4.1971,0.69968,0,26.0
-0.13194,0.17858,-0.49088,2.1428e-21,643,4.6868,0.69847,0,26.0
-0.099097,0.42838,0.34654,-2.4622e-20,649,6.3905,0.6943,0,26.0
-0.096123,0.60529,0.55848,1.0120000000000001e-20,653,7.7527,0.69096,0,26.0
-0.081904,0.89997,-0.46394,6.5507e-21,662,11.654,0.68139,0,26.0
-0.38505,0.62452,-0.4692,8.6297e-20,675,3.2568,0.92918,0,26.0
-0.26488,0.57012,-0.51159,-5.1525e-20,677,3.6808,0.9279,0,26.0
-0.069488,0.20417,-0.31748,-4.8410000000000005e-20,683,5.1561,0.92345,0,26.0
-0.42885,0.8394,-0.3915,1.7846e-20,712,2.9753,1.1514,0,26.0
-0.14407,0.62896,-0.439,7.243e-21,717,4.0596,1.1477,0,26.0
-0.02684,0.2936,0.04801,7.1642e-20,724,5.9526,1.1414,0,26.0
-0.20405,0.87032,0.1244,1.0466e-20,733,9.2192,1.1304,0,26.0
-0.054606,0.62818,-0.32658,2.4672e-20,757,4.4592,1.3602,0,26.0
0.0081005,0.37497,-0.20731,-2.2394e-20,760,5.2716,1.3574,0,26.0
-0.028014,0.52174,0.4327,2.683e-21,766,7.19,1.3508,0,26.0
-0.11359,0.70804,0.45167,-3.7452e-20,769,8.319,1.347,0,26.0
-0.13939,1.0627,-0.39777,-1.8864e-20,774,10.499,1.3395,0,26.0
-0.23863,0.99666,-0.36902,-5.0123e-20,791,3.3928,1.5691,0,26.0
-0.14123,0.87621,-0.3491,-1.1156e-20,793,3.8541,1.5676,0,26.0
0.00558,0.60383,-0.20662,-8.770299999999999e-21,797,4.8843,1.5643,0,26.0
0.032306,0.37757,0.059566,-3.8654e-20,801,6.0767,1.5606,0,26.0
-0.067218,0.9933,-0.39617,2.4783999999999996e-21,814,11.41,1.5437,0,26.0
-0.31373,1.1696,-0.28369,9.0513e-20,828,2.8331,1.7658,0,26.0
-0.1563,1.0153,-0.27153,5.0068e-20,871,3.586,1.9485,0,26.0
-0.079014,0.90721,-0.2362,-1.4678999999999998e-21,873,4.0873,1.9478,0,26.0
0.01598,0.75702,-0.11596,-9.273599999999999e-21,876,4.9116,1.9466,0,26.0
0.054318,0.64152,-0.020779,-8.5573e-21,878,5.5135,1.9457,0,26.0
0.054667,0.74635,0.21069,-5.3047e-21,961,6.7218,2.3126,0,26.0
0.019875,0.87861,-0.027976,-6.927299999999999e-21,996,5.0613,2.5172,0,26.0
0.050664,0.85722,0.071035,-3.0282e-21,998,5.6893,2.5172,0,26.0
0.0083343,0.95905,0.23694,-3.8335e-21,1003,7.4758,2.5172,0,26.0
-0.062031,1.1903,-0.22169,-1.8588e-21,1049,10.099,2.736,0,26.0
-0.033278,1.0673,-0.2547,-1.3326000000000001e-20,1051,11.109,2.736,0,26.0
-0.058176,1.2547,-0.087849,1.0171e-20,1087,9.1598,2.97,0,26.0
-0.0071275,0.96357,-0.21437,6.582799999999999e-21,1093,12.196,2.97,0,26.0
0.0025472,0.96451,-0.0054258,1.2237e-20,1116,5.0613,3.2202,0,26.0
0.018311,1.0637,0.081806,6.2796e-22,1201,6.7218,3.7739,0,26.0
-0.01432,1.1549,-0.054391,1.9580999999999998e-21,1247,9.1598,4.08,0,26.0
-0.0051389,1.0561,-0.13776,4.9877e-22,1251,11.109,4.08,0,26.0
0.0034215,1.0702,0.032593,1.124e-22,1321,6.7218,4.7572,0,26.0
0.0092784,0.9986,-0.098311,0.0,1333,12.196,4.7572,0,26.0
-0.13551,1.1494,0.1142,3.7801e-20,2145,-4.3934e-16,3.1819,0,26.0
-0.10003,1.1194,0.08596,-1.9068e-20,2175,-4.2301e-16,3.807,0,26.0
-0.080118,1.1021,0.070863,-9.7766e-21,2195,-4.1015e-16,4.2993,0,26.0
0.069594,0.93101,0.28536,4.7067000000000003e-20,2456,-1.5845,1.5845,0,26.0
0.038115,0.89046,0.46822,-5.0393e-20,2468,-1.1532,1.1532,0,26.0
-0.095456,0.93569,0.6139,-4.5597e-20,2475,-0.89178,1.0442,0,26.0
-0.17982,0.85801,0.66283,1.1653999999999998e-21,2479,-0.78951,0.92446,0,26.0
-0.26426,0.0,0.0,0.0,2484,-0.64945,0.76041,0,26.0
-0.099974,1.0092,0.51614,7.8599e-20,2499,-0.90709,1.2487,0,26.0
-0.23601,1.0777,0.5894,4.4332999999999996e-21,2522,-0.71792,1.1717,0,26.0
-0.44104,0.0,0.0,0.0,2527,-0.5225,0.85264,0,26.0
-0.060306,1.0644,0.26582,-1.8030000000000002e-20,2533,-1.0726,2.1054,0,26.0
-0.41077,1.0388,0.56396,-1.9916e-20,2545,-0.5522,1.0838,0,26.0
-0.57124,0.0,0.0,0.0,2569,-0.38268,0.92388,0,26.0
-0.40363,1.2356,0.48539,4.4715999999999994e-21,2585,-0.42475,1.3071,0,26.0
-0.51772,1.0843,0.4459,-6.5085e-20,2587,-0.37591,1.1568,0,26.0
-0.66165,0.0,0.0,0.0,2632,-0.15643,0.98769,0,26.0
-0.21389,1.2085,0.21287,-6.4075e-20,2639,-0.17623,2.2362,0,26.0
-0.30485,1.2707,0.27733,-1.0394e-20,2643,-0.14304,1.8155,0,26.0
-0.49966,1.2759,0.3278,-1.6278e-19,2648,-0.10781,1.369,0,26.0
-0.59142,0.99439,0.2368,3.5929e-20,2650,-0.095424,1.212,0,26.0
-0.62591,0.7228,0.15142,6.4003e-20,2651,-0.089562,1.1377,0,26.0
0.24891,0.77415,0.014542,-1.2859999999999998e-22,2660,-2.5997,0.0,0,26.0
0.31307,0.68604,0.019091,-1.4701e-22,2668,-2.1297,0.0,0,26.0
0.40906,0.51926,0.090316,-4.1930000000000004e-20,2679,-1.6271,0.12817,0,26.0
0.48657,0.34925,0.032737,-1.2432999999999999e-21,2684,-1.3725,0.0,0,26.0
0.52713,0.20257,0.035524,1.4518e-20,2688,-1.2153,0.0,0,26.0
0.56152,0.049424,0.023647,-1.3239e-21,2692,-1.0692,0.0,0,26.0
0.57175,0.0,0.0,0.0,2695,-1.0,0.0,0,26.0
0.45479,0.37968,0.20151,3.9040000000000003e-20,2711,-1.3568,0.21499,0,26.0
0.50086,0.1529,0.22322,-2.7635e-20,2714,-1.1273,0.17859,0,26.0
0.52497,0.0,0.0,0.0,2716,-0.98769,0.15643,0,26.0
0.36851,0.55918,0.21131,-8.738300000000001e-20,2729,-1.5885,0.38151,0,26.0
0.19942,0.82526,0.11624,-6.3057999999999996e-21,2740,-2.6029,0.84595,0,26.0
0.29012,0.68689,0.20384,1.4474e-20,2747,-1.8296,0.59459,0,26.0
0.33681,0.59068,0.2665,5.8115e-20,2750,-1.5541,0.50503,0,26.0
0.3793,0.45507,0.3547,-4.8342000000000004e-20,2753,-1.3071,0.42475,0,26.0
0.39845,0.23833,0.39198,9.7219e-20,2756,-1.0857,0.35279,0,26.0
0.41206,0.0,0.0,0.0,2758,-0.95106,0.30902,0,26.0
0.254,0.67335,0.36118,-1.3958e-20,2792,-1.456,0.74178,0,26.0
0.24722,0.3639,0.521,-1.9095e-19,2798,-1.0172,0.51827,0,26.0
0.24574,0.0,0.0,0.0,2800,-0.89101,0.45399,0,26.0
0.18336,0.80305,0.28141,8.6767e-22,2809,-1.7284,1.0589,0,26.0
0.2047,0.72275,0.39906,1.5692e-20,2813,-1.393,0.85347,0,26.0
0.20095,0.63506,0.52838,6.567600000000001e-20,2816,-1.1717,0.71792,0,26.0
0.063939,0.51169,0.59642,2.5595e-19,2840,-0.92341,0.67086,0,26.0
0.045687,0.0,0.0,0.0,2842,-0.80902,0.58779,0,26.0
0.091651,0.93545,0.17389,2.6707e-20,2844,-2.2843,1.9505,0,26.0
0.095623,0.83242,0.453,-5.0456000000000004e-20,2855,-1.2411,1.0599,0,26.0
0.055235,0.7827,0.594,-1.2150000000000002e-20,2858,-1.0442,0.89178,0,26.0
0.13857,0.90577,0.0068051,9.4051e-22,2912,-4.3358,0.0,0,26.0
0.16482,0.87445,0.038166,-5.2506e-21,2951,-3.5732,0.46918,0,26.0
0.15374,0.88449,0.065993,-1.4168e-20,3011,-3.47,0.92747,0,26.0
0.054284,0.98518,0.077768,2.867e-21,3372,-3.8187,3.4878,0,26.0
-0.020767,1.0508,0.09933,1.2131999999999999e-21,4180,-1.5637,4.1771,0,26.0
-0.33854,0.0,0.0,0.0,4394,0.64945,-0.76041,0,26.0
-0.37571,0.0,0.0,0.0,4402,0.45399,-0.89101,0,26.0
-0.40973,0.0,0.0,0.0,4406,0.30902,-0.95106,0,26.0
-0.44712,0.0,0.0,0.0,4410,0.15643,-0.98769,0,26.0
-0.41758,0.70442,-0.10808,-2.2821e-20,4436,0.095424,-1.212,0,26.0
-0.34147,0.22568,0.0008426,4.504e-21,4441,0.67593,-1.1031,0,26.0
-0.34146,0.47945,-0.016637,1.3594e-20,4453,0.62391,-1.2246,0,26.0
-0.36315,1.1202,-0.26936,1.3213000000000002e-19,4459,-8.2717e-17,-1.3725,0,26.0
-0.323,1.0434,-0.1352,-3.1426e-20,4477,0.47729,-1.4687,0,26.0
-0.29967,0.28777,0.022847,-1.6897e-20,4483,1.1532,-1.1532,0,26.0
-0.3062,0.77434,-0.042826,-1.74e-20,4485,0.85347,-1.393,0,26.0
-0.2175,1.2106,-0.27479,-2.8439e-20,4514,-1.8199e-16,-1.8196,0,26.0
-0.1453,1.1656,-0.2253,5.5391e-20,4558,-2.7552e-16,-2.2408,0,26.0
-0.20944,1.1062,-0.067306,1.7852e-20,4559,1.5316,-1.7937,0,26.0
-0.16298,1.1931,-0.079953,-3.4877e-21,4615,2.1213,-2.1213,0,26.0
-0.34786,0.0,0.0,0.0,4627,0.98769,-0.15643,0,26.0
-0.32384,0.0,0.0,0.0,4631,0.95106,-0.30902,0,26.0
-0.31327,0.0,0.0,0.0,4635,0.89101,-0.45399,0,26.0
-0.32175,0.0,0.0,0.0,4641,0.76041,-0.64945,0,26.0
-0.32898,-0.0017304,0.089043,-3.2522e-20,4646,1.0857,-0.35279,0,26.0
-0.32279,-0.018015,-0.0071242,1.1681e-20,4651,0.86777,-0.74111,0,26.0
-0.35343,-0.020937,0.16827,-6.2525e-21,4653,1.201,-0.19028,0,26.0
-0.31822,-0.023213,0.053165,-3.520399999999999e-21,4657,1.0838,-0.5522,0,26.0
-0.32951,-0.040923,0.11645,-6.405099999999999e-22,4664,1.2306,-0.39989,0,26.0
-0.31978,-0.0023813,0.0095474,9.525299999999999e-22,4669,0.98326,-0.83971,0,26.0
-0.315,-0.050224,0.067746,9.3099e-21,4675,1.2246,-0.62391,0,26.0
-0.35516,-0.09016,0.17339,1.8114e-20,4680,1.4391,-0.22804,0,26.0
-0.32639,-0.082157,0.11563,1.4567999999999999e-21,4682,1.3864,-0.45054,0,26.0
-0.31161,0.054666,0.026402,7.434099999999999e-21,4687,1.1075,-0.94578,0,26.0
-0.38399,-0.1652,0.1459,-4.1123999999999996e-22,4715,1.8155,-0.14304,0,26.0
-0.26647,-0.016621,0.05998,3.0921e-20,4729,1.7142,-0.87328,0,26.0
-0.34298,-0.2151,0.045905,7.196499999999999e-22,4743,2.1071,-0.33402,0,26.0
-0.27239,-0.13187,0.032781,2.9881e-20,4745,2.0308,-0.65999,0,26.0
-0.23611,0.04431,0.040769,5.3552e-20,4747,1.9027,-0.96929,0,26.0
-0.22982,0.37231,0.0335,4.9889000000000003e-20,4749,1.7261,-1.2538,0,26.0
-0.22633,-0.085875,-0.047989,5.2277e-22,4772,2.3614,-0.76747,0,26.0
-0.21022,-0.057649,-0.079849,4.8070000000000005e-20,4781,2.4799,-0.80599,0,26.0
-0.15248,0.29371,-0.1671,4.0002e-21,4818,2.9753,-1.1514,0,26.0
-0.24811,-0.10771,-0.41884,2.4434e-20,4825,3.3622,-0.47016,0,26.0
-0.14233,0.74216,-0.094621,-1.4406e-21,4830,2.9641,-1.5704,0,26.0
-0.1473,1.1064,-0.072246,-2.5788999999999996e-21,4832,2.6869,-1.9499,0,26.0
-0.22903,0.14026,-0.3969,-5.9042999999999994e-21,4846,3.7419,-0.70079,0,26.0
-0.18137,0.63047,-0.16098,1.2434e-20,4849,3.5057,-1.3635,0,26.0
-0.27659,0.068792,-0.50748,-2.8485e-20,4864,4.2628,-0.23492,0,26.0
-0.27907,0.32833,-0.33312,-3.5450000000000003e-20,4866,4.1971,-0.69968,0,26.0
-0.25373,0.63109,-0.18212,-5.5232e-21,4868,4.0596,-1.1477,0,26.0
-0.21909,0.91981,-0.077748,2.4162e-20,4870,3.8541,-1.5676,0,26.0
-0.32809,0.39016,-0.22069,4.9360000000000006e-20,4885,4.728,-0.4678,0,26.0
-0.2908,0.93121,-0.0031415,1.1312e-20,4889,4.4592,-1.3602,0,26.0
-0.21321,1.2328,0.034407,-4.0093999999999995e-21,4892,4.0873,-1.9478,0,26.0
-0.32918,0.88863,0.060818,-1.4787e-20,4898,4.812,-1.1452,0,26.0
-0.34657,0.8427,0.1538,5.238099999999999e-21,4907,5.1561,-0.92345,0,26.0
-0.3349,0.78871,0.26323,-6.2858999999999995e-21,4916,5.492,-0.6965,0,26.0
-0.25045,1.2455,0.24504,-1.3351e-20,4921,5.0459,-1.7602,0,26.0
-0.28447,1.0438,0.39246,2.4888e-20,4928,5.6516,-1.1424,0,26.0
-0.25267,0.87194,0.48923,4.6529e-20,4936,6.08,-0.69506,0,26.0
-0.21698,1.1625,0.40026,3.6141e-21,4940,5.762,-1.5616,0,26.0
-0.19904,0.94949,0.52831,-5.6614e-20,4947,6.3357,-0.91989,0,26.0
-0.17148,1.1499,0.39021,-2.6440000000000003e-20,4951,5.9608,-1.7579,0,26.0
-0.082236,0.74646,0.4786,9.9166e-21,4986,7.7527,-0.69096,0,26.0
-0.09466,0.61541,0.4628,-3.2768000000000004e-20,5005,8.5472,-0.46122,0,26.0
-0.051169,0.7029,0.37125,-1.1590000000000001e-20,5008,8.3977,-1.1332,0,26.0
-0.020522,0.7505,0.27036,2.0595e-20,5021,8.5295,-1.7514,0,26.0
-0.079134,0.55328,0.28666,-1.7736e-20,5027,9.2813,-0.91101,0,26.0
-0.045606,0.62203,-0.14952,7.737300000000001e-20,5059,10.499,-1.3395,0,26.0
-0.077362,0.80716,-0.47555,6.2071e-21,5075,11.684,-0.45582,0,26.0
-0.020073,0.72727,-0.31464,3.2714e-20,5081,11.32,-1.7443,0,26.0
-0.079316,0.80503,-0.48104,8.9272e-21,5095,12.738,-0.454,0,26.0
-0.11536,1.2013,0.15435,-2.0726e-21,5561,5.0613,-2.97,0,26.0
-0.10588,1.1764,0.1789,-2.1316e-20,5591,5.3695,-2.97,0,26.0
-0.094014,1.146,0.19901,-3.8551999999999995e-21,5621,5.6893,-2.97,0,26.0
-0.072268,1.1219,0.15433,5.159399999999999e-21,5623,5.6893,-3.4878,0,26.0
-0.036352,0.99537,0.21698,-3.3658999999999997e-21,5741,7.0919,-2.97,0,26.0
-0.018016,1.0194,0.10801,-1.0261999999999999e-21,5746,7.0919,-4.4072,0,26.0
-0.0155,1.0233,0.091023,-2.4626999999999998e-21,5747,7.0919,-4.7572,0,26.0
-0.0093139,1.0326,0.050697,4.2577e-22,5750,7.0919,-5.9596,0,26.0
-0.010392,0.91892,0.18595,2.026e-21,5801,7.874,-2.97,0,26.0
-0.0040825,0.9574,0.12465,3.3148999999999995e-21,5804,7.874,-3.7739,0,26.0
0.011871,0.76672,0.12074,-4.1192e-21,5889,9.1598,-2.5172,0,26.0
0.020494,0.91515,0.039134,-3.2036999999999996e-21,5895,9.1598,-4.08,0,26.0
0.0194,0.68482,0.0061716,1.3975e-22,5949,10.099,-2.5172,0,26.0
0.03323,0.84413,-0.032609,-9.6303e-22,5953,10.099,-3.4878,0,26.0
0.024035,0.96999,-0.01954,7.7347e-22,5958,10.099,-5.1314,0,26.0
0.029289,0.75354,-0.15194,-1.9982999999999998e-22,6011,11.109,-2.97,0,26.0
0.035293,0.93657,-0.11262,-3.1523e-22,6015,11.109,-4.08,0,26.0
0.0046656,0.84423,-0.3181,-2.3058e-20,6070,12.196,-2.736,0,26.0
0.025675,1.0517,-0.099563,0.0,6077,12.196,-4.7572,0,26.0
0.020937,1.0469,-0.041764,8.340899999999999e-22,6080,12.196,-5.9596,0,26.0
-0.062167,1.0898,-0.23313,5.8615e-20,6745,-0.57975,-2.4134,0,26.0
0.088357,0.9305,-0.25627,-3.9907e-20,6748,-1.5316,-1.7937,0,26.0
0.11908,0.86849,-0.33594,-6.825300000000001e-20,6789,-1.3571,-1.3571,0,26.0
0.10627,0.83909,-0.43205,4.4959e-20,6819,-1.1532,-1.1532,0,26.0
0.039523,0.77263,-0.60044,4.8563e-20,6859,-0.91393,-0.91393,0,26.0
-0.10273,0.91481,-0.59617,7.4982e-20,6860,-0.76021,-1.0465,0,26.0
-0.323,0.97329,-0.47239,-1.8125e-20,6873,-0.46551,-1.1238,0,26.0
-0.41282,0.93051,-0.28597,4.4213e-20,6876,-0.19028,-1.201,0,26.0
-0.47193,0.32567,-0.059874,-4.3444e-20,6897,-0.083909,-1.066,0,26.0
-0.13618,0.0,0.0,0.0,6898,-0.64945,-0.76041,0,26.0
-0.2924,0.0,0.0,0.0,6901,-0.5225,-0.85264,0,26.0
-0.40543,0.0,0.0,0.0,6903,-0.38268,-0.92388,0,26.0
-0.48051,0.0,0.0,0.0,6906,-0.15643,-0.98769,0,26.0
-0.48281,0.0,0.0,0.0,6907,-0.078459,-0.99692,0,26.0
0.14665,0.88733,-0.16051,-1.81e-20,6923,-2.3204,-1.6853,0,26.0
0.21634,0.81282,-0.09148,7.4669e-21,6929,-2.6029,-0.84595,0,26.0
0.33158,0.64982,-0.11964,-1.1656e-20,6991,-1.87,-0.44916,0,26.0
0.26193,0.72203,-0.23888,6.337899999999999e-22,6994,-1.7142,-0.87328,0,26.0
0.19524,0.79044,-0.29757,4.6795e-20,6996,-1.5553,-1.1297,0,26.0
0.41592,0.51411,-0.036894,4.9003e-20,7016,-1.6271,-0.12817,0,26.0
0.3642,0.57005,-0.21562,-6.1483e-20,7019,-1.5541,-0.50503,0,26.0
0.25765,0.65929,-0.38888,5.555300000000001e-20,7031,-1.3165,-0.80663,0,26.0
0.47165,0.36799,-0.13669,-4.0505e-20,7044,-1.3568,-0.21499,0,26.0
0.42591,0.37212,-0.3201,-5.3735e-20,7055,-1.2306,-0.39989,0,26.0
0.25568,0.55062,-0.51186,7.0968e-20,7058,-1.1031,-0.67593,0,26.0
0.11336,0.69739,-0.58357,8.513800000000001e-20,7060,-0.98326,-0.83971,0,26.0
0.52252,0.142,-0.157,1.8559000000000002e-20,7071,-1.1273,-0.17859,0,26.0
0.38789,0.15888,-0.28493,-1.4026000000000001e-19,7083,-0.98812,-0.40929,0,26.0
0.54833,0.0,0.0,0.0,7089,-0.98769,-0.15643,0,26.0
0.51127,0.0,0.0,0.0,7090,-0.97237,-0.23345,0,26.0
0.23069,0.0,0.0,0.0,7094,-0.85264,-0.5225,0,26.0
0.045938,0.0,0.0,0.0,7096,-0.76041,-0.64945,0,26.0
0.17042,0.87072,-0.020367,6.4846e-21,7368,-3.5732,-0.46918,0,26.0
0.16029,0.88212,-0.062999,1.6432e-20,7371,-3.3916,-1.1488,0,26.0
0.077332,0.97378,-0.0677,-2.9567999999999998e-21,8062,-4.1311,-3.4878,0,26.0
0.0015098,1.0491,-0.12747,1.2895e-20,8451,-1.1464,-3.8396,0,26.0
-0.039273,1.0915,-0.12505,1.7938e-20,8570,-0.23491,-3.8016,0,26.0
-0.024556,1.0809,-0.095778,-3.1400999999999997e-21,8573,-0.23383,-4.5663,0,26.0
-0.42171,0.0,0.0,0.0,82,0.70711,0.70711,0,27.0
-0.41088,-0.0057972,0.044417,-4.2892000000000003e-20,87,0.85936,0.85936,0,27.0
-0.40747,0.1848,0.025042,2.4922e-20,92,0.89178,1.0442,0,27.0
-0.39637,0.6925,0.026898,3.7440999999999996e-21,101,1.2866,1.2866,0,27.0
-0.36257,1.3037,-0.001861,-7.1959e-21,112,1.5316,1.7937,0,27.0
-0.30333,1.3083,-0.048733,-5.8283999999999995e-21,120,1.8605,2.1789,0,27.0
-0.42989,0.07826,0.014632,-6.1174e-21,126,0.71472,0.98382,0,27.0
-0.46191,0.0,0.0,0.0,145,0.5225,0.85264,0,27.0
-0.42901,0.43395,0.0091399,-2.6433e-20,149,0.71792,1.1717,0,27.0
-0.37444,1.2505,0.06478,-5.7839e-20,155,1.0047,1.6399,0,27.0
-0.45909,0.23577,-0.0023516,2.0711e-20,168,0.5522,1.0838,0,27.0
-0.45495,0.73519,0.037994,-1.5313e-20,191,0.52598,1.2698,0,27.0
-0.52904,0.0,0.0,0.0,208,0.30902,0.95106,0,27.0
-0.49616,0.45521,0.0097489,5.1325e-20,210,0.37591,1.1568,0,27.0
-0.38372,1.3101,0.14813,1.1126e-20,216,0.5338,1.6426,0,27.0
-0.51556,0.57576,0.032677,8.3395e-20,231,0.28397,1.1826,0,27.0
-0.47748,1.0047,0.11316,-4.6627e-20,233,0.32087,1.3362,0,27.0
-0.35108,1.3311,0.17624,-6.6325e-20,238,0.42578,1.7727,0,27.0
-0.56948,0.53325,0.054099,-2.194e-20,272,0.089562,1.1377,0,27.0
-0.51896,1.0258,0.17417,1.1987e-20,274,0.1015,1.289,0,27.0
-0.6176,0.0,0.0,0.0,292,0.0,1.0,0,27.0
-0.37396,0.0,0.0,0.0,313,1.0,0.0,0,27.0
-0.38529,-0.022952,0.23989,-1.3815999999999998e-21,319,1.212,0.095424,0,27.0
-0.3779,-0.036154,0.25672,-1.1618e-20,320,1.2925,0.0,0,27.0
-0.38333,-0.067546,0.28059,-2.7201e-20,324,1.4555,0.0,0,27.0
-0.39287,-0.049729,0.29766,1.7609e-20,325,1.4519,0.11435,0,27.0
-0.42388,-0.066622,0.28514,4.3724e-20,333,1.8155,0.14304,0,27.0
-0.43347,-0.13061,0.22766,5.5885e-21,338,2.1297,0.0,0,27.0
-0.46363,-0.089582,-0.0043089,-1.1861e-20,348,2.7283,0.0,0,27.0
-0.3947,0.0,0.0,0.0,355,0.98769,0.15643,0,27.0
-0.48023,0.048297,0.21537,-9.235199999999999e-21,367,2.1071,0.33402,0,27.0
-0.39762,-0.026433,0.23094,3.3978e-21,378,1.1826,0.28397,0,27.0
-0.39794,-0.023882,0.26809,4.7211e-21,379,1.258,0.30208,0,27.0
-0.40363,-0.010241,0.30043,-6.240000000000001e-21,381,1.4172,0.34035,0,27.0
-0.43775,0.11486,0.25481,4.9088e-20,406,1.7344,0.56364,0,27.0
-0.50148,0.29488,0.13566,8.412e-21,410,2.137,0.69452,0,27.0
-0.54403,0.47697,-0.022449,2.4264e-20,413,2.4799,0.80599,0,27.0
-0.54961,0.54636,-0.089353,3.5536e-20,414,2.6029,0.84595,0,27.0
-0.40979,0.0,0.0,0.0,418,0.92388,0.38268,0,27.0
-0.47337,0.3326,0.14223,3.5768e-20,430,1.973,0.81724,0,27.0
-0.40177,-0.03229,0.15152,3.5662e-21,441,1.0838,0.5522,0,27.0
-0.39695,0.029689,0.214,3.0115e-21,444,1.2989,0.66178,0,27.0
-0.48635,0.61038,0.021792,-1.805e-20,453,2.1054,1.0726,0,27.0
-0.4112,0.0,0.0,0.0,460,0.85264,0.5225,0,27.0
-0.40967,0.27651,0.13414,2.6887e-20,469,1.5546,0.95244,0,27.0
-0.40272,-0.03179,0.089448,-8.528e-21,483,0.98382,0.71472,0,27.0
-0.39369,0.017262,0.11602,9.7046e-21,485,1.1114,0.8074,0,27.0
-0.42972,0.72098,0.021741,1.7644e-20,493,1.7261,1.2538,0,27.0
-0.48704,0.1393,-0.27722,-6.0326e-20,523,3.187,0.23587,0,27.0
-0.33152,0.070019,-0.51399,3.3937e-20,528,3.8141,0.0,0,27.0
-0.25833,0.10588,-0.61251,-2.0861e-21,532,4.2681,0.0,0,27.0
-0.26389,0.22989,-0.61125,-4.8031e-20,533,4.2628,0.23492,0,27.0
-0.22606,0.20703,-0.4688,3.5853e-20,540,5.282,0.0,0,27.0
-0.19722,0.23104,-0.3798,-3.7354000000000003e-20,543,5.5544,0.23377,0,27.0
-0.20522,0.38741,-0.0069194,-1.4118e-20,547,6.1409,0.23326,0,27.0
-0.22663,0.55987,0.24576,1.4642e-19,548,6.4555,0.0,0,27.0
-0.13016,0.71794,0.54127,-2.4664e-20,554,7.4555,0.0,0,27.0
-0.097287,0.69116,0.53714,5.7644999999999996e-21,561,8.5669,0.23111,0,27.0
-0.13134,0.64497,0.4962,-1.2342e-20,565,9.382,0.23039,0,27.0
-0.17136,0.70802,-0.056133,-1.4291e-20,570,10.726,0.0,0,27.0
-0.077333,0.8723,-0.45944,6.3017e-22,626,12.738,0.454,0,27.0
-0.24843,0.53073,-0.57371,-5.2736000000000003e-20,641,4.1971,0.69968,0,27.0
-0.1566,0.4436,-0.54543,3.9413e-20,643,4.6868,0.69847,0,27.0
-0.11213,0.35154,0.032038,-3.4862e-20,649,6.3905,0.6943,0,27.0
-0.079236,0.62639,0.49954,1.8273999999999998e-21,653,7.7527,0.69096,0,27.0
-0.13366,0.92885,-0.43846,7.1358e-21,662,11.654,0.68139,0,27.0
-0.47335,0.74102,-0.40065,6.8773e-20,675,3.2568,0.92918,0,27.0
-0.36216,0.73851,-0.51724,-4.9777e-20,677,3.6808,0.9279,0,27.0
-0.080751,0.43013,-0.44208,-2.7275e-20,683,5.1561,0.92345,0,27.0
-0.49153,0.91508,-0.31198,3.7874e-20,712,2.9753,1.1514,0,27.0
-0.22778,0.8098,-0.50276,2.6681999999999996e-21,717,4.0596,1.1477,0,27.0
-0.030322,0.33222,-0.22995,6.7783e-20,724,5.9526,1.1414,0,27.0
-0.12633,0.72539,0.47879,1.137e-20,733,9.2192,1.1304,0,27.0
-0.12283,0.7945,-0.41507,2.9628e-20,757,4.4592,1.3602,0,27.0
-0.025956,0.58711,-0.3009,-3.1713e-20,760,5.2716,1.3574,0,27.0
-0.013545,0.47932,0.25994,7.9804e-21,766,7.19,1.3508,0,27.0
-0.05183,0.64569,0.49227,-3.2827e-20,769,8.319,1.347,0,27.0
-0.1949,1.0146,-0.12056,-2.6212e-20,774,10.499,1.3395,0,27.0
-0.31059,1.1126,-0.3844,-5.1590000000000005e-20,791,3.3928,1.5691,0,27.0
-0.2168,1.0025,-0.40731,-2.4596e-20,793,3.8541,1.5676,0,27.0
-0.049948,0.75131,-0.30523,-3.3491e-20,797,4.8843,1.5643,0,27.0
0.020527,0.46016,-0.13092,-1.9944e-20,801,6.0767,1.5606,0,27.0
-0.1217,1.0791,-0.38477,-1.933e-21,814,11.41,1.5437,0,27.0
-0.35301,1.2463,-0.26158,8.465700000000001e-20,828,2.8331,1.7658,0,27.0
-0.21162,1.1047,-0.30863,5.6918e-20,871,3.586,1.9485,0,27.0
-0.13682,0.99177,-0.30665,1.4556999999999998e-21,873,4.0873,1.9478,0,27.0
-0.035141,0.82916,-0.22733,-1.7962e-20,876,4.9116,1.9466,0,27.0
0.014824,0.73075,-0.13539,-1.5465e-20,878,5.5135,1.9457,0,27.0
0.059101,0.69861,0.097763,-5.872199999999999e-21,961,6.7218,2.3126,0,27.0
-0.01516,0.89005,-0.1279,-9.0542e-22,996,5.0613,2.5172,0,27.0
0.025389,0.83769,-0.042319,1.1459e-21,998,5.6893,2.5172,0,27.0
0.048539,0.77586,0.21524,-9.0595e-22,1003,7.4758,2.5172,0,27.0
-0.078123,1.255,-0.1008,5.0581e-23,1049,10.099,2.736,0,27.0
-0.058927,1.174,-0.23673,-2.4616e-20,1051,11.109,2.736,0,27.0
-0.034642,1.2065,0.086064,8.1744e-22,1087,9.1598,2.97,0,27.0
-0.021983,1.0445,-0.23184,1.0204e-20,1093,12.196,2.97,0,27.0
-0.01735,0.95625,-0.071448,1.182e-20,1116,5.0613,3.2202,0,27.0
0.026124,0.9918,0.065952,-6.9797e-22,1201,6.7218,3.7739,0,27.0
-0.0013221,1.1578,0.020545,-1.4050999999999998e-21,1247,9.1598,4.08,0,27.0
-0.011184,1.1132,-0.11709,3.9242999999999997e-22,1251,11.109,4.08,0,27.0
0.0087241,1.0316,0.031381,1.0556999999999999e-21,1321,6.7218,4.7572,0,27.0
0.0037865,1.0397,-0.10316,0.0,1333,12.196,4.7572,0,27.0
-0.12449,1.1533,0.12056,3.6254e-20,2145,-4.3934e-16,3.1819,0,27.0
-0.092083,1.1241,0.089861,-1.8615e-20,2175,-4.2301e-16,3.807,0,27.0
-0.073848,1.1069,0.073191,-9.650000000000001e-21,2195,-4.1015e-16,4.2993,0,27.0
0.078154,0.92937,0.2873,4.5397e-20,2456,-1.5845,1.5845,0,27.0
0.048832,0.88728,0.46897,-4.9118e-20,2468,-1.1532,1.1532,0,27.0
-0.081598,0.93095,0.61356,-4.4303e-20,2475,-0.89178,1.0442,0,27.0
-0.16449,0.85222,0.66045,1.7504e-21,2479,-0.78951,0.92446,0,27.0
-0.24732,0.0,0.0,0.0,2484,-0.64945,0.76041,0,27.0
-0.085605,1.0047,0.51737,7.6669e-20,2499,-0.90709,1.2487,0,27.0
-0.2182,1.0714,0.58987,3.674e-21,2522,-0.71792,1.1717,0,27.0
-0.41882,0.0,0.0,0.0,2527,-0.5225,0.85264,0,27.0
-0.048109,1.0629,0.26977,-1.7177e-20,2533,-1.0726,2.1054,0,27.0
-0.38817,1.0291,0.56204,-2.0592e-20,2545,-0.5522,1.0838,0,27.0
-0.54329,0.0,0.0,0.0,2569,-0.38268,0.92388,0,27.0
-0.37916,1.226,0.48784,3.1167999999999998e-21,2585,-0.42475,1.3071,0,27.0
-0.48971,1.071,0.44467,-6.2804e-20,2587,-0.37591,1.1568,0,27.0
-0.62524,0.0,0.0,0.0,2632,-0.15643,0.98769,0,27.0
-0.196,1.2071,0.2214,-5.9662e-20,2639,-0.17623,2.2362,0,27.0
-0.28194,1.2656,0.28615,-9.6928e-21,2643,-0.14304,1.8155,0,27.0
-0.46802,1.2611,0.33281,-1.5378000000000002e-19,2648,-0.10781,1.369,0,27.0
-0.55531,0.97444,0.23747,3.9993e-20,2650,-0.095424,1.212,0,27.0
-0.5881,0.70403,0.15066,6.4967e-20,2651,-0.089562,1.1377,0,27.0
0.24733,0.77415,0.0152,-2.8815e-22,2660,-2.5997,0.0,0,27.0
0.31147,0.68605,0.019401,-3.9878e-23,2668,-2.1297,0.0,0,27.0
0.40855,0.51902,0.089869,-4.2713e-20,2679,-1.6271,0.12817,0,27.0
0.48496,0.34925,0.031609,-1.2266e-21,2684,-1.3725,0.0,0,27.0
0.52555,0.20258,0.03372,1.1463e-20,2688,-1.2153,0.0,0,27.0
0.55995,0.049425,0.021694,-1.2919e-21,2692,-1.0692,0.0,0,27.0
0.57018,0.0,0.0,0.0,2695,-1.0,0.0,0,27.0
0.4555,0.37913,0.20039,3.8864e-20,2711,-1.3568,0.21499,0,27.0
0.50172,0.15236,0.22101,-2.6426e-20,2714,-1.1273,0.17859,0,27.0
0.52588,0.0,0.0,0.0,2716,-0.98769,0.15643,0,27.0
0.37026,0.55841,0.21093,-8.5649e-20,2729,-1.5885,0.38151,0,27.0
0.20138,0.82486,0.11715,-6.5336e-21,2740,-2.6029,0.84595,0,27.0
0.29277,0.68603,0.20408,1.5697e-20,2747,-1.8296,0.59459,0,27.0
0.33971,0.58963,0.26617,5.8019e-20,2750,-1.5541,0.50503,0,27.0
0.38244,0.4539,0.35358,-4.8956e-20,2753,-1.3071,0.42475,0,27.0
0.40191,0.23716,0.38956,9.548700000000001e-20,2756,-1.0857,0.35279,0,27.0
0.41564,0.0,0.0,0.0,2758,-0.95106,0.30902,0,27.0
0.25931,0.6717,0.36105,-1.4676e-20,2792,-1.456,0.74178,0,27.0
0.25363,0.36186,0.51827,-1.8736000000000001e-19,2798,-1.0172,0.51827,0,27.0
0.25238,0.0,0.0,0.0,2800,-0.89101,0.45399,0,27.0
0.18917,0.80161,0.28225,8.5254e-23,2809,-1.7284,1.0589,0,27.0
0.21128,0.72075,0.39907,1.6032e-20,2813,-1.393,0.85347,0,27.0
0.20815,0.6327,0.52736,6.4027e-20,2816,-1.1717,0.71792,0,27.0
0.073775,0.50844,0.59333,2.5122e-19,2840,-0.92341,0.67086,0,27.0
0.055922,0.0,0.0,0.0,2842,-0.80902,0.58779,0,27.0
0.097365,0.93499,0.1757,2.56e-20,2844,-2.2843,1.9505,0,27.0
0.1049,0.82966,0.45345,-4.8983e-20,2855,-1.2411,1.0599,0,27.0
0.065557,0.77928,0.59321,-1.2106e-20,2858,-1.0442,0.89178,0,27.0
0.13709,0.90576,0.0074964,5.2543e-22,2912,-4.3358,0.0,0,27.0
0.16451,0.87439,0.038992,-5.5039e-21,2951,-3.5732,0.46918,0,27.0
0.15463,0.88439,0.066906,-1.3539e-20,3011,-3.47,0.92747,0,27.0
0.057447,0.98568,0.078777,2.8472999999999997e-21,3372,-3.8187,3.4878,0,27.0
-0.014718,1.0526,0.10141,8.921199999999999e-22,4180,-1.5637,4.1771,0,27.0
-0.38608,0.0,0.0,0.0,4394,0.64945,-0.76041,0,27.0
-0.42392,0.0,0.0,0.0,4402,0.45399,-0.89101,0,27.0
-0.45753,0.0,0.0,0.0,4406,0.30902,-0.95106,0,27.0
-0.49344,0.0,0.0,0.0,4410,0.15643,-0.98769,0,27.0
-0.46076,0.72868,-0.10572,-3.3472e-20,4436,0.095424,-1.212,0,27.0
-0.38895,0.25241,0.0079404,3.5801e-21,4441,0.67593,-1.1031,0,27.0
-0.3883,0.51269,-0.0072628,1.5076e-20,4453,0.62391,-1.2246,0,27.0
-0.40032,1.1384,-0.26376,1.422e-19,4459,-8.2717e-17,-1.3725,0,27.0
-0.36417,1.0676,-0.12253,-3.1714e-20,4477,0.47729,-1.4687,0,27.0
-0.3523,0.33511,0.038964,-1.5212e-20,4483,1.1532,-1.1532,0,27.0
-0.35231,0.81153,-0.026811,-2.2418e-20,4485,0.85347,-1.393,0,27.0
-0.24533,1.216,-0.26399,-3.0718e-20,4514,-1.8199e-16,-1.8196,0,27.0
-0.16736,1.1665,-0.21497,6.0654e-20,4558,-2.7552e-16,-2.2408,0,27.0
-0.23771,1.1105,-0.030402,2.6074e-20,4559,1.5316,-1.7937,0,27.0
-0.15799,1.1532,-0.051246,-1.8103e-21,4615,2.1213,-2.1213,0,27.0
-0.35281,0.0,0.0,0.0,4627,0.98769,-0.15643,0,27.0
-0.34104,0.0,0.0,0.0,4631,0.95106,-0.30902,0,27.0
-0.34334,0.0,0.0,0.0,4635,0.89101,-0.45399,0,27.0
-0.36601,0.0,0.0,0.0,4641,0.76041,-0.64945,0,27.0
-0.34726,-0.0067129,0.084789,-1.7482e-20,4646,1.0857,-0.35279,0,27.0
-0.36669,-0.017001,-0.014795,1.7279e-20,4651,0.86777,-0.74111,0,27.0
-0.35915,-0.021776,0.17959,-4.1527e-21,4653,1.201,-0.19028,0,27.0
-0.35029,-0.027948,0.048573,-8.497199999999999e-21,4657,1.0838,-0.5522,0,27.0
-0.3498,-0.047002,0.13284,3.9916e-22,4664,1.2306,-0.39989,0,27.0
-0.3657,0.011525,0.0059557,2.7166999999999997e-21,4669,0.98326,-0.83971,0,27.0
-0.35061,-0.051227,0.081478,1.0747000000000001e-20,4675,1.2246,-0.62391,0,27.0
-0.36282,-0.090404,0.22559,2.8343999999999996e-21,4680,1.4391,-0.22804,0,27.0
-0.34981,-0.089701,0.15861,1.5534e-21,4682,1.3864,-0.45054,0,27.0
-0.36128,0.084137,0.032425,7.755899999999999e-21,4687,1.1075,-0.94578,0,27.0
-0.38702,-0.15356,0.25934,-8.264e-21,4715,1.8155,-0.14304,0,27.0
-0.31339,-0.0097918,0.14298,2.3990000000000003e-20,4729,1.7142,-0.87328,0,27.0
-0.36375,-0.21364,0.21157,8.306e-21,4743,2.1071,-0.33402,0,27.0
-0.30659,-0.15655,0.18076,2.2753e-20,4745,2.0308,-0.65999,0,27.0
-0.28024,0.049382,0.14538,6.4123e-20,4747,1.9027,-0.96929,0,27.0
-0.27743,0.42108,0.094274,6.5244e-20,4749,1.7261,-1.2538,0,27.0
-0.25408,-0.1352,0.13496,5.4048e-21,4772,2.3614,-0.76747,0,27.0
-0.23232,-0.11961,0.10906,6.8456e-20,4781,2.4799,-0.80599,0,27.0
-0.11503,0.15255,-0.037415,8.156799999999999e-21,4818,2.9753,-1.1514,0,27.0
-0.26646,-0.15902,-0.25934,3.5371000000000004e-20,4825,3.3622,-0.47016,0,27.0
-0.085192,0.62903,-0.039567,-2.1164e-20,4830,2.9641,-1.5704,0,27.0
-0.11249,1.0332,-0.048364,5.051e-21,4832,2.6869,-1.9499,0,27.0
-0.17553,-0.046135,-0.36464,-6.039399999999999e-21,4846,3.7419,-0.70079,0,27.0
-0.082394,0.41678,-0.14622,5.2185e-21,4849,3.5057,-1.3635,0,27.0
-0.23972,0.029445,-0.59109,2.5499000000000002e-20,4864,4.2628,-0.23492,0,27.0
-0.17877,0.082955,-0.46471,-2.2765000000000002e-20,4866,4.1971,-0.69968,0,27.0
-0.1267,0.35626,-0.28945,-1.6062e-20,4868,4.0596,-1.1477,0,27.0
-0.10373,0.69943,-0.15125,7.2317e-21,4870,3.8541,-1.5676,0,27.0
-0.22538,0.1689,-0.51997,3.2868e-20,4885,4.728,-0.4678,0,27.0
-0.17233,0.68903,-0.1962,2.5444e-20,4889,4.4592,-1.3602,0,27.0
-0.12926,1.0848,-0.07861,1.6332e-21,4892,4.0873,-1.9478,0,27.0
-0.22584,0.65403,-0.20638,-2.8487e-20,4898,4.812,-1.1452,0,27.0
-0.27348,0.63322,-0.17415,5.1971e-21,4907,5.1561,-0.92345,0,27.0
-0.3017,0.61594,-0.099585,3.7021e-21,4916,5.492,-0.6965,0,27.0
-0.21617,1.1547,0.054641,-5.5692e-20,4921,5.0459,-1.7602,0,27.0
-0.29423,0.94203,0.12343,3.1108e-20,4928,5.6516,-1.1424,0,27.0
-0.29984,0.79947,0.21898,1.0075e-20,4936,6.08,-0.69506,0,27.0
-0.24661,1.1706,0.24094,3.8674e-20,4940,5.762,-1.5616,0,27.0
-0.2667,0.95601,0.37013,-5.5217e-20,4947,6.3357,-0.91989,0,27.0
-0.20878,1.2252,0.29532,-1.4423e-20,4951,5.9608,-1.7579,0,27.0
-0.1073,0.84846,0.52257,1.4920000000000002e-20,4986,7.7527,-0.69096,0,27.0
-0.083223,0.74553,0.48552,-1.3009e-20,5005,8.5472,-0.46122,0,27.0
-0.062064,0.82216,0.41787,-8.012299999999999e-21,5008,8.3977,-1.1332,0,27.0
-0.036759,0.8544,0.32848,1.1929e-20,5021,8.5295,-1.7514,0,27.0
-0.063577,0.68526,0.39423,-9.2689e-21,5027,9.2813,-0.91101,0,27.0
-0.050554,0.58507,0.13566,9.0284e-20,5059,10.499,-1.3395,0,27.0
-0.10213,0.75729,-0.37009,1.2958e-20,5075,11.684,-0.45582,0,27.0
-0.021588,0.64513,-0.11178,3.4965e-20,5081,11.32,-1.7443,0,27.0
-0.074844,0.82267,-0.47196,1.3593e-20,5095,12.738,-0.454,0,27.0
-0.10727,1.2332,0.089499,-6.0854e-23,5561,5.0613,-2.97,0,27.0
-0.10498,1.2223,0.12128,-1.9834e-20,5591,5.3695,-2.97,0,27.0
-0.099751,1.2037,0.15193,-5.688899999999999e-21,5621,5.6893,-2.97,0,27.0
-0.076213,1.1648,0.12111,6.2948e-21,5623,5.6893,-3.4878,0,27.0
-0.054815,1.0693,0.22406,-5.5982999999999996e-21,5741,7.0919,-2.97,0,27.0
-0.027588,1.0554,0.11464,-1.1612e-21,5746,7.0919,-4.4072,0,27.0
-0.023863,1.0533,0.097587,-1.8114e-21,5747,7.0919,-4.7572,0,27.0
-0.014978,1.0484,0.056306,7.3116999999999995e-22,5750,7.0919,-5.9596,0,27.0
-0.028567,0.98806,0.21821,2.134e-21,5801,7.874,-2.97,0,27.0
-0.017878,1.0042,0.15058,3.1288999999999998e-21,5804,7.874,-3.7739,0,27.0
-0.0036833,0.83957,0.19733,-3.7308999999999995e-21,5889,9.1598,-2.5172,0,27.0
0.0085028,0.93797,0.08923,-4.0199e-21,5895,9.1598,-4.08,0,27.0
0.0085808,0.74944,0.1161,2.5057e-22,5949,10.099,-2.5172,0,27.0
0.021267,0.8567,0.051959,-6.5572e-22,5953,10.099,-3.4878,0,27.0
0.017505,0.96171,0.017157,3.5261e-22,5958,10.099,-5.1314,0,27.0
0.024234,0.74596,-0.031458,-1.6296999999999999e-21,6011,11.109,-2.97,0,27.0
0.030555,0.89604,-0.045819,-7.4893e-22,6015,11.109,-4.08,0,27.0
0.014374,0.76209,-0.21208,-2.0645e-20,6070,12.196,-2.736,0,27.0
0.028781,0.98495,-0.091215,0.0,6077,12.196,-4.7572,0,27.0
0.021497,1.0156,-0.041892,7.3021e-22,6080,12.196,-5.9596,0,27.0
-0.079541,1.0904,-0.22685,6.2689e-20,6745,-0.57975,-2.4134,0,27.0
0.075892,0.932,-0.2538,-4.2460000000000006e-20,6748,-1.5316,-1.7937,0,27.0
0.10619,0.87093,-0.33437,-7.0237e-20,6789,-1.3571,-1.3571,0,27.0
0.092263,0.84235,-0.43127,4.6262e-20,6819,-1.1532,-1.1532,0,27.0
0.023733,0.77715,-0.60186,4.9562e-20,6859,-0.91393,-0.91393,0,27.0
-0.12257,0.92116,-0.59721,7.6841e-20,6860,-0.76021,-1.0465,0,27.0
-0.35137,0.98497,-0.47416,-1.922e-20,6873,-0.46551,-1.1238,0,27.0
-0.44924,0.94849,-0.28627,4.6141000000000004e-20,6876,-0.19028,-1.201,0,27.0
-0.51308,0.33801,-0.060806,-4.8363e-20,6897,-0.083909,-1.066,0,27.0
-0.15613,0.0,0.0,0.0,6898,-0.64945,-0.76041,0,27.0
-0.31755,0.0,0.0,0.0,6901,-0.5225,-0.85264,0,27.0
-0.43621,0.0,0.0,0.0,6903,-0.38268,-0.92388,0,27.0
-0.51948,0.0,0.0,0.0,6906,-0.15643,-0.98769,0,27.0
-0.52413,0.0,0.0,0.0,6907,-0.078459,-0.99692,0,27.0
0.13826,0.8879,-0.15889,-1.8266e-20,6923,-2.3204,-1.6853,0,27.0
0.21123,0.81322,-0.090551,7.2268e-21,6929,-2.6029,-0.84595,0,27.0
0.32679,0.65048,-0.11948,-1.0447e-20,6991,-1.87,-0.44916,0,27.0
0.25383,0.72338,-0.23837,-1.4228999999999998e-22,6994,-1.7142,-0.87328,0,27.0
0.18481,0.79232,-0.29664,4.7988e-20,6996,-1.5553,-1.1297,0,27.0
0.41319,0.51437,-0.037342,4.8191e-20,7016,-1.6271,-0.12817,0,27.0
0.35807,0.57112,-0.21595,-6.158800000000001e-20,7019,-1.5541,-0.50503,0,27.0
0.24763,0.66145,-0.38915,5.7188e-20,7031,-1.3165,-0.80663,0,27.0
0.46773,0.36856,-0.13782,-4.0706e-20,7044,-1.3568,-0.21499,0,27.0
0.41949,0.37335,-0.32161,-5.4858e-20,7055,-1.2306,-0.39989,0,27.0
0.24503,0.55316,-0.51344,7.264000000000001e-20,7058,-1.1031,-0.67593,0,27.0
0.099411,0.70116,-0.58508,8.6874e-20,7060,-0.98326,-0.83971,0,27.0
0.51851,0.14254,-0.15922,1.9814e-20,7071,-1.1273,-0.17859,0,27.0
0.37976,0.16011,-0.28734,-1.4221e-19,7083,-0.98812,-0.40929,0,27.0
0.5443,0.0,0.0,0.0,7089,-0.98769,-0.15643,0,27.0
0.50595,0.0,0.0,0.0,7090,-0.97237,-0.23345,0,27.0
0.21924,0.0,0.0,0.0,7094,-0.85264,-0.5225,0,27.0
0.030594,0.0,0.0,0.0,7096,-0.76041,-0.64945,0,27.0
0.1677,0.87078,-0.019538,6.217e-21,7368,-3.5732,-0.46918,0,27.0
0.15576,0.88223,-0.062009,1.6914e-20,7371,-3.3916,-1.1488,0,27.0
0.071716,0.97329,-0.066834,-2.9579e-21,8062,-4.1311,-3.4878,0,27.0
-0.0085837,1.0469,-0.12467,1.2756000000000001e-20,8451,-1.1464,-3.8396,0,27.0
-0.050007,1.0872,-0.12134,1.9441e-20,8570,-0.23491,-3.8016,0,27.0
-0.032834,1.0767,-0.094169,-3.4013e-21,8573,-0.23383,-4.5663,0,27.0
-0.37027,0.0,0.0,0.0,82,0.70711,0.70711,0,28.0
-0.36116,-0.014416,0.041167,-4.0626e-20,87,0.85936,0.85936,0,28.0
-0.35686,0.15484,0.028299,2.7447e-20,92,0.89178,1.0442,0,28.0
-0.3378,0.62236,0.045497,1.2945e-21,101,1.2866,1.2866,0,28.0
-0.32029,1.2795,0.038157,-2.145e-21,112,1.5316,1.7937,0,28.0
-0.28067,1.319,-0.0079484,-5.7227999999999996e-21,120,1.8605,2.1789,0,28.0
-0.3787,0.061794,0.018458,-7.255099999999999e-21,126,0.71472,0.98382,0,28.0
-0.40856,0.0,0.0,0.0,145,0.5225,0.85264,0,28.0
-0.37736,0.39399,0.017609,-2.4816e-20,149,0.71792,1.1717,0,28.0
-0.32833,1.2154,0.088906,-4.9451e-20,155,1.0047,1.6399,0,28.0
-0.4061,0.21027,0.0037948,1.9826e-20,168,0.5522,1.0838,0,28.0
-0.40298,0.69127,0.046793,-1.2783e-20,191,0.52598,1.2698,0,28.0
-0.47324,0.0,0.0,0.0,208,0.30902,0.95106,0,28.0
-0.44193,0.42282,0.01502,5.0427e-20,210,0.37591,1.1568,0,28.0
-0.34105,1.2846,0.16549,1.0094000000000001e-20,216,0.5338,1.6426,0,28.0
-0.46122,0.54163,0.036813,8.0676e-20,231,0.28397,1.1826,0,28.0
-0.4268,0.96439,0.12049,-4.3490000000000007e-20,233,0.32087,1.3362,0,28.0
-0.3126,1.3134,0.19349,-6.0075e-20,238,0.42578,1.7727,0,28.0
-0.51482,0.50611,0.054725,-2.9118e-20,272,0.089562,1.1377,0,28.0
-0.46832,0.99011,0.17714,8.619399999999999e-21,274,0.1015,1.289,0,28.0
-0.56266,0.0,0.0,0.0,292,0.0,1.0,0,28.0
-0.35703,0.0,0.0,0.0,313,1.0,0.0,0,28.0
-0.36096,-0.026155,0.19363,-1.7507e-21,319,1.212,0.095424,0,28.0
-0.36138,-0.044023,0.21359,6.32e-22,320,1.2925,0.0,0,28.0
-0.36477,-0.078019,0.25939,1.6683999999999999e-21,324,1.4555,0.0,0,28.0
-0.36459,-0.059031,0.27772,1.5081e-20,325,1.4519,0.11435,0,28.0
-0.38423,-0.080331,0.32497,2.9145e-20,333,1.8155,0.14304,0,28.0
-0.40238,-0.13899,0.33148,-1.7116e-21,338,2.1297,0.0,0,28.0
-0.45016,-0.079127,0.20766,-4.1816999999999995e-21,348,2.7283,0.0,0,28.0
-0.36306,0.0,0.0,0.0,355,0.98769,0.15643,0,28.0
-0.42093,0.031897,0.30822,-1.9526e-21,367,2.1071,0.33402,0,28.0
-0.361,-0.025251,0.19103,-1.5183999999999998e-21,378,1.1826,0.28397,0,28.0
-0.36024,-0.025822,0.23181,-2.2739e-21,379,1.258,0.30208,0,28.0
-0.3614,-0.018869,0.28231,-4.8401e-21,381,1.4172,0.34035,0,28.0
-0.37487,0.090113,0.28579,4.1315e-20,406,1.7344,0.56364,0,28.0
-0.42673,0.26327,0.22603,1.0568000000000001e-20,410,2.137,0.69452,0,28.0
-0.48039,0.44243,0.11558,5.8131e-20,413,2.4799,0.80599,0,28.0
-0.49677,0.51118,0.063659,8.3091e-21,414,2.6029,0.84595,0,28.0
-0.36506,0.0,0.0,0.0,418,0.92388,0.38268,0,28.0
-0.3972,0.28887,0.20763,2.9908e-20,430,1.973,0.81724,0,28.0
-0.35594,-0.03088,0.12526,1.9446999999999997e-21,441,1.0838,0.5522,0,28.0
-0.34644,0.013873,0.19832,-1.3165e-20,444,1.2989,0.66178,0,28.0
-0.41135,0.53333,0.10525,-2.3946e-20,453,2.1054,1.0726,0,28.0
-0.36236,0.0,0.0,0.0,460,0.85264,0.5225,0,28.0
-0.34371,0.22326,0.15233,1.7558e-20,469,1.5546,0.95244,0,28.0
-0.3544,-0.034496,0.075045,-7.423199999999999e-21,483,0.98382,0.71472,0,28.0
-0.34414,0.00087489,0.10275,1.4375e-20,485,1.1114,0.8074,0,28.0
-0.36048,0.6334,0.065898,2.5191e-20,493,1.7261,1.2538,0,28.0
-0.51011,0.17449,-0.054205,-5.2734e-20,523,3.187,0.23587,0,28.0
-0.39349,0.14513,-0.34841,4.0836e-20,528,3.8141,0.0,0,28.0
-0.30667,0.23203,-0.52437,1.8724e-20,532,4.2681,0.0,0,28.0
-0.32988,0.37087,-0.55442,-4.9694e-20,533,4.2628,0.23492,0,28.0
-0.18304,0.2724,-0.62948,1.4874e-20,540,5.282,0.0,0,28.0
-0.15933,0.31848,-0.59175,-2.7694e-20,543,5.5544,0.23377,0,28.0
-0.17169,0.31086,-0.42254,-3.6946e-20,547,6.1409,0.23326,0,28.0
-0.22073,0.42657,-0.18724,1.7286000000000001e-19,548,6.4555,0.0,0,28.0
-0.18021,0.6783,0.37753,-5.7366e-20,554,7.4555,0.0,0,28.0
-0.093903,0.7373,0.52889,9.0613e-21,561,8.5669,0.23111,0,28.0
-0.091092,0.72747,0.52105,-7.171699999999999e-21,565,9.382,0.23039,0,28.0
-0.14313,0.65955,0.34162,-9.8417e-21,570,10.726,0.0,0,28.0
-0.11412,0.89183,-0.44817,1.1729e-20,626,12.738,0.454,0,28.0
-0.33912,0.67434,-0.56568,-7.2976e-20,641,4.1971,0.69968,0,28.0
-0.2183,0.63753,-0.58704,7.003e-20,643,4.6868,0.69847,0,28.0
-0.10335,0.33462,-0.33009,-3.4389e-20,649,6.3905,0.6943,0,28.0
-0.092004,0.57055,0.35079,-2.3038e-21,653,7.7527,0.69096,0,28.0
-0.1878,0.87566,-0.1643,2.9759e-21,662,11.654,0.68139,0,28.0
-0.51379,0.76186,-0.24351,3.4454000000000003e-20,675,3.2568,0.92918,0,28.0
-0.44854,0.82449,-0.43091,-2.9942e-20,677,3.6808,0.9279,0,28.0
-0.12198,0.64973,-0.49838,-1.4057e-20,683,5.1561,0.92345,0,28.0
-0.49848,0.89819,-0.16894,4.6673e-20,712,2.9753,1.1514,0,28.0
-0.3176,0.9452,-0.51231,5.5207e-22,717,4.0596,1.1477,0,28.0
-0.044184,0.52677,-0.35216,3.9895e-20,724,5.9526,1.1414,0,28.0
-0.069031,0.71002,0.51315,1.0692e-20,733,9.2192,1.1304,0,28.0
-0.19675,0.93534,-0.47671,3.2979e-20,757,4.4592,1.3602,0,28.0
-0.075818,0.74805,-0.38757,-3.104e-20,760,5.2716,1.3574,0,28.0
-0.016492,0.42781,-0.00034804,7.356e-21,766,7.19,1.3508,0,28.0
-0.028595,0.61393,0.38075,-2.9486e-20,769,8.319,1.347,0,28.0
-0.15331,0.86272,0.30758,-4.9995e-20,774,10.499,1.3395,0,28.0
-0.36337,1.1977,-0.34065,-4.84e-20,791,3.3928,1.5691,0,28.0
-0.28659,1.1209,-0.41474,-4.3973e-20,793,3.8541,1.5676,0,28.0
-0.10985,0.87343,-0.39267,-4.0995e-20,797,4.8843,1.5643,0,28.0
-0.0072476,0.62589,-0.23463,-1.5443e-21,801,6.0767,1.5606,0,28.0
-0.17223,1.0581,-0.14289,-1.7860000000000002e-20,814,11.41,1.5437,0,28.0
-0.36401,1.288,-0.19813,6.7722e-20,828,2.8331,1.7658,0,28.0
-0.25644,1.1989,-0.30394,6.0055e-20,871,3.586,1.9485,0,28.0
-0.18966,1.0919,-0.33806,4.8130999999999996e-21,873,4.0873,1.9478,0,28.0
-0.086034,0.91713,-0.31019,-2.4879e-20,876,4.9116,1.9466,0,28.0
-0.030126,0.81176,-0.24372,-1.2634e-20,878,5.5135,1.9457,0,28.0
0.038348,0.73521,-0.020471,-3.837e-21,961,6.7218,2.3126,0,28.0
-0.052077,0.9396,-0.20393,4.6700999999999995e-21,996,5.0613,2.5172,0,28.0
-0.0086807,0.86422,-0.14507,4.1224999999999995e-21,998,5.6893,2.5172,0,28.0
0.050266,0.72899,0.10532,-4.7587999999999995e-21,1003,7.4758,2.5172,0,28.0
-0.053079,1.1271,0.14018,3.6079e-21,1049,10.099,2.736,0,28.0
-0.081617,1.2396,-0.11786,-2.8075e-20,1051,11.109,2.736,0,28.0
0.010569,1.0047,0.22684,-3.5055999999999997e-22,1087,9.1598,2.97,0,28.0
-0.042034,1.1435,-0.22502,1.8296e-20,1093,12.196,2.97,0,28.0
-0.04072,0.98015,-0.12758,1.0084e-20,1116,5.0613,3.2202,0,28.0
0.020744,0.94681,0.015429,-2.1183999999999998e-21,1201,6.7218,3.7739,0,28.0
0.016887,1.1097,0.089395,-3.4395e-21,1247,9.1598,4.08,0,28.0
-0.012288,1.1632,-0.064603,-3.0999e-22,1251,11.109,4.08,0,28.0
0.0076231,1.002,0.0096664,1.9382999999999997e-21,1321,6.7218,4.7572,0,28.0
0.00023853,1.0828,-0.090342,0.0,1333,12.196,4.7572,0,28.0
-0.10761,1.1519,0.13006,3.3956000000000003e-20,2145,-4.3934e-16,3.1819,0,28.0
-0.07908,1.1252,0.097164,-1.7757e-20,2175,-4.2301e-16,3.807,0,28.0
-0.063073,1.109,0.078848,-9.314299999999999e-21,2195,-4.1015e-16,4.2993,0,28.0
0.091528,0.92324,0.28608,4.3143e-20,2456,-1.5845,1.5845,0,28.0
0.066463,0.87814,0.46467,-4.7464e-20,2468,-1.1532,1.1532,0,28.0
-0.058241,0.91874,0.60735,-4.3303e-20,2475,-0.89178,1.0442,0,28.0
-0.13766,0.83875,0.65159,1.2234e-21,2479,-0.78951,0.92446,0,28.0
-0.21691,0.0,0.0,0.0,2484,-0.64945,0.76041,0,28.0
-0.062782,0.99289,0.51405,7.3191e-20,2499,-0.90709,1.2487,0,28.0
-0.1898,1.0563,0.58545,3.5886999999999996e-21,2522,-0.71792,1.1717,0,28.0
-0.38183,0.0,0.0,0.0,2527,-0.5225,0.85264,0,28.0
-0.030198,1.0555,0.27242,-1.6032e-20,2533,-1.0726,2.1054,0,28.0
-0.35231,1.01,0.55514,-2.0346e-20,2545,-0.5522,1.0838,0,28.0
-0.49986,0.0,0.0,0.0,2569,-0.38268,0.92388,0,28.0
-0.343,1.206,0.48699,2.1868e-21,2585,-0.42475,1.3071,0,28.0
-0.44783,1.0474,0.43956,-5.9466e-20,2587,-0.37591,1.1568,0,28.0
-0.57369,0.0,0.0,0.0,2632,-0.15643,0.98769,0,28.0
-0.17085,1.1979,0.23105,-5.4302e-20,2639,-0.17623,2.2362,0,28.0
-0.25036,1.2513,0.2951,-9.115e-21,2643,-0.14304,1.8155,0,28.0
-0.42443,1.2342,0.33589,-1.4265000000000002e-19,2648,-0.10781,1.369,0,28.0
-0.50561,0.94374,0.2359,4.2282e-20,2650,-0.095424,1.212,0,28.0
-0.53616,0.67743,0.14827,6.4501e-20,2651,-0.089562,1.1377,0,28.0
0.24675,0.7742,0.011761,-4.907499999999999e-22,2660,-2.5997,0.0,0,28.0
0.31091,0.6861,0.014482,1.3517999999999998e-22,2668,-2.1297,0.0,0,28.0
0.40981,0.51818,0.08235,-4.4152e-20,2679,-1.6271,0.12817,0,28.0
0.48459,0.34929,0.021968,-1.094e-21,2684,-1.3725,0.0,0,28.0
0.52525,0.2026,0.022834,5.552199999999999e-21,2688,-1.2153,0.0,0,28.0
0.55973,0.049434,0.013899,-1.0856999999999999e-21,2692,-1.0692,0.0,0,28.0
0.56998,0.0,0.0,0.0,2695,-1.0,0.0,0,28.0
0.45908,0.37718,0.19085,3.8989e-20,2711,-1.3568,0.21499,0,28.0
0.50615,0.15052,0.21049,-2.4297e-20,2714,-1.1273,0.17859,0,28.0
0.53061,0.0,0.0,0.0,2716,-0.98769,0.15643,0,28.0
0.37499,0.55581,0.20365,-8.3298e-20,2729,-1.5885,0.38151,0,28.0
0.20563,0.82294,0.11448,-6.8591e-21,2740,-2.6029,0.84595,0,28.0
0.29843,0.68305,0.19873,1.7851e-20,2747,-1.8296,0.59459,0,28.0
0.3462,0.58614,0.25909,5.8469e-20,2750,-1.5541,0.50503,0,28.0
0.39005,0.44992,0.34432,-5.1449e-20,2753,-1.3071,0.42475,0,28.0
0.41115,0.23337,0.37908,9.2738e-20,2756,-1.0857,0.35279,0,28.0
0.42547,0.0,0.0,0.0,2758,-0.95106,0.30902,0,28.0
0.26938,0.66639,0.35457,-1.6338e-20,2792,-1.456,0.74178,0,28.0
0.26794,0.35593,0.50788,-1.8172000000000002e-19,2798,-1.0172,0.51827,0,28.0
0.26759,0.0,0.0,0.0,2800,-0.89101,0.45399,0,28.0
0.19913,0.79666,0.27845,-1.251e-21,2809,-1.7284,1.0589,0,28.0
0.22318,0.71451,0.393,1.7344e-20,2813,-1.393,0.85347,0,28.0
0.22212,0.62547,0.51892,6.0997e-20,2816,-1.1717,0.71792,0,28.0
0.09353,0.50007,0.58316,2.432e-19,2840,-0.92341,0.67086,0,28.0
0.076898,0.0,0.0,0.0,2842,-0.80902,0.58779,0,28.0
0.10656,0.93153,0.1753,2.4128e-20,2844,-2.2843,1.9505,0,28.0
0.12058,0.8215,0.44846,-4.6248e-20,2855,-1.2411,1.0599,0,28.0
0.084089,0.76967,0.58568,-1.2555000000000001e-20,2858,-1.0442,0.89178,0,28.0
0.13653,0.90579,0.0061665,-3.1075e-23,2912,-4.3358,0.0,0,28.0
0.16555,0.87389,0.037191,-5.854099999999999e-21,2951,-3.5732,0.46918,0,28.0
0.15729,0.88336,0.065288,-1.2711e-20,3011,-3.47,0.92747,0,28.0
0.063127,0.9847,0.079112,2.8183999999999997e-21,3372,-3.8187,3.4878,0,28.0
-0.0049758,1.0519,0.10439,4.9418e-22,4180,-1.5637,4.1771,0,28.0
-0.4399,0.0,0.0,0.0,4394,0.64945,-0.76041,0,28.0
-0.47933,0.0,0.0,0.0,4402,0.45399,-0.89101,0,28.0
-0.51422,0.0,0.0,0.0,4406,0.30902,-0.95106,0,28.0
-0.55042,0.0,0.0,0.0,4410,0.15643,-0.98769,0,28.0
-0.51452,0.76297,-0.10458,-4.2688e-20,4436,0.095424,-1.212,0,28.0
-0.44204,0.28246,0.0131,4.2884e-21,4441,0.67593,-1.1031,0,28.0
-0.44152,0.5552,0.00053668,1.5985e-20,4453,0.62391,-1.2246,0,28.0
-0.44712,1.1693,-0.25975,1.5455e-19,4459,-8.2717e-17,-1.3725,0,28.0
-0.41293,1.1067,-0.11047,-3.2586e-20,4477,0.47729,-1.4687,0,28.0
-0.41177,0.39594,0.040989,-1.0897e-20,4483,1.1532,-1.1532,0,28.0
-0.40524,0.86517,-0.013636,-2.5851e-20,4485,0.85347,-1.393,0,28.0
-0.28006,1.2316,-0.25266,-3.3404e-20,4514,-1.8199e-16,-1.8196,0,28.0
-0.19527,1.1761,-0.20288,6.6647e-20,4558,-2.7552e-16,-2.2408,0,28.0
-0.28424,1.1428,0.010162,3.1083e-20,4559,1.5316,-1.7937,0,28.0
-0.17684,1.1382,-0.00065538,-3.3775999999999997e-21,4615,2.1213,-2.1213,0,28.0
-0.35497,0.0,0.0,0.0,4627,0.98769,-0.15643,0,28.0
-0.36392,0.0,0.0,0.0,4631,0.95106,-0.30902,0,28.0
-0.38358,0.0,0.0,0.0,4635,0.89101,-0.45399,0,28.0
-0.41835,0.0,0.0,0.0,4641,0.76041,-0.64945,0,28.0
-0.37032,-0.019849,0.034508,6.673899999999999e-21,4646,1.0857,-0.35279,0,28.0
-0.41732,-0.018322,-0.031264,2.0085e-20,4651,0.86777,-0.74111,0,28.0
-0.36253,-0.033127,0.12678,-5.113599999999999e-22,4653,1.201,-0.19028,0,28.0
-0.39068,-0.034636,0.0028355,-1.2307e-20,4657,1.0838,-0.5522,0,28.0
-0.37511,-0.056489,0.084085,1.4544999999999999e-21,4664,1.2306,-0.39989,0,28.0
-0.41723,0.026096,-0.014879,3.961e-21,4669,0.98326,-0.83971,0,28.0
-0.39512,-0.043009,0.041935,1.0686e-20,4675,1.2246,-0.62391,0,28.0
-0.36759,-0.10145,0.20092,-1.4106e-20,4680,1.4391,-0.22804,0,28.0
-0.37889,-0.092179,0.12846,4.1897e-22,4682,1.3864,-0.45054,0,28.0
-0.41673,0.12096,0.016785,6.5924e-21,4687,1.1075,-0.94578,0,28.0
-0.37633,-0.16374,0.30053,-7.5793e-21,4715,1.8155,-0.14304,0,28.0
-0.37919,0.054384,0.16709,1.1426000000000001e-20,4729,1.7142,-0.87328,0,28.0
-0.37115,-0.21619,0.31588,1.24e-20,4743,2.1071,-0.33402,0,28.0
-0.35175,-0.13427,0.26641,1.1960000000000002e-20,4745,2.0308,-0.65999,0,28.0
-0.34925,0.13047,0.19883,6.5733e-20,4747,1.9027,-0.96929,0,28.0
-0.34833,0.5215,0.13195,7.1087e-20,4749,1.7261,-1.2538,0,28.0
-0.29792,-0.11116,0.28464,7.925e-21,4772,2.3614,-0.76747,0,28.0
-0.27353,-0.099056,0.27865,7.6434e-20,4781,2.4799,-0.80599,0,28.0
-0.1252,0.13512,0.14441,1.0267e-20,4818,2.9753,-1.1514,0,28.0
-0.29769,-0.1584,-0.010153,3.7406e-21,4825,3.3622,-0.47016,0,28.0
-0.076726,0.62041,0.061331,-4.1707e-20,4830,2.9641,-1.5704,0,28.0
-0.11322,1.0075,0.013036,9.565e-21,4832,2.6869,-1.9499,0,28.0
-0.18551,-0.10167,-0.16133,-4.46e-21,4846,3.7419,-0.70079,0,28.0
-0.036223,0.29523,-0.010711,-1.6710999999999999e-21,4849,3.5057,-1.3635,0,28.0
-0.26878,0.11382,-0.4821,5.852300000000001e-20,4864,4.2628,-0.23492,0,28.0
-0.15829,-0.006219,-0.3629,-1.6682e-20,4866,4.1971,-0.69968,0,28.0
-0.053373,0.13814,-0.21218,-2.8113000000000003e-20,4868,4.0596,-1.1477,0,28.0
-0.016104,0.51629,-0.10319,1.3533e-20,4870,3.8541,-1.5676,0,28.0
-0.18314,0.12042,-0.56201,-1.6159e-20,4885,4.728,-0.4678,0,28.0
-0.050515,0.40658,-0.26248,1.998e-20,4889,4.4592,-1.3602,0,28.0
-0.036219,0.91348,-0.12011,5.0545999999999994e-21,4892,4.0873,-1.9478,0,28.0
-0.09854,0.35116,-0.37189,-3.0470000000000004e-20,4898,4.812,-1.1452,0,28.0
-0.15214,0.34415,-0.44497,1.8632e-20,4907,5.1561,-0.92345,0,28.0
-0.19797,0.36201,-0.46086,3.0305999999999996e-21,4916,5.492,-0.6965,0,28.0
-0.11739,0.93692,-0.13849,-7.6539e-20,4921,5.0459,-1.7602,0,28.0
-0.21328,0.70128,-0.21233,2.6766e-20,4928,5.6516,-1.1424,0,28.0
-0.26116,0.60063,-0.18793,-3.6108e-20,4936,6.08,-0.69506,0,28.0
-0.20552,1.0159,-0.02179,7.0436e-20,4940,5.762,-1.5616,0,28.0
-0.27491,0.81789,0.033355,-1.6316e-20,4947,6.3357,-0.91989,0,28.0
-0.19958,1.1675,0.091459,1.1760000000000001e-20,4951,5.9608,-1.7579,0,28.0
-0.16196,0.91496,0.50694,1.9058e-20,4986,7.7527,-0.69096,0,28.0
-0.09832,0.83126,0.5196,-2.168e-23,5005,8.5472,-0.46122,0,28.0
-0.088153,0.92931,0.46192,-8.0084e-21,5008,8.3977,-1.1332,0,28.0
-0.057966,0.9583,0.36871,8.4592e-21,5021,8.5295,-1.7514,0,28.0
-0.062437,0.80588,0.42661,-5.1601e-21,5027,9.2813,-0.91101,0,28.0
-0.042678,0.67473,0.30052,6.8597e-20,5059,10.499,-1.3395,0,28.0
-0.12607,0.67295,-0.061229,1.6048000000000002e-20,5075,11.684,-0.45582,0,28.0
-0.025222,0.6298,0.11979,3.4555e-20,5081,11.32,-1.7443,0,28.0
-0.091648,0.78644,-0.40087,2.3988000000000002e-20,5095,12.738,-0.454,0,28.0
-0.077674,1.2259,0.0086934,8.2199e-22,5561,5.0613,-2.97,0,28.0
-0.082783,1.2342,0.039322,-1.2516e-20,5591,5.3695,-2.97,0,28.0
-0.086163,1.2347,0.074415,-5.8786e-21,5621,5.6893,-2.97,0,28.0
-0.066454,1.1885,0.067052,5.727199999999999e-21,5623,5.6893,-3.4878,0,28.0
-0.067335,1.1454,0.20131,-8.849099999999999e-21,5741,7.0919,-2.97,0,28.0
-0.031671,1.091,0.10473,-1.187e-21,5746,7.0919,-4.4072,0,28.0
-0.027263,1.083,0.090034,-1.0095e-21,5747,7.0919,-4.7572,0,28.0
-0.017238,1.0646,0.05393,8.8788e-22,5750,7.0919,-5.9596,0,28.0
-0.043662,1.0643,0.22501,2.2310999999999998e-21,5801,7.874,-2.97,0,28.0
-0.027396,1.0566,0.15583,2.681e-21,5804,7.874,-3.7739,0,28.0
-0.01749,0.91904,0.24642,-3.8553999999999995e-21,5889,9.1598,-2.5172,0,28.0
-0.00081336,0.97591,0.12228,-4.511899999999999e-21,5895,9.1598,-4.08,0,28.0
-0.0006437,0.82785,0.19074,3.4308999999999997e-22,5949,10.099,-2.5172,0,28.0
0.011072,0.89452,0.11643,-3.6944e-22,5953,10.099,-3.4878,0,28.0
0.01189,0.97084,0.050313,-2.7943e-23,5958,10.099,-5.1314,0,28.0
0.017583,0.78641,0.06934,-2.4324999999999997e-21,6011,11.109,-2.97,0,28.0
0.024127,0.89294,0.023047,-8.530399999999999e-22,6015,11.109,-4.08,0,28.0
0.015422,0.71657,-0.066178,-1.9718e-20,6070,12.196,-2.736,0,28.0
0.028394,0.94162,-0.050223,0.0,6077,12.196,-4.7572,0,28.0
0.021408,0.99078,-0.025677,4.927399999999999e-22,6080,12.196,-5.9596,0,28.0
-0.10132,1.0977,-0.22003,6.7776e-20,6745,-0.57975,-2.4134,0,28.0
0.060515,0.93835,-0.25385,-4.5958000000000003e-20,6748,-1.5316,-1.7937,0,28.0
0.089771,0.87871,-0.33684,-7.2658e-20,6789,-1.3571,-1.3571,0,28.0
0.07359,0.85174,-0.4356,4.7946e-20,6819,-1.1532,-1.1532,0,28.0
0.00062113,0.78891,-0.61013,5.1868e-20,6859,-0.91393,-0.91393,0,28.0
-0.15107,0.93606,-0.60416,7.9778e-20,6860,-0.76021,-1.0465,0,28.0
-0.39101,1.0067,-0.48041,-2.019e-20,6873,-0.46551,-1.1238,0,28.0
-0.49734,0.97741,-0.28932,4.9067000000000004e-20,6876,-0.19028,-1.201,0,28.0
-0.5668,0.35443,-0.062479,-5.3229e-20,6897,-0.083909,-1.066,0,28.0
-0.18704,0.0,0.0,0.0,6898,-0.64945,-0.76041,0,28.0
-0.35505,0.0,0.0,0.0,6901,-0.5225,-0.85264,0,28.0
-0.48016,0.0,0.0,0.0,6903,-0.38268,-0.92388,0,28.0
-0.57158,0.0,0.0,0.0,6906,-0.15643,-0.98769,0,28.0
-0.57819,0.0,0.0,0.0,6907,-0.078459,-0.99692,0,28.0
0.12841,0.89145,-0.15986,-1.8464e-20,6923,-2.3204,-1.6853,0,28.0
0.20581,0.81524,-0.093204,6.901e-21,6929,-2.6029,-0.84595,0,28.0
0.32161,0.65282,-0.12505,-8.6138e-21,6991,-1.87,-0.44916,0,28.0
0.24393,0.72804,-0.24309,-1.4043e-21,6994,-1.7142,-0.87328,0,28.0
0.17168,0.79853,-0.30042,4.9355000000000004e-20,6996,-1.5553,-1.1297,0,28.0
0.411,0.5153,-0.044869,4.6854e-20,7016,-1.6271,-0.12817,0,28.0
0.35063,0.57473,-0.22306,-6.1272e-20,7019,-1.5541,-0.50503,0,28.0
0.23418,0.6682,-0.39599,5.9497e-20,7031,-1.3165,-0.80663,0,28.0
0.4634,0.37059,-0.14739,-4.0709e-20,7044,-1.3568,-0.21499,0,28.0
0.41071,0.37753,-0.33175,-5.6066e-20,7055,-1.2306,-0.39989,0,28.0
0.22944,0.56083,-0.52294,7.7386e-20,7058,-1.1031,-0.67593,0,28.0
0.078889,0.71148,-0.59385,9.1002e-20,7060,-0.98326,-0.83971,0,28.0
0.51358,0.14441,-0.16977,2.2035e-20,7071,-1.1273,-0.17859,0,28.0
0.36702,0.16358,-0.29526,-1.443e-19,7083,-0.98812,-0.40929,0,28.0
0.53916,0.0,0.0,0.0,7089,-0.98769,-0.15643,0,28.0
0.49828,0.0,0.0,0.0,7090,-0.97237,-0.23345,0,28.0
0.20076,0.0,0.0,0.0,7094,-0.85264,-0.5225,0,28.0
0.0061079,0.0,0.0,0.0,7096,-0.76041,-0.64945,0,28.0
0.1655,0.87136,-0.021327,5.859399999999999e-21,7368,-3.5732,-0.46918,0,28.0
0.15112,0.8836,-0.063461,1.7558e-20,7371,-3.3916,-1.1488,0,28.0
0.065529,0.97418,-0.066594,-2.9672999999999997e-21,8062,-4.1311,-3.4878,0,28.0
-0.02115,1.0479,-0.12042,1.2745000000000001e-20,8451,-1.1464,-3.8396,0,28.0
-0.064059,1.0867,-0.11439,2.1593e-20,8570,-0.23491,-3.8016,0,28.0
-0.043616,1.0747,-0.089423,-3.8006999999999994e-21,8573,-0.23383,-4.5663,0,28.0
-0.32534,0.0,0.0,0.0,82,0.70711,0.70711,0,29.0
-0.31806,-0.018135,0.03468,-3.6631e-20,87,0.85936,0.85936,0,29.0
-0.3132,0.13173,0.026442,2.8695e-20,92,0.89178,1.0442,0,29.0
-0.28549,0.55162,0.051169,-4.1484e-21,101,1.2866,1.2866,0,29.0
-0.27206,1.2351,0.072291,-4.7163e-22,112,1.5316,1.7937,0,29.0
-0.2469,1.311,0.036409,-5.1542e-21,120,1.8605,2.1789,0,29.0
-0.33352,0.050805,0.019058,-8.1288e-21,126,0.71472,0.98382,0,29.0
-0.36073,0.0,0.0,0.0,145,0.5225,0.85264,0,29.0
-0.3313,0.35806,0.0218,-2.1855e-20,149,0.71792,1.1717,0,29.0
-0.28334,1.1693,0.10714,-4.7297e-20,155,1.0047,1.6399,0,29.0
-0.35815,0.18949,0.0070519,1.9587e-20,168,0.5522,1.0838,0,29.0
-0.35489,0.64742,0.052001,-1.1898e-20,191,0.52598,1.2698,0,29.0
-0.42107,0.0,0.0,0.0,208,0.30902,0.95106,0,29.0
-0.3913,0.3932,0.018076,4.8004e-20,210,0.37591,1.1568,0,29.0
-0.29932,1.2512,0.17925,9.375299999999999e-21,216,0.5338,1.6426,0,29.0
-0.40961,0.50901,0.039004,7.6408e-20,231,0.28397,1.1826,0,29.0
-0.37814,0.92099,0.1247,-4.0521e-20,233,0.32087,1.3362,0,29.0
-0.2741,1.2885,0.20807,-5.493000000000001e-20,238,0.42578,1.7727,0,29.0
-0.46109,0.47992,0.054389,-3.1549e-20,272,0.089562,1.1377,0,29.0
-0.41817,0.95131,0.1777,6.6626e-21,274,0.1015,1.289,0,29.0
-0.50754,0.0,0.0,0.0,292,0.0,1.0,0,29.0
-0.34645,0.0,0.0,0.0,313,1.0,0.0,0,29.0
-0.34305,-0.034433,0.10056,-4.3022e-21,319,1.212,0.095424,0,29.0
-0.35246,-0.058426,0.11077,1.4303e-20,320,1.2925,0.0,0,29.0
-0.35438,-0.098999,0.16665,3.361e-20,324,1.4555,0.0,0,29.0
-0.34356,-0.083112,0.19029,1.2840000000000002e-20,325,1.4519,0.11435,0,29.0
-0.34852,-0.12508,0.28778,6.654799999999999e-21,333,1.8155,0.14304,0,29.0
-0.36804,-0.18312,0.3528,-9.6724e-21,338,2.1297,0.0,0,29.0
-0.39692,-0.1271,0.37662,4.1655999999999996e-21,348,2.7283,0.0,0,29.0
-0.33542,0.0,0.0,0.0,355,0.98769,0.15643,0,29.0
-0.35361,-0.035156,0.3342,6.872699999999999e-21,367,2.1071,0.33402,0,29.0
-0.33003,-0.027883,0.11722,-5.7524999999999996e-21,378,1.1826,0.28397,0,29.0
-0.32872,-0.035361,0.1528,-9.0927e-21,379,1.258,0.30208,0,29.0
-0.32609,-0.043457,0.20946,-4.102199999999999e-21,381,1.4172,0.34035,0,29.0
-0.31689,0.035315,0.26218,2.5993e-20,406,1.7344,0.56364,0,29.0
-0.34225,0.18618,0.26787,9.356099999999999e-21,410,2.137,0.69452,0,29.0
-0.38623,0.35986,0.21458,6.2919e-20,413,2.4799,0.80599,0,29.0
-0.40436,0.42737,0.18224,-8.83e-21,414,2.6029,0.84595,0,29.0
-0.32458,0.0,0.0,0.0,418,0.92388,0.38268,0,29.0
-0.31891,0.21384,0.22887,1.5695e-20,430,1.973,0.81724,0,29.0
-0.31632,-0.029307,0.085958,6.7516e-22,441,1.0838,0.5522,0,29.0
-0.30447,-0.0068725,0.15369,-2.5046e-20,444,1.2989,0.66178,0,29.0
-0.32562,0.43388,0.15314,-2.0056e-20,453,2.1054,1.0726,0,29.0
-0.31899,0.0,0.0,0.0,460,0.85264,0.5225,0,29.0
-0.2864,0.16457,0.14034,4.7549e-21,469,1.5546,0.95244,0,29.0
-0.31272,-0.034342,0.055201,-6.1884e-21,483,0.98382,0.71472,0,29.0
-0.30259,-0.011566,0.077911,1.6516e-20,485,1.1114,0.8074,0,29.0
-0.29128,0.53602,0.085918,1.8458e-20,493,1.7261,1.2538,0,29.0
-0.46495,0.13537,0.18146,-3.1314e-20,523,3.187,0.23587,0,29.0
-0.42134,0.14298,-0.089615,4.1379e-20,528,3.8141,0.0,0,29.0
-0.36366,0.26211,-0.34259,3.7494000000000003e-20,532,4.2681,0.0,0,29.0
-0.40098,0.41061,-0.39271,-3.098e-20,533,4.2628,0.23492,0,29.0
-0.19287,0.42701,-0.60524,7.0264e-22,540,5.282,0.0,0,29.0
-0.16443,0.51142,-0.60171,-3.2594000000000003e-20,543,5.5544,0.23377,0,29.0
-0.13672,0.44158,-0.57239,-3.736e-21,547,6.1409,0.23326,0,29.0
-0.16416,0.37962,-0.54195,1.0514000000000001e-19,548,6.4555,0.0,0,29.0
-0.20707,0.55927,-0.0082822,-9.5345e-20,554,7.4555,0.0,0,29.0
-0.12361,0.71461,0.44412,1.688e-20,561,8.5669,0.23111,0,29.0
-0.086993,0.77087,0.51561,-3.9863e-21,565,9.382,0.23039,0,29.0
-0.094893,0.72213,0.48229,-3.953899999999999e-21,570,10.726,0.0,0,29.0
-0.16338,0.84896,-0.22193,1.6207e-20,626,12.738,0.454,0,29.0
-0.4234,0.72928,-0.44155,-6.4408e-20,641,4.1971,0.69968,0,29.0
-0.30262,0.75263,-0.57704,8.9345e-20,643,4.6868,0.69847,0,29.0
-0.091621,0.50695,-0.46863,-1.9717e-20,649,6.3905,0.6943,0,29.0
-0.11017,0.4775,0.025617,4.654999999999999e-22,653,7.7527,0.69096,0,29.0
-0.16706,0.78952,0.26266,-4.6088e-21,662,11.654,0.68139,0,29.0
-0.48129,0.69627,-0.044941,-2.6647999999999998e-21,675,3.2568,0.92918,0,29.0
-0.48079,0.80943,-0.24247,1.9654e-21,677,3.6808,0.9279,0,29.0
-0.18313,0.79917,-0.55991,-1.0215e-20,683,5.1561,0.92345,0,29.0
-0.44346,0.80158,-0.0090795,4.0176e-20,712,2.9753,1.1514,0,29.0
-0.39278,1.014,-0.42667,-1.6711999999999999e-21,717,4.0596,1.1477,0,29.0
-0.074563,0.70443,-0.41995,1.9926000000000002e-20,724,5.9526,1.1414,0,29.0
-0.048279,0.68999,0.43673,1.1584e-20,733,9.2192,1.1304,0,29.0
-0.27171,1.0604,-0.48142,3.4574e-20,757,4.4592,1.3602,0,29.0
-0.13093,0.88151,-0.46184,-3.166e-20,760,5.2716,1.3574,0,29.0
-0.023775,0.49232,-0.22436,7.297499999999999e-22,766,7.19,1.3508,0,29.0
-0.027828,0.53562,0.17457,-3.1231000000000003e-20,769,8.319,1.347,0,29.0
-0.08276,0.78442,0.49336,-5.2391e-20,774,10.499,1.3395,0,29.0
-0.37994,1.216,-0.23699,-3.7219e-20,791,3.3928,1.5691,0,29.0
-0.33849,1.2047,-0.35666,-6.1887e-20,793,3.8541,1.5676,0,29.0
-0.17008,0.99988,-0.44172,-4.1990000000000005e-20,797,4.8843,1.5643,0,29.0
-0.043232,0.7577,-0.32491,7.4266e-21,801,6.0767,1.5606,0,29.0
-0.14157,0.92458,0.26016,-1.6738000000000002e-20,814,11.41,1.5437,0,29.0
-0.34119,1.2734,-0.10731,4.2765e-20,828,2.8331,1.7658,0,29.0
-0.28316,1.2774,-0.25556,5.6466e-20,871,3.586,1.9485,0,29.0
-0.23314,1.1946,-0.32609,8.172099999999999e-21,873,4.0873,1.9478,0,29.0
-0.13322,1.0217,-0.35504,-3.2482e-20,876,4.9116,1.9466,0,29.0
-0.072475,0.90552,-0.32167,-5.9192999999999996e-21,878,5.5135,1.9457,0,29.0
0.010495,0.78589,-0.1346,-5.205199999999999e-21,961,6.7218,2.3126,0,29.0
-0.085383,1.0115,-0.24987,9.9333e-21,996,5.0613,2.5172,0,29.0
-0.04086,0.92395,-0.21894,6.113e-21,998,5.6893,2.5172,0,29.0
0.03476,0.75277,-0.011737,-5.0443999999999995e-21,1003,7.4758,2.5172,0,29.0
0.00087521,0.89735,0.29638,3.8539e-21,1049,10.099,2.736,0,29.0
-0.058826,1.1159,0.1398,-1.3999e-20,1051,11.109,2.736,0,29.0
0.039628,0.84105,0.21235,1.3961999999999998e-21,1087,9.1598,2.97,0,29.0
-0.062384,1.2279,-0.14068,2.3804e-20,1093,12.196,2.97,0,29.0
-0.061959,1.0248,-0.16451,7.9299e-21,1116,5.0613,3.2202,0,29.0
0.0093321,0.93714,-0.04498,-3.0894999999999996e-21,1201,6.7218,3.7739,0,29.0
0.032161,1.0269,0.11228,-2.6772999999999998e-21,1247,9.1598,4.08,0,29.0
-0.0015443,1.1775,0.022235,-1.7637e-21,1251,11.109,4.08,0,29.0
0.0032317,0.98963,-0.022746,2.5264999999999997e-21,1321,6.7218,4.7572,0,29.0
0.0013491,1.1205,-0.055356,0.0,1333,12.196,4.7572,0,29.0
-0.088352,1.1456,0.14034,3.1496e-20,2145,-4.3934e-16,3.1819,0,29.0
-0.06353,1.1224,0.10602,-1.6720000000000002e-20,2175,-4.2301e-16,3.807,0,29.0
-0.049739,1.1081,0.086383,-8.8608e-21,2195,-4.1015e-16,4.2993,0,29.0
0.10705,0.91418,0.28203,4.0880000000000005e-20,2456,-1.5845,1.5845,0,29.0
0.087153,0.86538,0.45644,-4.5850000000000005e-20,2468,-1.1532,1.1532,0,29.0
-0.030809,0.90219,0.59685,-4.2810000000000006e-20,2475,-0.89178,1.0442,0,29.0
-0.10574,0.82109,0.63855,-2.2171e-22,2479,-0.78951,0.92446,0,29.0
-0.18046,0.0,0.0,0.0,2484,-0.64945,0.76041,0,29.0
-0.036721,0.97671,0.50705,6.9108e-20,2499,-0.90709,1.2487,0,29.0
-0.15752,1.0364,0.57726,4.0423e-21,2522,-0.71792,1.1717,0,29.0
-0.33922,0.0,0.0,0.0,2527,-0.5225,0.85264,0,29.0
-0.010371,1.0443,0.27313,-1.4895000000000002e-20,2533,-1.0726,2.1054,0,29.0
-0.31197,0.98634,0.54503,-1.94e-20,2545,-0.5522,1.0838,0,29.0
-0.45177,0.0,0.0,0.0,2569,-0.38268,0.92388,0,29.0
-0.30392,1.1808,0.48305,1.8932e-21,2585,-0.42475,1.3071,0,29.0
-0.4024,1.0196,0.43187,-5.6006e-20,2587,-0.37591,1.1568,0,29.0
-0.51991,0.0,0.0,0.0,2632,-0.15643,0.98769,0,29.0
-0.14409,1.1833,0.23941,-4.9415e-20,2639,-0.17623,2.2362,0,29.0
-0.21747,1.2313,0.30193,-8.780899999999999e-21,2643,-0.14304,1.8155,0,29.0
-0.37956,1.202,0.33618,-1.3239e-19,2648,-0.10781,1.369,0,29.0
-0.45468,0.91025,0.23245,4.2232e-20,2650,-0.095424,1.212,0,29.0
-0.48307,0.64998,0.14488,6.2763e-20,2651,-0.089562,1.1377,0,29.0
0.24806,0.77425,0.0051313,-6.852499999999999e-22,2660,-2.5997,0.0,0,29.0
0.31228,0.68615,0.005635,3.3296e-22,2668,-2.1297,0.0,0,29.0
0.41319,0.51695,0.069745,-4.5837e-20,2679,-1.6271,0.12817,0,29.0
0.48615,0.34932,0.0063643,-8.7894e-22,2684,-1.3725,0.0,0,29.0
0.52688,0.20261,0.0057491,-1.695e-21,2688,-1.2153,0.0,0,29.0
0.56142,0.049443,0.0023253,-7.572399999999999e-22,2692,-1.0692,0.0,0,29.0
0.57167,0.0,0.0,0.0,2695,-1.0,0.0,0,29.0
0.46521,0.37432,0.17541,3.9336e-20,2711,-1.3568,0.21499,0,29.0
0.51353,0.14784,0.19443,-2.1784e-20,2714,-1.1273,0.17859,0,29.0
0.53843,0.0,0.0,0.0,2716,-0.98769,0.15643,0,29.0
0.38216,0.55203,0.19139,-8.0888e-20,2729,-1.5885,0.38151,0,29.0
0.21182,0.81998,0.10893,-7.199899999999999e-21,2740,-2.6029,0.84595,0,29.0
0.30638,0.67869,0.18921,2.0353e-20,2747,-1.8296,0.59459,0,29.0
0.35528,0.58109,0.24713,5.9297e-20,2750,-1.5541,0.50503,0,29.0
0.40077,0.44416,0.32935,-5.5056e-20,2753,-1.3071,0.42475,0,29.0
0.42429,0.22794,0.36329,8.965300000000001e-20,2756,-1.0857,0.35279,0,29.0
0.43949,0.0,0.0,0.0,2758,-0.95106,0.30902,0,29.0
0.28229,0.65878,0.34346,-1.8471e-20,2792,-1.456,0.74178,0,29.0
0.28697,0.34763,0.49256,-1.7548000000000001e-19,2798,-1.0172,0.51827,0,29.0
0.2879,0.0,0.0,0.0,2800,-0.89101,0.45399,0,29.0
0.21144,0.78944,0.27102,-2.7822999999999997e-21,2809,-1.7284,1.0589,0,29.0
0.23802,0.70562,0.38245,1.9238e-20,2813,-1.393,0.85347,0,29.0
0.23987,0.61523,0.50526,5.7398e-20,2816,-1.1717,0.71792,0,29.0
0.11859,0.48874,0.56855,2.3402000000000003e-19,2840,-0.92341,0.67086,0,29.0
0.10364,0.0,0.0,0.0,2842,-0.80902,0.58779,0,29.0
0.11767,0.92594,0.17283,2.2658e-20,2844,-2.2843,1.9505,0,29.0
0.13932,0.81002,0.43934,-4.2994e-20,2855,-1.2411,1.0599,0,29.0
0.10665,0.75631,0.57337,-1.3353e-20,2858,-1.0442,0.89178,0,29.0
0.13775,0.90583,0.0031647,-5.9135e-22,2912,-4.3358,0.0,0,29.0
0.16843,0.87305,0.033242,-6.2166999999999996e-21,2951,-3.5732,0.46918,0,29.0
0.1618,0.88165,0.061571,-1.1892e-20,3011,-3.47,0.92747,0,29.0
0.070643,0.98247,0.078701,2.7867999999999996e-21,3372,-3.8187,3.4878,0,29.0
0.0067858,1.0489,0.10753,1.1856e-22,4180,-1.5637,4.1771,0,29.0
-0.48432,0.0,0.0,0.0,4394,0.64945,-0.76041,0,29.0
-0.5264,0.0,0.0,0.0,4402,0.45399,-0.89101,0,29.0
-0.56413,0.0,0.0,0.0,4406,0.30902,-0.95106,0,29.0
-0.60244,0.0,0.0,0.0,4410,0.15643,-0.98769,0,29.0
-0.56408,0.79814,-0.1049,-4.8071e-20,4436,0.095424,-1.212,0,29.0
-0.48579,0.30825,0.015898,6.751799999999999e-21,4441,0.67593,-1.1031,0,29.0
-0.48615,0.59598,0.0053457,1.6242e-20,4453,0.62391,-1.2246,0,29.0
-0.49051,1.2045,-0.25826,1.6603000000000001e-19,4459,-8.2717e-17,-1.3725,0,29.0
-0.45548,1.1497,-0.10184,-3.402e-20,4477,0.47729,-1.4687,0,29.0
-0.45995,0.45147,0.03194,-5.455799999999999e-21,4483,1.1532,-1.1532,0,29.0
-0.44957,0.92025,-0.0057838,-2.6779e-20,4485,0.85347,-1.393,0,29.0
-0.31169,1.2528,-0.24392,-3.5767e-20,4514,-1.8199e-16,-1.8196,0,29.0
-0.22084,1.1917,-0.19243,7.1762e-20,4558,-2.7552e-16,-2.2408,0,29.0
-0.33406,1.1907,0.043596,3.1748e-20,4559,1.5316,-1.7937,0,29.0
-0.21241,1.1491,0.055511,-5.4213e-21,4615,2.1213,-2.1213,0,29.0
-0.36623,0.0,0.0,0.0,4627,0.98769,-0.15643,0,29.0
-0.39514,0.0,0.0,0.0,4631,0.95106,-0.30902,0,29.0
-0.42643,0.0,0.0,0.0,4635,0.89101,-0.45399,0,29.0
-0.46352,0.0,0.0,0.0,4641,0.76041,-0.64945,0,29.0
-0.40014,-0.032789,-0.042342,2.7153e-20,4646,1.0857,-0.35279,0,29.0
-0.46004,-0.020474,-0.04718,1.8901e-20,4651,0.86777,-0.74111,0,29.0
-0.37445,-0.045581,0.024073,3.9194e-21,4653,1.201,-0.19028,0,29.0
-0.43088,-0.038066,-0.063166,-1.2842e-20,4657,1.0838,-0.5522,0,29.0
-0.40676,-0.059048,-0.011999,1.7605999999999997e-21,4664,1.2306,-0.39989,0,29.0
-0.45893,0.036385,-0.041345,4.4737999999999995e-21,4669,0.98326,-0.83971,0,29.0
-0.43835,-0.025521,-0.031894,3.0681999999999997e-21,4675,1.2246,-0.62391,0,29.0
-0.38224,-0.10862,0.10338,-3.3834000000000003e-20,4680,1.4391,-0.22804,0,29.0
-0.41521,-0.078268,0.036766,2.7256e-21,4682,1.3864,-0.45054,0,29.0
-0.46083,0.1521,-0.010548,3.9943e-21,4687,1.1075,-0.94578,0,29.0
-0.37461,-0.18295,0.25308,-4.8769e-21,4715,1.8155,-0.14304,0,29.0
-0.44994,0.15352,0.13411,-3.2691999999999996e-21,4729,1.7142,-0.87328,0,29.0
-0.38797,-0.2079,0.32458,1.5155e-20,4743,2.1071,-0.33402,0,29.0
-0.41441,-0.049737,0.26,5.4974e-22,4745,2.0308,-0.65999,0,29.0
-0.42928,0.25823,0.19424,5.3999e-20,4747,1.9027,-0.96929,0,29.0
-0.42225,0.63795,0.14265,6.7873e-20,4749,1.7261,-1.2538,0,29.0
-0.36172,0.0018822,0.34473,1.0121e-20,4772,2.3614,-0.76747,0,29.0
-0.33437,0.019668,0.36236,9.495000000000001e-20,4781,2.4799,-0.80599,0,29.0
-0.16964,0.26502,0.28593,1.424e-20,4818,2.9753,-1.1514,0,29.0
-0.29869,-0.16393,0.26662,-2.3647000000000002e-20,4825,3.3622,-0.47016,0,29.0
-0.11421,0.71574,0.16356,-5.3589e-20,4830,2.9641,-1.5704,0,29.0
-0.14551,1.0266,0.090904,5.848e-21,4832,2.6869,-1.9499,0,29.0
-0.19785,-0.10874,0.12125,1.9946e-21,4846,3.7419,-0.70079,0,29.0
-0.041476,0.33952,0.15708,-7.615299999999999e-21,4849,3.5057,-1.3635,0,29.0
-0.31007,0.13531,-0.27835,7.0074e-20,4864,4.2628,-0.23492,0,29.0
-0.17281,-0.018548,-0.12197,-2.5093000000000002e-20,4866,4.1971,-0.69968,0,29.0
-0.036362,0.071955,0.01221,-3.3798e-20,4868,4.0596,-1.1477,0,29.0
0.012876,0.47633,0.032419,2.3404e-20,4870,3.8541,-1.5676,0,29.0
-0.19619,0.16622,-0.42253,-3.9494000000000003e-20,4885,4.728,-0.4678,0,29.0
0.0097074,0.23761,-0.13411,4.173399999999999e-21,4889,4.4592,-1.3602,0,29.0
0.019566,0.80562,-0.071046,6.487399999999999e-21,4892,4.0873,-1.9478,0,29.0
-0.035394,0.17224,-0.29816,-3.4004e-20,4898,4.812,-1.1452,0,29.0
-0.086424,0.2003,-0.45348,3.9562e-20,4907,5.1561,-0.92345,0,29.0
-0.12725,0.26329,-0.56069,-2.0583e-20,4916,5.492,-0.6965,0,29.0
-0.0024439,0.66921,-0.21925,-6.4232e-20,4921,5.0459,-1.7602,0,29.0
-0.094089,0.40662,-0.44637,3.5638e-20,4928,5.6516,-1.1424,0,29.0
-0.16252,0.38576,-0.53594,-2.1795e-20,4936,6.08,-0.69506,0,29.0
-0.092031,0.72127,-0.27394,7.5457e-20,4940,5.762,-1.5616,0,29.0
-0.18965,0.55859,-0.37521,1.6834000000000002e-20,4947,6.3357,-0.91989,0,29.0
-0.11544,0.9352,-0.16553,3.3201e-20,4951,5.9608,-1.7579,0,29.0
-0.22948,0.88209,0.30661,8.594e-21,4986,7.7527,-0.69096,0,29.0
-0.14698,0.87267,0.49637,1.1985000000000001e-20,5005,8.5472,-0.46122,0,29.0
-0.14056,1.0234,0.46303,-1.0128e-20,5008,8.3977,-1.1332,0,29.0
-0.092321,1.0722,0.38664,7.7891e-21,5021,8.5295,-1.7514,0,29.0
-0.082231,0.90142,0.46882,-3.6826999999999995e-21,5027,9.2813,-0.91101,0,29.0
-0.039055,0.79774,0.34913,3.9024e-20,5059,10.499,-1.3395,0,29.0
-0.10876,0.65118,0.28804,8.939199999999999e-21,5075,11.684,-0.45582,0,29.0
-0.022659,0.72022,0.25145,2.2548e-20,5081,11.32,-1.7443,0,29.0
-0.11584,0.71055,-0.14334,3.8827e-20,5095,12.738,-0.454,0,29.0
-0.033162,1.1687,-0.063176,-6.3322e-23,5561,5.0613,-2.97,0,29.0
-0.040797,1.1942,-0.047396,2.1555e-22,5591,5.3695,-2.97,0,29.0
-0.050158,1.2168,-0.021387,-2.9620999999999998e-21,5621,5.6893,-2.97,0,29.0
-0.042301,1.1801,0.001159,2.5001e-21,5623,5.6893,-3.4878,0,29.0
-0.069743,1.2132,0.14075,-1.2702e-20,5741,7.0919,-2.97,0,29.0
-0.029473,1.1197,0.078084,-1.0252999999999998e-21,5746,7.0919,-4.4072,0,29.0
-0.025237,1.1069,0.068498,-8.8397e-23,5747,7.0919,-4.7572,0,29.0
-0.016124,1.0777,0.043796,8.775499999999999e-22,5750,7.0919,-5.9596,0,29.0
-0.055887,1.1451,0.20214,2.071e-21,5801,7.874,-2.97,0,29.0
-0.032402,1.1094,0.13857,1.8311999999999997e-21,5804,7.874,-3.7739,0,29.0
-0.033301,1.0061,0.27182,-4.5876999999999996e-21,5889,9.1598,-2.5172,0,29.0
-0.0083319,1.0221,0.1371,-4.789599999999999e-21,5895,9.1598,-4.08,0,29.0
-0.01171,0.90717,0.23992,4.2554e-22,5949,10.099,-2.5172,0,29.0
0.0013764,0.94732,0.15767,1.1698e-23,5953,10.099,-3.4878,0,29.0
0.0070599,0.99221,0.074115,-3.7045e-22,5958,10.099,-5.1314,0,29.0
0.0092855,0.84622,0.1428,-2.7808999999999996e-21,6011,11.109,-2.97,0,29.0
0.016892,0.91621,0.078622,-5.8069e-22,6015,11.109,-4.08,0,29.0
0.011092,0.73875,0.064189,-1.984e-20,6070,12.196,-2.736,0,29.0
0.02522,0.92801,0.00056373,0.0,6077,12.196,-4.7572,0,29.0
0.020234,0.97883,-0.00091374,2.2851999999999997e-22,6080,12.196,-5.9596,0,29.0
-0.12102,1.1097,-0.21462,7.2419e-20,6745,-0.57975,-2.4134,0,29.0
0.046986,0.94779,-0.25647,-4.9462e-20,6748,-1.5316,-1.7937,0,29.0
0.074835,0.8897,-0.34271,-7.486600000000001e-20,6789,-1.3571,-1.3571,0,29.0
0.055833,0.86468,-0.44389,4.9558e-20,6819,-1.1532,-1.1532,0,29.0
-0.023144,0.80468,-0.62299,5.4899e-20,6859,-0.91393,-0.91393,0,29.0
-0.18013,0.95544,-0.61513,8.3004e-20,6860,-0.76021,-1.0465,0,29.0
-0.4309,1.0327,-0.48939,-2.0768e-20,6873,-0.46551,-1.1238,0,29.0
-0.54385,1.0094,-0.29422,5.225000000000001e-20,6876,-0.19028,-1.201,0,29.0
-0.61839,0.37057,-0.06444,-5.6744e-20,6897,-0.083909,-1.066,0,29.0
-0.22028,0.0,0.0,0.0,6898,-0.64945,-0.76041,0,29.0
-0.39452,0.0,0.0,0.0,6901,-0.5225,-0.85264,0,29.0
-0.5252,0.0,0.0,0.0,6903,-0.38268,-0.92388,0,29.0
-0.62255,0.0,0.0,0.0,6906,-0.15643,-0.98769,0,29.0
-0.63021,0.0,0.0,0.0,6907,-0.078459,-0.99692,0,29.0
0.1204,0.897,-0.1632,-1.8648e-20,6923,-2.3204,-1.6853,0,29.0
0.20221,0.81831,-0.098749,6.5745e-21,6929,-2.6029,-0.84595,0,29.0
0.3181,0.65618,-0.13488,-6.6215e-21,6991,-1.87,-0.44916,0,29.0
0.23552,0.73469,-0.25178,-2.8256999999999998e-21,6994,-1.7142,-0.87328,0,29.0
0.16001,0.80737,-0.3079,5.0521e-20,6996,-1.5553,-1.1297,0,29.0
0.41057,0.51661,-0.057481,4.53e-20,7016,-1.6271,-0.12817,0,29.0
0.34449,0.57987,-0.23505,-6.057600000000001e-20,7019,-1.5541,-0.50503,0,29.0
0.22149,0.67766,-0.40755,6.1862e-20,7031,-1.3165,-0.80663,0,29.0
0.4604,0.3735,-0.16285,-4.0470000000000005e-20,7044,-1.3568,-0.21499,0,29.0
0.40244,0.38354,-0.34779,-5.6982e-20,7055,-1.2306,-0.39989,0,29.0
0.21356,0.57155,-0.53781,8.4046e-20,7058,-1.1031,-0.67593,0,29.0
0.057778,0.72552,-0.60748,9.6486e-20,7060,-0.98326,-0.83971,0,29.0
0.50954,0.14712,-0.18585,2.4622e-20,7071,-1.1273,-0.17859,0,29.0
0.3535,0.16837,-0.30657,-1.4589000000000002e-19,7083,-0.98812,-0.40929,0,29.0
0.53474,0.0,0.0,0.0,7089,-0.98769,-0.15643,0,29.0
0.49077,0.0,0.0,0.0,7090,-0.97237,-0.23345,0,29.0
0.18057,0.0,0.0,0.0,7094,-0.85264,-0.5225,0,29.0
-0.020595,0.0,0.0,0.0,7096,-0.76041,-0.64945,0,29.0
0.16512,0.87228,-0.025269,5.5065e-21,7368,-3.5732,-0.46918,0,29.0
0.1483,0.88583,-0.066984,1.8211e-20,7371,-3.3916,-1.1488,0,29.0
0.060943,0.97621,-0.067071,-2.9922999999999998e-21,8062,-4.1311,-3.4878,0,29.0
-0.03236,1.0519,-0.11593,1.2899e-20,8451,-1.1464,-3.8396,0,29.0
-0.077241,1.0901,-0.1062,2.3755e-20,8570,-0.23491,-3.8016,0,29.0
-0.053718,1.0754,-0.082875,-4.2203e-21,8573,-0.23383,-4.5663,0,29.0
-0.30012,0.0,0.0,0.0,82,0.70711,0.70711,0,30.0
-0.2947,-0.016006,0.02427,-3.2204e-20,87,0.85936,0.85936,0,30.0
-0.2897,0.1211,0.018157,2.9209e-20,92,0.89178,1.0442,0,30.0
-0.25316,0.49699,0.040415,-1.1851e-20,101,1.2866,1.2866,0,30.0
-0.23045,1.1808,0.091357,-2.9016999999999997e-21,112,1.5316,1.7937,0,30.0
-0.21068,1.2849,0.073333,-4.1415999999999996e-21,120,1.8605,2.1789,0,30.0
-0.30814,0.048282,0.015661,-8.509e-21,126,0.71472,0.98382,0,30.0
-0.33276,0.0,0.0,0.0,145,0.5225,0.85264,0,30.0
-0.30477,0.33578,0.020072,-1.8343e-20,149,0.71792,1.1717,0,30.0
-0.2523,1.124,0.11414,-5.3039e-20,155,1.0047,1.6399,0,30.0
-0.3297,0.17896,0.0064193,1.9992e-20,168,0.5522,1.0838,0,30.0
-0.32521,0.61554,0.052069,-1.2924000000000001e-20,191,0.52598,1.2698,0,30.0
-0.38802,0.0,0.0,0.0,208,0.30902,0.95106,0,30.0
-0.35942,0.37423,0.018075,4.4633e-20,210,0.37591,1.1568,0,30.0
-0.27112,1.2187,0.18551,9.236e-21,216,0.5338,1.6426,0,30.0
-0.37613,0.48662,0.038658,7.1632e-20,231,0.28397,1.1826,0,30.0
-0.34619,0.8862,0.12462,-3.8575e-20,233,0.32087,1.3362,0,30.0
-0.24726,1.2626,0.21592,-5.2407e-20,238,0.42578,1.7727,0,30.0
-0.42422,0.46164,0.053191,-2.8610000000000004e-20,272,0.089562,1.1377,0,30.0
-0.38358,0.91986,0.17569,6.6200999999999996e-21,274,0.1015,1.289,0,30.0
-0.46855,0.0,0.0,0.0,292,0.0,1.0,0,30.0
-0.35379,0.0,0.0,0.0,313,1.0,0.0,0,30.0
-0.34386,-0.037864,-0.018381,-8.0056e-21,319,1.212,0.095424,0,30.0
-0.36121,-0.064059,-0.024726,2.4945e-20,320,1.2925,0.0,0,30.0
-0.36409,-0.10801,0.025004,5.9661e-20,324,1.4555,0.0,0,30.0
-0.34428,-0.10084,0.053341,1.6342e-20,325,1.4519,0.11435,0,30.0
-0.34173,-0.16868,0.17192,-1.0997e-20,333,1.8155,0.14304,0,30.0
-0.36733,-0.21828,0.2722,-1.5708e-20,338,2.1297,0.0,0,30.0
-0.35441,-0.1974,0.45034,1.4034e-20,348,2.7283,0.0,0,30.0
-0.32682,0.0,0.0,0.0,355,0.98769,0.15643,0,30.0
-0.31228,-0.12756,0.27462,1.1979e-20,367,2.1071,0.33402,0,30.0
-0.31848,-0.028654,0.01967,-9.2433e-21,378,1.1826,0.28397,0,30.0
-0.31721,-0.043916,0.042844,-1.5758e-20,379,1.258,0.30208,0,30.0
-0.31278,-0.07019,0.092114,-5.9408e-21,381,1.4172,0.34035,0,30.0
-0.28335,-0.035873,0.17946,1.2001e-20,406,1.7344,0.56364,0,30.0
-0.27443,0.07308,0.24413,7.2521e-21,410,2.137,0.69452,0,30.0
-0.29059,0.22829,0.25602,3.9216e-20,413,2.4799,0.80599,0,30.0
-0.30215,0.29354,0.24725,-1.4369e-20,414,2.6029,0.84595,0,30.0
-0.30228,0.0,0.0,0.0,418,0.92388,0.38268,0,30.0
-0.25975,0.11437,0.19375,-4.0575e-21,430,1.973,0.81724,0,30.0
-0.29571,-0.026787,0.034127,-9.7019e-23,441,1.0838,0.5522,0,30.0
-0.28337,-0.029498,0.08183,-3.2421e-20,444,1.2989,0.66178,0,30.0
-0.25081,0.32104,0.15264,-8.2195e-21,453,2.1054,1.0726,0,30.0
-0.29411,0.0,0.0,0.0,460,0.85264,0.5225,0,30.0
-0.25159,0.10617,0.094207,-9.797000000000001e-21,469,1.5546,0.95244,0,30.0
-0.29036,-0.03132,0.029075,-5.1098999999999995e-21,483,0.98382,0.71472,0,30.0
-0.28122,-0.019178,0.040886,1.6776e-20,485,1.1114,0.8074,0,30.0
-0.23878,0.4473,0.074177,-4.4816e-22,493,1.7261,1.2538,0,30.0
-0.3765,0.016642,0.38123,6.370199999999999e-21,523,3.187,0.23587,0,30.0
-0.38441,0.071038,0.21776,3.0442e-20,528,3.8141,0.0,0,30.0
-0.37772,0.21716,-0.043961,5.2637e-20,532,4.2681,0.0,0,30.0
-0.42112,0.36717,-0.11002,8.371199999999999e-21,533,4.2628,0.23492,0,30.0
-0.23685,0.47484,-0.52914,-1.2814e-20,540,5.282,0.0,0,30.0
-0.20621,0.6062,-0.59789,-3.9467e-20,543,5.5544,0.23377,0,30.0
-0.13909,0.60236,-0.58573,3.5753e-20,547,6.1409,0.23326,0,30.0
-0.13089,0.52675,-0.58607,2.5869e-20,548,6.4555,0.0,0,30.0
-0.16619,0.47228,-0.4356,-8.7169e-20,554,7.4555,0.0,0,30.0
-0.16183,0.6197,0.1497,3.3919e-20,561,8.5669,0.23111,0,30.0
-0.11473,0.74971,0.44477,-5.188099999999999e-21,565,9.382,0.23039,0,30.0
-0.077281,0.79799,0.48841,-3.5197e-22,570,10.726,0.0,0,30.0
-0.15986,0.78377,0.17866,1.6721999999999998e-21,626,12.738,0.454,0,30.0
-0.44857,0.68421,-0.19832,-2.4924e-20,641,4.1971,0.69968,0,30.0
-0.38075,0.78123,-0.43366,7.7394e-20,643,4.6868,0.69847,0,30.0
-0.10344,0.6818,-0.51137,-4.9408e-21,649,6.3905,0.6943,0,30.0
-0.099696,0.46262,-0.32717,-3.4650000000000004e-21,653,7.7527,0.69096,0,30.0
-0.10598,0.77137,0.48131,-3.1264999999999996e-21,662,11.654,0.68139,0,30.0
-0.38947,0.57156,0.13125,-2.4065e-20,675,3.2568,0.92918,0,30.0
-0.43522,0.70788,-0.016119,2.7195e-20,677,3.6808,0.9279,0,30.0
-0.26049,0.90859,-0.55544,-9.841799999999999e-21,683,5.1561,0.92345,0,30.0
-0.34651,0.65912,0.11941,2.6049000000000002e-20,712,2.9753,1.1514,0,30.0
-0.41541,0.97417,-0.23848,-2.7270999999999996e-21,717,4.0596,1.1477,0,30.0
-0.11607,0.83854,-0.49075,1.2333e-20,724,5.9526,1.1414,0,30.0
-0.051461,0.61223,0.26734,1.5037e-20,733,9.2192,1.1304,0,30.0
-0.33316,1.1304,-0.39773,2.9153e-20,757,4.4592,1.3602,0,30.0
-0.19295,1.0122,-0.49251,-2.9223e-20,760,5.2716,1.3574,0,30.0
-0.034698,0.65582,-0.31672,1.2082e-21,766,7.19,1.3508,0,30.0
-0.033732,0.49598,-0.10712,-3.7553e-20,769,8.319,1.347,0,30.0
-0.04696,0.76312,0.46347,-5.1418e-20,774,10.499,1.3395,0,30.0
-0.34754,1.1416,-0.09753,-1.7841e-20,791,3.3928,1.5691,0,30.0
-0.35179,1.2059,-0.22987,-6.4991e-20,793,3.8541,1.5676,0,30.0
-0.23075,1.1226,-0.43814,-3.2245e-20,797,4.8843,1.5643,0,30.0
-0.08178,0.87458,-0.39935,1.1577e-20,801,6.0767,1.5606,0,30.0
-0.077058,0.83388,0.46292,-9.0739e-21,814,11.41,1.5437,0,30.0
-0.28719,1.1968,-0.013599,1.6925e-20,828,2.8331,1.7658,0,30.0
-0.2827,1.3111,-0.16818,4.2945e-20,871,3.586,1.9485,0,30.0
-0.25975,1.2755,-0.2662,9.9093e-21,873,4.0873,1.9478,0,30.0
-0.17722,1.1337,-0.359,-4.0753e-20,876,4.9116,1.9466,0,30.0
-0.11341,1.0131,-0.36261,4.8509e-21,878,5.5135,1.9457,0,30.0
-0.017583,0.85277,-0.22491,-7.5316e-21,961,6.7218,2.3126,0,30.0
-0.11474,1.0941,-0.2643,1.5275000000000002e-20,996,5.0613,2.5172,0,30.0
-0.070681,1.0018,-0.2616,7.7668e-21,998,5.6893,2.5172,0,30.0
0.013555,0.79693,-0.12103,-7.3348e-21,1003,7.4758,2.5172,0,30.0
0.028073,0.76436,0.25211,1.8726999999999997e-21,1049,10.099,2.736,0,30.0
-0.0089323,0.91487,0.31301,-1.2945e-20,1051,11.109,2.736,0,30.0
0.043287,0.78364,0.11525,1.4333999999999999e-21,1087,9.1598,2.97,0,30.0
-0.053281,1.163,0.077821,1.2937e-20,1093,12.196,2.97,0,30.0
-0.080198,1.0796,-0.1788,5.4744e-21,1116,5.0613,3.2202,0,30.0
-0.0048857,0.95594,-0.097523,-3.6118e-21,1201,6.7218,3.7739,0,30.0
0.036491,0.95398,0.080837,-3.6219e-22,1247,9.1598,4.08,0,30.0
0.017262,1.122,0.11118,-2.2934e-21,1251,11.109,4.08,0,30.0
-0.0039365,0.99507,-0.055185,2.7908e-21,1321,6.7218,4.7572,0,30.0
0.0076159,1.136,0.0023591,0.0,1333,12.196,4.7572,0,30.0
-0.073015,1.136,0.1488,2.9505e-20,2145,-4.3934e-16,3.1819,0,30.0
-0.050732,1.1165,0.11422,-1.5764000000000002e-20,2175,-4.2301e-16,3.807,0,30.0
-0.038561,1.1042,0.093908,-8.3998e-21,2195,-4.1015e-16,4.2993,0,30.0
0.11924,0.90456,0.27626,3.9233e-20,2456,-1.5845,1.5845,0,30.0
0.10392,0.85235,0.44648,-4.4717000000000004e-20,2468,-1.1532,1.1532,0,30.0
-0.0081693,0.88565,0.58488,-4.2968e-20,2475,-0.89178,1.0442,0,30.0
-0.078826,0.80389,0.62479,-2.1762999999999997e-21,2479,-0.78951,0.92446,0,30.0
-0.1493,0.0,0.0,0.0,2484,-0.64945,0.76041,0,30.0
-0.015886,0.96047,0.49823,6.5573e-20,2499,-0.90709,1.2487,0,30.0
-0.13164,1.017,0.56751,5.3214e-21,2522,-0.71792,1.1717,0,30.0
-0.30397,0.0,0.0,0.0,2527,-0.5225,0.85264,0,30.0
0.004738,1.0321,0.27173,-1.4092e-20,2533,-1.0726,2.1054,0,30.0
-0.27947,0.96449,0.53441,-1.7529e-20,2545,-0.5522,1.0838,0,30.0
-0.4135,0.0,0.0,0.0,2569,-0.38268,0.92388,0,30.0
-0.2739,1.1568,0.47703,2.3315999999999997e-21,2585,-0.42475,1.3071,0,30.0
-0.3672,0.99489,0.42365,-5.3297e-20,2587,-0.37591,1.1568,0,30.0
-0.47989,0.0,0.0,0.0,2632,-0.15643,0.98769,0,30.0
-0.12419,1.1669,0.24429,-4.6428e-20,2639,-0.17623,2.2362,0,30.0
-0.19354,1.2109,0.30479,-8.749199999999999e-21,2643,-0.14304,1.8155,0,30.0
-0.34703,1.1729,0.33356,-1.2583e-19,2648,-0.10781,1.369,0,30.0
-0.41778,0.88291,0.22806,3.9808e-20,2650,-0.095424,1.212,0,30.0
-0.44464,0.62896,0.1414,6.013e-20,2651,-0.089562,1.1377,0,30.0
0.24969,0.77425,-0.0029062,-8.1749e-22,2660,-2.5997,0.0,0,30.0
0.31394,0.68614,-0.0047632,4.9935e-22,2668,-2.1297,0.0,0,30.0
0.41641,0.51561,0.05544,-4.7227e-20,2679,-1.6271,0.12817,0,30.0
0.4878,0.34931,-0.011008,-6.3659999999999995e-22,2684,-1.3725,0.0,0,30.0
0.52852,0.20261,-0.012943,-8.304099999999999e-21,2688,-1.2153,0.0,0,30.0
0.56304,0.049439,-0.0099125,-3.9203e-22,2692,-1.0692,0.0,0,30.0
0.57329,0.0,0.0,0.0,2695,-1.0,0.0,0,30.0
0.47079,0.37131,0.15821,3.9769e-20,2711,-1.3568,0.21499,0,30.0
0.52035,0.14504,0.17715,-1.956e-20,2714,-1.1273,0.17859,0,30.0
0.54568,0.0,0.0,0.0,2716,-0.98769,0.15643,0,30.0
0.38848,0.54806,0.17744,-7.9029e-20,2729,-1.5885,0.38151,0,30.0
0.21707,0.81673,0.10199,-7.4568e-21,2740,-2.6029,0.84595,0,30.0
0.31316,0.67409,0.17807,2.2484e-20,2747,-1.8296,0.59459,0,30.0
0.36313,0.5758,0.23348,6.0228e-20,2750,-1.5541,0.50503,0,30.0
0.41027,0.43813,0.31266,-5.871e-20,2753,-1.3071,0.42475,0,30.0
0.43628,0.22233,0.34641,8.7052e-20,2756,-1.0857,0.35279,0,30.0
0.45236,0.0,0.0,0.0,2758,-0.95106,0.30902,0,30.0
0.29318,0.65087,0.33067,-2.0456e-20,2792,-1.456,0.74178,0,30.0
0.30406,0.33919,0.47638,-1.703e-19,2798,-1.0172,0.51827,0,30.0
0.30631,0.0,0.0,0.0,2800,-0.89101,0.45399,0,30.0
0.22145,0.78184,0.26195,-4.0687e-21,2809,-1.7284,1.0589,0,30.0
0.25042,0.69641,0.37023,2.1158e-20,2813,-1.393,0.85347,0,30.0
0.25516,0.60468,0.49002,5.423000000000001e-20,2816,-1.1717,0.71792,0,30.0
0.14068,0.47747,0.55341,2.2617e-19,2840,-0.92341,0.67086,0,30.0
0.12741,0.0,0.0,0.0,2842,-0.80902,0.58779,0,30.0
0.12648,0.91968,0.16895,2.1594e-20,2844,-2.2843,1.9505,0,30.0
0.15466,0.79825,0.42852,-4.0137e-20,2855,-1.2411,1.0599,0,30.0
0.12571,0.74276,0.55956,-1.4261e-20,2858,-1.0442,0.89178,0,30.0
0.13929,0.90583,-0.00070287,-1.0008e-21,2912,-4.3358,0.0,0,30.0
0.17119,0.87206,0.028207,-6.487399999999999e-21,2951,-3.5732,0.46918,0,30.0
0.16575,0.87967,0.05676,-1.1302e-20,3011,-3.47,0.92747,0,30.0
0.076803,0.97957,0.07768,2.7608e-21,3372,-3.8187,3.4878,0,30.0
0.016232,1.0444,0.11004,-1.3268999999999999e-22,4180,-1.5637,4.1771,0,30.0
-0.50776,0.0,0.0,0.0,4394,0.64945,-0.76041,0,30.0
-0.55338,0.0,0.0,0.0,4402,0.45399,-0.89101,0,30.0
-0.59476,0.0,0.0,0.0,4406,0.30902,-0.95106,0,30.0
-0.63649,0.0,0.0,0.0,4410,0.15643,-0.98769,0,30.0
-0.59726,0.82463,-0.10666,-4.7887e-20,4436,0.095424,-1.212,0,30.0
-0.50943,0.32273,0.015453,1.0506e-20,4441,0.67593,-1.1031,0,30.0
-0.51128,0.62411,0.0057951,1.574e-20,4453,0.62391,-1.2246,0,30.0
-0.52008,1.2345,-0.25973,1.735e-19,4459,-8.2717e-17,-1.3725,0,30.0
-0.48157,1.1852,-0.098953,-3.5686000000000003e-20,4477,0.47729,-1.4687,0,30.0
-0.48351,0.48519,0.016075,-8.2856e-22,4483,1.1532,-1.1532,0,30.0
-0.4743,0.9623,-0.0050971,-2.4943e-20,4485,0.85347,-1.393,0,30.0
-0.33291,1.2739,-0.24007,-3.7197000000000003e-20,4514,-1.8199e-16,-1.8196,0,30.0
-0.23829,1.2089,-0.18647,7.4741e-20,4558,-2.7552e-16,-2.2408,0,30.0
-0.37386,1.2405,0.061317,2.8289e-20,4559,1.5316,-1.7937,0,30.0
-0.25348,1.1803,0.1012,-8.709699999999999e-21,4615,2.1213,-2.1213,0,30.0
-0.38953,0.0,0.0,0.0,4627,0.98769,-0.15643,0,30.0
-0.42739,0.0,0.0,0.0,4631,0.95106,-0.30902,0,30.0
-0.45852,0.0,0.0,0.0,4635,0.89101,-0.45399,0,30.0
-0.48857,0.0,0.0,0.0,4641,0.76041,-0.64945,0,30.0
-0.42928,-0.038966,-0.11422,3.5377e-20,4646,1.0857,-0.35279,0,30.0
-0.48303,-0.023169,-0.056137,1.6302e-20,4651,0.86777,-0.74111,0,30.0
-0.39637,-0.048378,-0.093664,7.4117e-21,4653,1.201,-0.19028,0,30.0
-0.45811,-0.037615,-0.12168,-1.0840000000000001e-20,4657,1.0838,-0.5522,0,30.0
-0.43581,-0.050878,-0.11833,1.463e-21,4664,1.2306,-0.39989,0,30.0
-0.47924,0.038024,-0.06248,4.8067999999999995e-21,4669,0.98326,-0.83971,0,30.0
-0.46555,-0.007079,-0.10993,-7.8676e-21,4675,1.2246,-0.62391,0,30.0
-0.40825,-0.095845,-0.034671,-5.2641e-20,4680,1.4391,-0.22804,0,30.0
-0.44788,-0.04915,-0.079792,9.040799999999999e-21,4682,1.3864,-0.45054,0,30.0
-0.48088,0.16619,-0.038421,8.8314e-22,4687,1.1075,-0.94578,0,30.0
-0.39893,-0.17484,0.1254,-1.3336e-20,4715,1.8155,-0.14304,0,30.0
-0.50312,0.24399,0.065637,-1.5337e-20,4729,1.7142,-0.87328,0,30.0
-0.43442,-0.15026,0.23236,1.7727e-20,4743,2.1071,-0.33402,0,30.0
-0.48475,0.070592,0.18031,-1.0662e-20,4745,2.0308,-0.65999,0,30.0
-0.49787,0.37717,0.14668,2.5761000000000002e-20,4747,1.9027,-0.96929,0,30.0
-0.4785,0.73336,0.12729,5.3738e-20,4749,1.7261,-1.2538,0,30.0
-0.44606,0.16934,0.31721,1.2006e-20,4772,2.3614,-0.76747,0,30.0
-0.41979,0.20199,0.35531,1.0591e-19,4781,2.4799,-0.80599,0,30.0
-0.24561,0.48665,0.36063,1.1678e-20,4818,2.9753,-1.1514,0,30.0
-0.28695,-0.13585,0.48808,7.5069e-21,4825,3.3622,-0.47016,0,30.0
-0.1823,0.85215,0.2518,-5.6078e-20,4830,2.9641,-1.5704,0,30.0
-0.19743,1.0743,0.16316,-9.0868e-22,4832,2.6869,-1.9499,0,30.0
-0.19551,-0.064058,0.39618,1.1443e-20,4846,3.7419,-0.70079,0,30.0
-0.086703,0.52268,0.27306,-1.3594e-20,4849,3.5057,-1.3635,0,30.0
-0.31702,0.092158,0.032207,6.1083e-20,4864,4.2628,-0.23492,0,30.0
-0.17025,-0.027755,0.19177,-4.4690000000000004e-20,4866,4.1971,-0.69968,0,30.0
-0.046669,0.15397,0.24653,-2.7577e-20,4868,4.0596,-1.1477,0,30.0
-0.011269,0.58747,0.1586,1.6598000000000002e-20,4870,3.8541,-1.5676,0,30.0
-0.2157,0.14556,-0.17653,-3.5786e-20,4885,4.728,-0.4678,0,30.0
0.018587,0.24383,0.084834,-7.3893e-21,4889,4.4592,-1.3602,0,30.0
0.016742,0.7993,0.027752,4.7516999999999994e-21,4892,4.0873,-1.9478,0,30.0
-0.022176,0.13396,-0.06235,-3.9775e-20,4898,4.812,-1.1452,0,30.0
-0.074152,0.18202,-0.26487,5.0623e-20,4907,5.1561,-0.92345,0,30.0
-0.1133,0.29195,-0.43945,-3.6666e-20,4916,5.492,-0.6965,0,30.0
0.058899,0.51253,-0.12903,-3.9224e-20,4921,5.0459,-1.7602,0,30.0
-0.037094,0.29222,-0.39306,5.4349e-20,4928,5.6516,-1.1424,0,30.0
-0.10812,0.38759,-0.55736,1.843e-20,4936,6.08,-0.69506,0,30.0
0.0068791,0.45097,-0.32573,7.3273e-20,4940,5.762,-1.5616,0,30.0
-0.098775,0.41014,-0.54915,-2.6797e-20,4947,6.3357,-0.91989,0,30.0
-0.00398,0.62823,-0.30212,2.9044e-20,4951,5.9608,-1.7579,0,30.0
-0.23267,0.71505,-0.12982,-1.9247e-20,4986,7.7527,-0.69096,0,30.0
-0.21072,0.81658,0.26942,2.4195e-20,5005,8.5472,-0.46122,0,30.0
-0.20803,1.0275,0.29954,-7.428399999999999e-21,5008,8.3977,-1.1332,0,30.0
-0.14282,1.1723,0.33566,1.1809e-20,5021,8.5295,-1.7514,0,30.0
-0.13204,0.97573,0.47343,-4.031199999999999e-21,5027,9.2813,-0.91101,0,30.0
-0.049359,0.8955,0.38702,2.3364e-20,5059,10.499,-1.3395,0,30.0
-0.076325,0.7315,0.42682,3.9072e-21,5075,11.684,-0.45582,0,30.0
-0.023621,0.8298,0.30142,1.1723000000000001e-20,5081,11.32,-1.7443,0,30.0
-0.10933,0.67357,0.20895,3.1664e-20,5095,12.738,-0.454,0,30.0
0.0053179,1.0752,-0.090564,-2.8193999999999998e-21,5561,5.0613,-2.97,0,30.0
0.0033711,1.1037,-0.10017,1.0794e-20,5591,5.3695,-2.97,0,30.0
-0.0035822,1.1377,-0.099359,1.859e-21,5621,5.6893,-2.97,0,30.0
-0.011548,1.132,-0.054808,-2.5512999999999997e-21,5623,5.6893,-3.4878,0,30.0
-0.053821,1.2455,0.035647,-1.438e-20,5741,7.0919,-2.97,0,30.0
-0.020551,1.1333,0.036971,-5.9515e-22,5746,7.0919,-4.4072,0,30.0
-0.017815,1.1182,0.035347,5.9237e-22,5747,7.0919,-4.7572,0,30.0
-0.012217,1.0845,0.027606,6.6108e-22,5750,7.0919,-5.9596,0,30.0
-0.060658,1.2203,0.13768,1.1528e-21,5801,7.874,-2.97,0,30.0
-0.030708,1.1544,0.095533,6.252699999999999e-22,5804,7.874,-3.7739,0,30.0
-0.05339,1.1049,0.27389,-6.2535e-21,5889,9.1598,-2.5172,0,30.0
-0.013457,1.072,0.13256,-4.791199999999999e-21,5895,9.1598,-4.08,0,30.0
-0.025364,0.99253,0.26842,5.439099999999999e-22,5949,10.099,-2.5172,0,30.0
-0.0074824,1.0086,0.17782,5.462399999999999e-22,5953,10.099,-3.4878,0,30.0
0.0036593,1.0209,0.08591,-6.537199999999999e-22,5958,10.099,-5.1314,0,30.0
0.0011875,0.9128,0.19158,-3.2436999999999995e-21,6011,11.109,-2.97,0,30.0
0.010623,0.9554,0.11627,-5.1836e-22,6015,11.109,-4.08,0,30.0
0.0081129,0.80759,0.14941,-1.5353e-20,6070,12.196,-2.736,0,30.0
0.021453,0.93822,0.045896,0.0,6077,12.196,-4.7572,0,30.0
0.018625,0.9803,0.024416,1.6633e-23,6080,12.196,-5.9596,0,30.0
-0.13447,1.1231,-0.21212,7.543e-20,6745,-0.57975,-2.4134,0,30.0
0.037755,0.95771,-0.26095,-5.2058e-20,6748,-1.5316,-1.7937,0,30.0
0.06415,0.90087,-0.35039,-7.6249e-20,6789,-1.3571,-1.3571,0,30.0
0.042466,0.87762,-0.45388,5.0662e-20,6819,-1.1532,-1.1532,0,30.0
-0.04255,0.82018,-0.63695,5.7862e-20,6859,-0.91393,-0.91393,0,30.0
-0.20329,0.974,-0.62712,8.5656e-20,6860,-0.76021,-1.0465,0,30.0
-0.46166,1.0557,-0.4987,-2.0806e-20,6873,-0.46551,-1.1238,0,30.0
-0.57751,1.0359,-0.29969,5.4814e-20,6876,-0.19028,-1.201,0,30.0
-0.65513,0.38195,-0.066161,-5.7844e-20,6897,-0.083909,-1.066,0,30.0
-0.24831,0.0,0.0,0.0,6898,-0.64945,-0.76041,0,30.0
-0.42671,0.0,0.0,0.0,6901,-0.5225,-0.85264,0,30.0
-0.56052,0.0,0.0,0.0,6903,-0.38268,-0.92388,0,30.0
-0.65987,0.0,0.0,0.0,6906,-0.15643,-0.98769,0,30.0
-0.66733,0.0,0.0,0.0,6907,-0.078459,-0.99692,0,30.0
0.11521,0.90301,-0.16803,-1.8754e-20,6923,-2.3204,-1.6853,0,30.0
0.20021,0.82155,-0.1057,6.329899999999999e-21,6929,-2.6029,-0.84595,0,30.0
0.31593,0.65962,-0.14632,-4.988499999999999e-21,6991,-1.87,-0.44916,0,30.0
0.2296,0.74152,-0.26211,-4.0437e-21,6994,-1.7142,-0.87328,0,30.0
0.15166,0.8164,-0.31708,5.1152e-20,6996,-1.5553,-1.1297,0,30.0
0.41068,0.51793,-0.071785,4.3866e-20,7016,-1.6271,-0.12817,0,30.0
0.33999,0.58514,-0.2487,-5.9635e-20,7019,-1.5541,-0.50503,0,30.0
0.21163,0.68725,-0.42071,6.3645e-20,7031,-1.3165,-0.80663,0,30.0
0.45813,0.37649,-0.18005,-4.001e-20,7044,-1.3568,-0.21499,0,30.0
0.3955,0.38973,-0.36542,-5.7311e-20,7055,-1.2306,-0.39989,0,30.0
0.20027,0.5824,-0.55401,9.0897e-20,7058,-1.1031,-0.67593,0,30.0
0.040368,0.73947,-0.62229,1.0189000000000001e-19,7060,-0.98326,-0.83971,0,30.0
0.50597,0.14991,-0.20312,2.6867e-20,7071,-1.1273,-0.17859,0,30.0
0.34135,0.17318,-0.3182,-1.4646e-19,7083,-0.98812,-0.40929,0,30.0
0.53071,0.0,0.0,0.0,7089,-0.98769,-0.15643,0,30.0
0.48391,0.0,0.0,0.0,7090,-0.97237,-0.23345,0,30.0
0.16265,0.0,0.0,0.0,7094,-0.85264,-0.5225,0,30.0
-0.043769,0.0,0.0,0.0,7096,-0.76041,-0.64945,0,30.0
0.1655,0.87327,-0.030307,5.2502e-21,7368,-3.5732,-0.46918,0,30.0
0.1469,0.8883,-0.07164,1.8683e-20,7371,-3.3916,-1.1488,0,30.0
0.058132,0.97881,-0.06816,-3.0221999999999998e-21,8062,-4.1311,-3.4878,0,30.0
-0.040218,1.0578,-0.11251,1.3159e-20,8451,-1.1464,-3.8396,0,30.0
-0.086985,1.0965,-0.09912,2.5327e-20,8570,-0.23491,-3.8016,0,30.0
-0.061403,1.0788,-0.076417,-4.5447999999999995e-21,8573,-0.23383,-4.5663,0,30.0
-0.30189,0.0,0.0,0.0,82,0.70711,0.70711,0,31.0
-0.29819,-0.0086864,0.012551,-2.8954e-20,87,0.85936,0.85936,0,31.0
-0.29398,0.12588,0.0053493,2.9e-20,92,0.89178,1.0442,0,31.0
-0.25011,0.47287,0.014495,-2.0114000000000002e-20,101,1.2866,1.2866,0,31.0
-0.2069,1.1321,0.089363,-9.348e-21,112,1.5316,1.7937,0,31.0
-0.18112,1.2464,0.092626,-2.8527999999999996e-21,120,1.8605,2.1789,0,31.0
-0.31056,0.054881,0.0094387,-7.425699999999999e-21,126,0.71472,0.98382,0,31.0
-0.33333,0.0,0.0,0.0,145,0.5225,0.85264,0,31.0
-0.30629,0.33329,0.012964,-1.5281e-20,149,0.71792,1.1717,0,31.0
-0.24479,1.0932,0.10746,-6.5902e-20,155,1.0047,1.6399,0,31.0
-0.32964,0.18144,0.0022125,2.0735e-20,168,0.5522,1.0838,0,31.0
-0.3233,0.60464,0.047066,-1.5405e-20,191,0.52598,1.2698,0,31.0
-0.38416,0.0,0.0,0.0,208,0.30902,0.95106,0,31.0
-0.3561,0.37104,0.01508,4.1195e-20,210,0.37591,1.1568,0,31.0
-0.26551,1.1968,0.1823,9.769799999999999e-21,216,0.5338,1.6426,0,31.0
-0.37102,0.48061,0.035926,6.7541e-20,231,0.28397,1.1826,0,31.0
-0.34095,0.87009,0.12036,-3.8104e-20,233,0.32087,1.3362,0,31.0
-0.2407,1.2432,0.21452,-5.3323e-20,238,0.42578,1.7727,0,31.0
-0.41536,0.45629,0.051485,-2.1258000000000002e-20,272,0.089562,1.1377,0,31.0
-0.37521,0.90475,0.17176,8.402099999999999e-21,274,0.1015,1.289,0,31.0
-0.45736,0.0,0.0,0.0,292,0.0,1.0,0,31.0
-0.37076,0.0,0.0,0.0,313,1.0,0.0,0,31.0
-0.35737,-0.031927,-0.12827,-1.0168e-20,319,1.212,0.095424,0,31.0
-0.37774,-0.055494,-0.15159,2.6662e-20,320,1.2925,0.0,0,31.0
-0.38294,-0.096172,-0.12187,6.4241e-20,324,1.4555,0.0,0,31.0
-0.3602,-0.098863,-0.093141,2.3084e-20,325,1.4519,0.11435,0,31.0
-0.36233,-0.17943,0.0082159,-1.1810000000000001e-20,333,1.8155,0.14304,0,31.0
-0.40196,-0.20319,0.11102,-1.6083000000000002e-20,338,2.1297,0.0,0,31.0
-0.37144,-0.20496,0.38256,1.9086e-20,348,2.7283,0.0,0,31.0
-0.33549,0.0,0.0,0.0,355,0.98769,0.15643,0,31.0
-0.31521,-0.1949,0.13099,8.080599999999999e-21,367,2.1071,0.33402,0,31.0
-0.32572,-0.024113,-0.076518,-1.0209e-20,378,1.1826,0.28397,0,31.0
-0.32504,-0.044617,-0.069693,-1.8847e-20,379,1.258,0.30208,0,31.0
-0.32152,-0.084647,-0.040033,-9.389399999999999e-21,381,1.4172,0.34035,0,31.0
-0.28279,-0.097586,0.050054,7.1972e-21,406,1.7344,0.56364,0,31.0
-0.24574,-0.04416,0.14322,7.282399999999999e-21,410,2.137,0.69452,0,31.0
-0.22475,0.069176,0.21237,-6.743899999999999e-21,413,2.4799,0.80599,0,31.0
-0.22275,0.12345,0.22925,-3.4833e-21,414,2.6029,0.84595,0,31.0
-0.30173,0.0,0.0,0.0,418,0.92388,0.38268,0,31.0
-0.23621,0.013013,0.097082,-2.4963e-20,430,1.973,0.81724,0,31.0
-0.29799,-0.023649,-0.019809,5.4843e-22,441,1.0838,0.5522,0,31.0
-0.28733,-0.048223,-0.0033749,-3.2726e-20,444,1.2989,0.66178,0,31.0
-0.20593,0.20879,0.093732,8.704e-21,453,2.1054,1.0726,0,31.0
-0.29308,0.0,0.0,0.0,460,0.85264,0.5225,0,31.0
-0.24761,0.059302,0.018891,-2.2424000000000002e-20,469,1.5546,0.95244,0,31.0
-0.2931,-0.026576,0.0018517,-4.5217999999999996e-21,483,0.98382,0.71472,0,31.0
-0.28579,-0.020848,-0.0015814,1.6179000000000002e-20,485,1.1114,0.8074,0,31.0
-0.2161,0.38549,0.029379,-2.6418e-20,493,1.7261,1.2538,0,31.0
-0.30807,-0.12421,0.47569,5.0902000000000003e-20,523,3.187,0.23587,0,31.0
-0.31299,-0.042613,0.49362,4.754399999999999e-21,528,3.8141,0.0,0,31.0
-0.32703,0.10589,0.30516,5.3867e-20,532,4.2681,0.0,0,31.0
-0.36504,0.23953,0.22191,4.0483e-20,533,4.2628,0.23492,0,31.0
-0.28571,0.43713,-0.29777,-2.9449000000000003e-20,540,5.282,0.0,0,31.0
-0.27147,0.61685,-0.47009,-3.3083000000000003e-20,543,5.5544,0.23377,0,31.0
-0.17724,0.67659,-0.58482,7.031e-20,547,6.1409,0.23326,0,31.0
-0.13841,0.61952,-0.58312,-2.9732e-20,548,6.4555,0.0,0,31.0
-0.11736,0.57591,-0.55399,-3.7553e-20,554,7.4555,0.0,0,31.0
-0.15294,0.53268,-0.28253,3.6204e-20,561,8.5669,0.23111,0,31.0
-0.15486,0.65812,0.16418,-2.0062e-20,565,9.382,0.23039,0,31.0
-0.091182,0.82968,0.49447,3.3163999999999996e-21,570,10.726,0.0,0,31.0
-0.11049,0.77198,0.43554,-6.7525e-21,626,12.738,0.454,0,31.0
-0.39061,0.55054,0.081729,1.7788e-20,641,4.1971,0.69968,0,31.0
-0.3984,0.70408,-0.16039,2.8674e-20,643,4.6868,0.69847,0,31.0
-0.13988,0.80032,-0.5618,5.2378e-21,649,6.3905,0.6943,0,31.0
-0.080525,0.61206,-0.44449,-7.678299999999999e-21,653,7.7527,0.69096,0,31.0
-0.073573,0.79718,0.49321,-3.2404999999999996e-22,662,11.654,0.68139,0,31.0
-0.27177,0.38275,0.25387,-2.6182e-20,675,3.2568,0.92918,0,31.0
-0.33053,0.53794,0.18304,3.5411e-20,677,3.6808,0.9279,0,31.0
-0.33277,0.9348,-0.41787,-8.335799999999999e-21,683,5.1561,0.92345,0,31.0
-0.23746,0.4815,0.18866,9.7901e-21,712,2.9753,1.1514,0,31.0
-0.36251,0.8347,-0.010295,4.3729e-22,717,4.0596,1.1477,0,31.0
-0.17314,0.96304,-0.52235,1.4342e-20,724,5.9526,1.1414,0,31.0
-0.062072,0.53358,-0.036271,1.9348e-20,733,9.2192,1.1304,0,31.0
-0.34721,1.0859,-0.21553,1.1523e-20,757,4.4592,1.3602,0,31.0
-0.25877,1.1119,-0.44568,-1.5215e-20,760,5.2716,1.3574,0,31.0
-0.054651,0.78572,-0.38419,5.1401999999999996e-21,766,7.19,1.3508,0,31.0
-0.035403,0.59821,-0.28195,-3.0927e-20,769,8.319,1.347,0,31.0
-0.037907,0.70848,0.35991,-5.9586e-20,774,10.499,1.3395,0,31.0
-0.2703,0.98996,0.033262,2.5797999999999996e-21,791,3.3928,1.5691,0,31.0
-0.30965,1.0989,-0.064825,-4.8413e-20,793,3.8541,1.5676,0,31.0
-0.2795,1.1981,-0.3547,-2.4494999999999997e-21,797,4.8843,1.5643,0,31.0
-0.12675,0.99799,-0.43961,1.1571e-20,801,6.0767,1.5606,0,31.0
-0.041825,0.79582,0.44958,-7.550499999999999e-21,814,11.41,1.5437,0,31.0
-0.21403,1.0756,0.055544,-8.1052e-22,828,2.8331,1.7658,0,31.0
-0.2481,1.274,-0.058988,2.0760000000000002e-20,871,3.586,1.9485,0,31.0
-0.25658,1.2973,-0.16072,8.321000000000001e-21,873,4.0873,1.9478,0,31.0
-0.21318,1.2338,-0.31242,-4.5492e-20,876,4.9116,1.9466,0,31.0
-0.15478,1.1274,-0.36379,2.3586000000000002e-20,878,5.5135,1.9457,0,31.0
-0.044869,0.93734,-0.28071,-1.0215e-20,961,6.7218,2.3126,0,31.0
-0.13847,1.1769,-0.2451,2.0253e-20,996,5.0613,2.5172,0,31.0
-0.098622,1.0884,-0.27286,9.3934e-21,998,5.6893,2.5172,0,31.0
-0.0090257,0.86056,-0.20395,-8.223899999999999e-21,1003,7.4758,2.5172,0,31.0
0.032061,0.71166,0.12691,5.0389e-22,1049,10.099,2.736,0,31.0
0.017393,0.79406,0.28373,-1.1887000000000001e-20,1051,11.109,2.736,0,31.0
0.033184,0.78767,0.0079764,1.466e-21,1087,9.1598,2.97,0,31.0
-0.014297,0.98355,0.27136,1.0386e-20,1093,12.196,2.97,0,31.0
-0.094421,1.1355,-0.1693,2.5523999999999998e-21,1116,5.0613,3.2202,0,31.0
-0.020142,0.99296,-0.13386,-3.8285e-21,1201,6.7218,3.7739,0,31.0
0.030867,0.91707,0.020821,1.8201999999999997e-21,1247,9.1598,4.08,0,31.0
0.031751,1.0181,0.14534,-9.7651e-22,1251,11.109,4.08,0,31.0
-0.013093,1.0141,-0.080191,2.8166999999999996e-21,1321,6.7218,4.7572,0,31.0
0.017508,1.1111,0.065068,0.0,1333,12.196,4.7572,0,31.0
-0.066757,1.1256,0.15308,2.851e-20,2145,-4.3934e-16,3.1819,0,31.0
-0.045091,1.1089,0.11954,-1.5130000000000002e-20,2175,-4.2301e-16,3.807,0,31.0
-0.03348,1.0986,0.099435,-8.04e-21,2195,-4.1015e-16,4.2993,0,31.0
0.1237,0.89702,0.2703,3.8687e-20,2456,-1.5845,1.5845,0,31.0
0.11109,0.84267,0.43749,-4.4402e-20,2468,-1.1532,1.1532,0,31.0
0.002382,0.87375,0.57469,-4.3746e-20,2475,-0.89178,1.0442,0,31.0
-0.065387,0.79196,0.61411,-4.1696e-21,2479,-0.78951,0.92446,0,31.0
-0.13302,0.0,0.0,0.0,2484,-0.64945,0.76041,0,31.0
-0.0071076,0.94868,0.48996,6.3566e-20,2499,-0.90709,1.2487,0,31.0
-0.12027,1.0034,0.55881,6.624499999999999e-21,2522,-0.71792,1.1717,0,31.0
-0.28682,0.0,0.0,0.0,2527,-0.5225,0.85264,0,31.0
0.009881,1.0224,0.26855,-1.3864e-20,2533,-1.0726,2.1054,0,31.0
-0.26491,0.95054,0.52622,-1.5827e-20,2545,-0.5522,1.0838,0,31.0
-0.39658,0.0,0.0,0.0,2569,-0.38268,0.92388,0,31.0
-0.26241,1.141,0.47058,3.4106999999999996e-21,2585,-0.42475,1.3071,0,31.0
-0.35301,0.98032,0.4172,-5.2084e-20,2587,-0.37591,1.1568,0,31.0
-0.46562,0.0,0.0,0.0,2632,-0.15643,0.98769,0,31.0
-0.11776,1.1533,0.24416,-4.6264000000000003e-20,2639,-0.17623,2.2362,0,31.0
-0.18635,1.1957,0.30268,-9.026899999999999e-21,2643,-0.14304,1.8155,0,31.0
-0.337,1.1554,0.32877,-1.2474000000000002e-19,2648,-0.10781,1.369,0,31.0
-0.40615,0.86945,0.22399,3.5623e-20,2650,-0.095424,1.212,0,31.0
-0.43247,0.62024,0.1388,5.7222e-20,2651,-0.089562,1.1377,0,31.0
0.25031,0.77419,-0.010153,-8.483999999999999e-22,2660,-2.5997,0.0,0,31.0
0.31453,0.68609,-0.013866,5.866199999999999e-22,2668,-2.1297,0.0,0,31.0
0.41768,0.51456,0.043353,-4.7934e-20,2679,-1.6271,0.12817,0,31.0
0.48821,0.34927,-0.025388,-4.3555e-22,2684,-1.3725,0.0,0,31.0
0.52885,0.20259,-0.028116,-1.2393e-20,2688,-1.2153,0.0,0,31.0
0.56328,0.04943,-0.019451,-9.4563e-23,2692,-1.0692,0.0,0,31.0
0.57352,0.0,0.0,0.0,2695,-1.0,0.0,0,31.0
0.47339,0.36898,0.14397,4.0185e-20,2711,-1.3568,0.21499,0,31.0
0.52384,0.14289,0.16339,-1.8258e-20,2714,-1.1273,0.17859,0,31.0
0.5495,0.0,0.0,0.0,2716,-0.98769,0.15643,0,31.0
0.39125,0.54499,0.16561,-7.8271e-20,2729,-1.5885,0.38151,0,31.0
0.21899,0.81409,0.095565,-7.552199999999999e-21,2740,-2.6029,0.84595,0,31.0
0.31593,0.67051,0.16835,2.3636e-20,2747,-1.8296,0.59459,0,31.0
0.36663,0.57173,0.22188,6.1017e-20,2750,-1.5541,0.50503,0,31.0
0.41499,0.43351,0.29885,-6.1422e-20,2753,-1.3071,0.42475,0,31.0
0.44288,0.21808,0.33309,8.5688e-20,2756,-1.0857,0.35279,0,31.0
0.45965,0.0,0.0,0.0,2758,-0.95106,0.30902,0,31.0
0.29807,0.64485,0.31971,-2.1741e-20,2792,-1.456,0.74178,0,31.0
0.31356,0.33294,0.46382,-1.6769000000000003e-19,2798,-1.0172,0.51827,0,31.0
0.31681,0.0,0.0,0.0,2800,-0.89101,0.45399,0,31.0
0.2254,0.77597,0.25372,-4.7396e-21,2809,-1.7284,1.0589,0,31.0
0.25595,0.68944,0.35968,2.2578e-20,2813,-1.393,0.85347,0,31.0
0.26279,0.59675,0.47738,5.2386000000000004e-20,2816,-1.1717,0.71792,0,31.0
0.15275,0.46937,0.5419,2.2184e-19,2840,-0.92341,0.67086,0,31.0
0.1407,0.0,0.0,0.0,2842,-0.80902,0.58779,0,31.0
0.12957,0.91446,0.16473,2.1246e-20,2844,-2.2843,1.9505,0,31.0
0.16133,0.78945,0.41896,-3.8481000000000003e-20,2855,-1.2411,1.0599,0,31.0
0.13498,0.73276,0.54803,-1.5037e-20,2858,-1.0442,0.89178,0,31.0
0.13988,0.9058,-0.0043784,-1.1384999999999998e-21,2912,-4.3358,0.0,0,31.0
0.17221,0.87119,0.023463,-6.583799999999999e-21,2951,-3.5732,0.46918,0,31.0
0.16717,0.87798,0.052168,-1.111e-20,3011,-3.47,0.92747,0,31.0
0.079016,0.9768,0.076327,2.7468999999999997e-21,3372,-3.8187,3.4878,0,31.0
0.019835,1.0395,0.11125,-1.8258e-22,4180,-1.5637,4.1771,0,31.0
-0.5039,0.0,0.0,0.0,4394,0.64945,-0.76041,0,31.0
-0.55287,0.0,0.0,0.0,4402,0.45399,-0.89101,0,31.0
-0.59769,0.0,0.0,0.0,4406,0.30902,-0.95106,0,31.0
-0.64325,0.0,0.0,0.0,4410,0.15643,-0.98769,0,31.0
-0.60514,0.83508,-0.10949,-4.1714e-20,4436,0.095424,-1.212,0,31.0
-0.5066,0.32135,0.011129,1.4510000000000002e-20,4441,0.67593,-1.1031,0,31.0
-0.51019,0.63154,0.0012122,1.443e-20,4453,0.62391,-1.2246,0,31.0
-0.52815,1.2513,-0.26391,1.7466000000000003e-19,4459,-8.2717e-17,-1.3725,0,31.0
-0.48447,1.2043,-0.10293,-3.7078e-20,4477,0.47729,-1.4687,0,31.0
-0.47594,0.48818,-0.003263,1.4174999999999998e-21,4483,1.1532,-1.1532,0,31.0
-0.47304,0.98069,-0.012343,-2.0819e-20,4485,0.85347,-1.393,0,31.0
-0.33849,1.2891,-0.24205,-3.7296e-20,4514,-1.8199e-16,-1.8196,0,31.0
-0.24341,1.2229,-0.18648,7.4822e-20,4558,-2.7552e-16,-2.2408,0,31.0
-0.39301,1.281,0.058712,2.1883e-20,4559,1.5316,-1.7937,0,31.0
-0.28777,1.2231,0.12504,-1.1785e-20,4615,2.1213,-2.1213,0,31.0
-0.41014,0.0,0.0,0.0,4627,0.98769,-0.15643,0,31.0
-0.44403,0.0,0.0,0.0,4631,0.95106,-0.30902,0,31.0
-0.4664,0.0,0.0,0.0,4635,0.89101,-0.45399,0,31.0
-0.48599,0.0,0.0,0.0,4641,0.76041,-0.64945,0,31.0
-0.44232,-0.038283,-0.15839,3.3466e-20,4646,1.0857,-0.35279,0,31.0
-0.47957,-0.026597,-0.057888,1.4244000000000002e-20,4651,0.86777,-0.74111,0,31.0
-0.41351,-0.041143,-0.1886,8.5816e-21,4653,1.201,-0.19028,0,31.0
-0.46103,-0.035639,-0.15576,-8.1728e-21,4657,1.0838,-0.5522,0,31.0
-0.44629,-0.037841,-0.20167,1.0236999999999999e-21,4664,1.2306,-0.39989,0,31.0
-0.47265,0.030332,-0.074054,5.0209e-21,4669,0.98326,-0.83971,0,31.0
-0.46509,0.0040052,-0.16948,-1.2877e-20,4675,1.2246,-0.62391,0,31.0
-0.42733,-0.068047,-0.16833,-5.9137e-20,4680,1.4391,-0.22804,0,31.0
-0.4584,-0.018801,-0.18486,1.3881e-20,4682,1.3864,-0.45054,0,31.0
-0.47142,0.15953,-0.06022,-1.4613e-21,4687,1.1075,-0.94578,0,31.0
-0.43134,-0.13351,-0.037066,-3.1570000000000004e-20,4715,1.8155,-0.14304,0,31.0
-0.517,0.29597,-0.018588,-2.2057e-20,4729,1.7142,-0.87328,0,31.0
-0.48563,-0.060693,0.081503,1.8402000000000002e-20,4743,2.1071,-0.33402,0,31.0
-0.5302,0.17277,0.0615,-2.0974e-20,4745,2.0308,-0.65999,0,31.0
-0.52934,0.44853,0.069054,-1.0375e-20,4747,1.9027,-0.96929,0,31.0
-0.49931,0.78269,0.088154,2.9504e-20,4749,1.7261,-1.2538,0,31.0
-0.52166,0.31372,0.23142,1.467e-20,4772,2.3614,-0.76747,0,31.0
-0.50399,0.36338,0.28811,8.3732e-20,4781,2.4799,-0.80599,0,31.0
-0.33962,0.69392,0.40015,3.2049e-22,4818,2.9753,-1.1514,0,31.0
-0.31739,0.018025,0.5518,8.4988e-20,4825,3.3622,-0.47016,0,31.0
-0.26083,0.98385,0.31582,-5.0668e-20,4830,2.9641,-1.5704,0,31.0
-0.25114,1.1383,0.21199,-9.9466e-21,4832,2.6869,-1.9499,0,31.0
-0.21557,0.128,0.53028,1.4398e-20,4846,3.7419,-0.70079,0,31.0
-0.16001,0.72603,0.3577,-1.7579e-20,4849,3.5057,-1.3635,0,31.0
-0.27582,0.015591,0.38392,4.4124000000000003e-20,4864,4.2628,-0.23492,0,31.0
-0.16076,0.050182,0.46268,-3.3093e-20,4866,4.1971,-0.69968,0,31.0
-0.080519,0.3888,0.37162,-1.6724e-20,4868,4.0596,-1.1477,0,31.0
-0.069248,0.74473,0.26072,7.946299999999999e-21,4870,3.8541,-1.5676,0,31.0
-0.20874,0.090352,0.17791,-1.5595e-20,4885,4.728,-0.4678,0,31.0
-0.0042351,0.41308,0.24224,-1.6873e-20,4889,4.4592,-1.3602,0,31.0
-0.023196,0.84486,0.13865,4.109e-21,4892,4.0873,-1.9478,0,31.0
-0.022738,0.18828,0.20567,-3.4961000000000003e-20,4898,4.812,-1.1452,0,31.0
-0.071918,0.15696,0.025097,5.7547e-20,4907,5.1561,-0.92345,0,31.0
-0.12017,0.25742,-0.21196,-5.3125e-20,4916,5.492,-0.6965,0,31.0
0.06037,0.53722,0.01858,-3.0444999999999997e-21,4921,5.0459,-1.7602,0,31.0
-0.023646,0.26468,-0.17965,6.195000000000001e-20,4928,5.6516,-1.1424,0,31.0
-0.098245,0.40528,-0.43815,4.2212e-20,4936,6.08,-0.69506,0,31.0
0.039312,0.3602,-0.16271,7.3444e-20,4940,5.762,-1.5616,0,31.0
-0.066583,0.42209,-0.45588,-6.2482e-20,4947,6.3357,-0.91989,0,31.0
0.049449,0.46392,-0.20974,1.6913e-20,4951,5.9608,-1.7579,0,31.0
-0.15243,0.57113,-0.5161,-2.2454e-20,4986,7.7527,-0.69096,0,31.0
-0.21147,0.66841,-0.19377,2.4716e-20,5005,8.5472,-0.46122,0,31.0
-0.21097,0.85994,-0.11605,2.9650999999999996e-21,5008,8.3977,-1.1332,0,31.0
-0.17466,1.1327,0.098139,2.2802e-20,5021,8.5295,-1.7514,0,31.0
-0.2031,0.95841,0.29184,-3.3891e-21,5027,9.2813,-0.91101,0,31.0
-0.080335,0.99111,0.4265,1.7908e-20,5059,10.499,-1.3395,0,31.0
-0.067013,0.82188,0.44654,2.2225e-21,5075,11.684,-0.45582,0,31.0
-0.03618,0.92201,0.3393,6.078899999999999e-21,5081,11.32,-1.7443,0,31.0
-0.07947,0.72822,0.39886,1.7102e-20,5095,12.738,-0.454,0,31.0
0.019034,0.98698,-0.05777,-6.2392999999999995e-21,5561,5.0613,-2.97,0,31.0
0.026782,1.0017,-0.087808,1.2244e-20,5591,5.3695,-2.97,0,31.0
0.029386,1.0263,-0.11411,5.4278e-21,5621,5.6893,-2.97,0,31.0
0.011739,1.0573,-0.073159,-6.498799999999999e-21,5623,5.6893,-3.4878,0,31.0
-0.014892,1.1948,-0.093947,-8.8103e-21,5741,7.0919,-2.97,0,31.0
-0.0065156,1.1225,-0.009951,9.9088e-23,5746,7.0919,-4.4072,0,31.0
-0.0067583,1.1104,-0.0023159,5.449299999999999e-22,5747,7.0919,-4.7572,0,31.0
-0.0070743,1.0821,0.0090134,2.3625e-22,5750,7.0919,-5.9596,0,31.0
-0.047647,1.2523,0.018266,-1.1565999999999999e-21,5801,7.874,-2.97,0,31.0
-0.019602,1.1759,0.026041,-7.2774e-22,5804,7.874,-3.7739,0,31.0
-0.079478,1.2123,0.23244,-8.8254e-21,5889,9.1598,-2.5172,0,31.0
-0.016274,1.1202,0.10561,-4.0178e-21,5895,9.1598,-4.08,0,31.0
-0.046596,1.0906,0.27753,6.637299999999999e-22,5949,10.099,-2.5172,0,31.0
-0.017718,1.0768,0.17663,1.5918e-21,5953,10.099,-3.4878,0,31.0
0.00057967,1.0525,0.084305,-9.0958e-22,5958,10.099,-5.1314,0,31.0
-0.010429,0.98608,0.21976,-4.077599999999999e-21,6011,11.109,-2.97,0,31.0
0.0031622,1.0037,0.13609,-4.9406e-22,6015,11.109,-4.08,0,31.0
0.00065244,0.88299,0.2018,-1.3158e-20,6070,12.196,-2.736,0,31.0
0.015989,0.96423,0.079277,0.0,6077,12.196,-4.7572,0,31.0
0.015549,0.99256,0.044809,-1.8654999999999998e-22,6080,12.196,-5.9596,0,31.0
-0.1386,1.1341,-0.21314,7.6051e-20,6745,-0.57975,-2.4134,0,31.0
0.034618,0.96541,-0.26606,-5.3034e-20,6748,-1.5316,-1.7937,0,31.0
0.059891,0.90918,-0.35777,-7.6409e-20,6789,-1.3571,-1.3571,0,31.0
0.036406,0.88704,-0.46284,5.0947e-20,6819,-1.1532,-1.1532,0,31.0
-0.052984,0.83119,-0.64821,5.993e-20,6859,-0.91393,-0.91393,0,31.0
-0.21487,0.98673,-0.63688,8.6993e-20,6860,-0.76021,-1.0465,0,31.0
-0.47537,1.0696,-0.50583,-2.0301e-20,6873,-0.46551,-1.1238,0,31.0
-0.58949,1.0496,-0.30431,5.5994e-20,6876,-0.19028,-1.201,0,31.0
-0.66713,0.38534,-0.067175,-5.605900000000001e-20,6897,-0.083909,-1.066,0,31.0
-0.26404,0.0,0.0,0.0,6898,-0.64945,-0.76041,0,31.0
-0.4433,0.0,0.0,0.0,6901,-0.5225,-0.85264,0,31.0
-0.57687,0.0,0.0,0.0,6903,-0.38268,-0.92388,0,31.0
-0.67355,0.0,0.0,0.0,6906,-0.15643,-0.98769,0,31.0
-0.67955,0.0,0.0,0.0,6907,-0.078459,-0.99692,0,31.0
0.1135,0.90783,-0.173,-1.8745e-20,6923,-2.3204,-1.6853,0,31.0
0.19954,0.82409,-0.11215,6.2348e-21,6929,-2.6029,-0.84595,0,31.0
0.31483,0.6622,-0.15624,-4.1757999999999995e-21,6991,-1.87,-0.44916,0,31.0
0.22698,0.74667,-0.27124,-4.722e-21,6994,-1.7142,-0.87328,0,31.0
0.14815,0.82317,-0.32542,5.1064e-20,6996,-1.5553,-1.1297,0,31.0
0.41042,0.51889,-0.083864,4.2966e-20,7016,-1.6271,-0.12817,0,31.0
0.3375,0.58909,-0.26027,-5.871e-20,7019,-1.5541,-0.50503,0,31.0
0.20652,0.69437,-0.43187,6.4345e-20,7031,-1.3165,-0.80663,0,31.0
0.45634,0.37875,-0.19426,-3.9464e-20,7044,-1.3568,-0.21499,0,31.0
0.39096,0.39441,-0.3798,-5.6968e-20,7055,-1.2306,-0.39989,0,31.0
0.19245,0.59041,-0.56713,9.6017e-20,7058,-1.1031,-0.67593,0,31.0
0.030706,0.74953,-0.63422,1.0571000000000001e-19,7060,-0.98326,-0.83971,0,31.0
0.50303,0.15203,-0.21685,2.8142e-20,7071,-1.1273,-0.17859,0,31.0
0.33314,0.17669,-0.32697,-1.459e-19,7083,-0.98812,-0.40929,0,31.0
0.52735,0.0,0.0,0.0,7089,-0.98769,-0.15643,0,31.0
0.4788,0.0,0.0,0.0,7090,-0.97237,-0.23345,0,31.0
0.15119,0.0,0.0,0.0,7094,-0.85264,-0.5225,0,31.0
-0.057726,0.0,0.0,0.0,7096,-0.76041,-0.64945,0,31.0
0.16571,0.87406,-0.035063,5.1613e-21,7368,-3.5732,-0.46918,0,31.0
0.14651,0.89032,-0.076151,1.8826e-20,7371,-3.3916,-1.1488,0,31.0
0.057167,0.98127,-0.069563,-3.044e-21,8062,-4.1311,-3.4878,0,31.0
-0.043117,1.0639,-0.11108,1.3411000000000001e-20,8451,-1.1464,-3.8396,0,31.0
-0.091044,1.1041,-0.095087,2.5877e-20,8570,-0.23491,-3.8016,0,31.0
-0.064966,1.0839,-0.071857,-4.678299999999999e-21,8573,-0.23383,-4.5663,0,31.0
-0.33044,0.0,0.0,0.0,82,0.70711,0.70711,0,32.0
-0.32781,0.0015503,0.0061047,-2.7650000000000003e-20,87,0.85936,0.85936,0,32.0
-0.32554,0.14537,-0.0060235,2.7321e-20,92,0.89178,1.0442,0,32.0
-0.27887,0.4886,-0.017676,-2.6234e-20,101,1.2866,1.2866,0,32.0
-0.20981,1.1059,0.06627,-1.8141e-20,112,1.5316,1.7937,0,32.0
-0.16749,1.2064,0.08737,-1.5683999999999998e-21,120,1.8605,2.1789,0,32.0
-0.34047,0.068542,0.0034254,-4.6106999999999995e-21,126,0.71472,0.98382,0,32.0
-0.36268,0.0,0.0,0.0,145,0.5225,0.85264,0,32.0
-0.33591,0.35116,0.0033921,-1.3430000000000001e-20,149,0.71792,1.1717,0,32.0
-0.2642,1.0876,0.089215,-8.1658e-20,155,1.0047,1.6399,0,32.0
-0.35828,0.19596,-0.0039813,2.1561e-20,168,0.5522,1.0838,0,32.0
-0.35007,0.6177,0.038774,-1.8470000000000003e-20,191,0.52598,1.2698,0,32.0
-0.41086,0.0,0.0,0.0,208,0.30902,0.95106,0,32.0
-0.38254,0.38434,0.010076,3.8657e-20,210,0.37591,1.1568,0,32.0
-0.2848,1.1924,0.17063,1.0789e-20,216,0.5338,1.6426,0,32.0
-0.39599,0.49253,0.03167,6.5245e-20,231,0.28397,1.1826,0,32.0
-0.36425,0.87736,0.11332,-3.9074e-20,233,0.32087,1.3362,0,32.0
-0.257,1.2363,0.20414,-5.7371e-20,238,0.42578,1.7727,0,32.0
-0.43724,0.46533,0.049772,-1.1679e-20,272,0.089562,1.1377,0,32.0
-0.39574,0.91036,0.1671,1.1425e-20,274,0.1015,1.289,0,32.0
-0.47736,0.0,0.0,0.0,292,0.0,1.0,0,32.0
-0.38066,0.0,0.0,0.0,313,1.0,0.0,0,32.0
-0.36845,-0.023058,-0.19696,-9.707199999999999e-21,319,1.212,0.095424,0,32.0
-0.38583,-0.041871,-0.23485,2.1070000000000002e-20,320,1.2925,0.0,0,32.0
-0.39212,-0.076495,-0.23224,5.0003e-20,324,1.4555,0.0,0,32.0
-0.37333,-0.086262,-0.20587,2.5834e-20,325,1.4519,0.11435,0,32.0
-0.38414,-0.1646,-0.15056,-7.0903e-22,333,1.8155,0.14304,0,32.0
-0.43406,-0.15951,-0.073271,-1.1068000000000001e-20,338,2.1297,0.0,0,32.0
-0.42831,-0.14422,0.21036,1.7664000000000002e-20,348,2.7283,0.0,0,32.0
-0.34793,0.0,0.0,0.0,355,0.98769,0.15643,0,32.0
-0.34356,-0.21524,-0.051963,-1.6105999999999998e-21,367,2.1071,0.33402,0,32.0
-0.34051,-0.019504,-0.1396,-7.600899999999999e-21,378,1.1826,0.28397,0,32.0
-0.34065,-0.042033,-0.149,-1.5557e-20,379,1.258,0.30208,0,32.0
-0.33952,-0.088332,-0.14614,-1.0281e-20,381,1.4172,0.34035,0,32.0
-0.30619,-0.13328,-0.088172,6.3033999999999995e-21,406,1.7344,0.56364,0,32.0
-0.25855,-0.12416,-0.014524,8.3673e-21,410,2.137,0.69452,0,32.0
-0.20986,-0.060937,0.074112,-5.0507e-20,413,2.4799,0.80599,0,32.0
-0.19403,-0.025687,0.10715,2.8639e-20,414,2.6029,0.84595,0,32.0
-0.31722,0.0,0.0,0.0,418,0.92388,0.38268,0,32.0
-0.25073,-0.057378,-0.040013,-3.9925e-20,430,1.973,0.81724,0,32.0
-0.31888,-0.023287,-0.05372,3.6645e-21,441,1.0838,0.5522,0,32.0
-0.31217,-0.058638,-0.072516,-2.6081e-20,444,1.2989,0.66178,0,32.0
-0.20262,0.13159,-0.015955,2.5901e-20,453,2.1054,1.0726,0,32.0
-0.31393,0.0,0.0,0.0,460,0.85264,0.5225,0,32.0
-0.27523,0.04281,-0.061997,-2.7485e-20,469,1.5546,0.95244,0,32.0
-0.3194,-0.022406,-0.012978,-4.2862e-21,483,0.98382,0.71472,0,32.0
-0.3149,-0.014783,-0.03177,1.5992e-20,485,1.1114,0.8074,0,32.0
-0.23066,0.37288,-0.035706,-5.0521e-20,493,1.7261,1.2538,0,32.0
-0.31546,-0.16995,0.39821,6.2205e-20,523,3.187,0.23587,0,32.0
-0.28837,-0.048122,0.59342,-2.2293000000000002e-20,528,3.8141,0.0,0,32.0
-0.26103,0.01355,0.57951,3.4777000000000004e-20,532,4.2681,0.0,0,32.0
-0.27393,0.0641,0.51467,2.6896e-20,533,4.2628,0.23492,0,32.0
-0.2835,0.32832,0.079357,-4.3364000000000003e-20,540,5.282,0.0,0,32.0
-0.30881,0.53591,-0.16443,3.8716999999999994e-21,543,5.5544,0.23377,0,32.0
-0.24014,0.67218,-0.44733,7.6595e-20,547,6.1409,0.23326,0,32.0
-0.18108,0.62924,-0.50282,-8.4899e-20,548,6.4555,0.0,0,32.0
-0.10683,0.68262,-0.55657,-2.0615e-21,554,7.4555,0.0,0,32.0
-0.10995,0.6045,-0.48984,1.8913000000000002e-20,561,8.5669,0.23111,0,32.0
-0.14991,0.57791,-0.26064,-2.8120000000000004e-20,565,9.382,0.23039,0,32.0
-0.13583,0.79694,0.39074,9.239399999999999e-21,570,10.726,0.0,0,32.0
-0.079047,0.80618,0.481,-8.948099999999999e-21,626,12.738,0.454,0,32.0
-0.27487,0.31947,0.34048,3.5364e-20,641,4.1971,0.69968,0,32.0
-0.33065,0.5269,0.15842,-2.2876e-20,643,4.6868,0.69847,0,32.0
-0.20425,0.87693,-0.54071,1.5861e-20,649,6.3905,0.6943,0,32.0
-0.082865,0.7502,-0.48011,-1.0010000000000002e-20,653,7.7527,0.69096,0,32.0
-0.071549,0.79197,0.46134,1.4592999999999998e-21,662,11.654,0.68139,0,32.0
-0.17334,0.15223,0.27127,-5.5683999999999996e-21,675,3.2568,0.92918,0,32.0
-0.20621,0.29137,0.31225,2.5154000000000002e-20,677,3.6808,0.9279,0,32.0
-0.34546,0.83768,-0.14343,-5.074399999999999e-21,683,5.1561,0.92345,0,32.0
-0.15045,0.28773,0.16447,-4.125e-21,712,2.9753,1.1514,0,32.0
-0.24939,0.6228,0.18764,5.737299999999999e-21,717,4.0596,1.1477,0,32.0
-0.24291,1.0439,-0.46082,2.8471000000000003e-20,724,5.9526,1.1414,0,32.0
-0.058445,0.57671,-0.28857,1.6618e-20,733,9.2192,1.1304,0,32.0
-0.28764,0.92447,0.010433,-1.2018000000000001e-20,757,4.4592,1.3602,0,32.0
-0.29715,1.1079,-0.27875,1.1533000000000001e-20,760,5.2716,1.3574,0,32.0
-0.084623,0.90275,-0.43897,1.0084e-20,766,7.19,1.3508,0,32.0
-0.041739,0.74157,-0.34598,-1.5747e-20,769,8.319,1.347,0,32.0
-0.046325,0.61931,0.14028,-7.8186e-20,774,10.499,1.3395,0,32.0
-0.16791,0.8024,0.11098,1.2293000000000001e-20,791,3.3928,1.5691,0,32.0
-0.21542,0.9129,0.081645,-2.3353e-20,793,3.8541,1.5676,0,32.0
-0.28358,1.1576,-0.17768,4.1236e-20,797,4.8843,1.5643,0,32.0
-0.18062,1.1185,-0.42947,1.5595999999999998e-21,801,6.0767,1.5606,0,32.0
-0.031426,0.73879,0.35055,-6.7478e-21,814,11.41,1.5437,0,32.0
-0.14188,0.9481,0.076056,-2.1322e-21,828,2.8331,1.7658,0,32.0
-0.17994,1.1646,0.040763,-2.668e-21,871,3.586,1.9485,0,32.0
-0.21097,1.2291,-0.030084,3.8978e-21,873,4.0873,1.9478,0,32.0
-0.22429,1.2793,-0.20424,-3.7634000000000003e-20,876,4.9116,1.9466,0,32.0
-0.19031,1.2287,-0.31085,4.9558e-20,878,5.5135,1.9457,0,32.0
-0.073107,1.0318,-0.30569,-1.5471e-20,961,6.7218,2.3126,0,32.0
-0.14973,1.2459,-0.18906,2.2737e-20,996,5.0613,2.5172,0,32.0
-0.12185,1.1754,-0.24937,1.0748e-20,998,5.6893,2.5172,0,32.0
-0.031867,0.93948,-0.25448,-9.6712e-21,1003,7.4758,2.5172,0,32.0
0.024663,0.72398,0.00070207,-2.8017999999999997e-22,1049,10.099,2.736,0,32.0
0.023057,0.72486,0.16004,-1.0451e-20,1051,11.109,2.736,0,32.0
0.018002,0.82104,-0.088082,1.8958e-21,1087,9.1598,2.97,0,32.0
0.012189,0.85251,0.28551,1.0817000000000001e-20,1093,12.196,2.97,0,32.0
-0.1012,1.1828,-0.13601,-8.418299999999999e-22,1116,5.0613,3.2202,0,32.0
-0.034915,1.0394,-0.15094,-3.8181e-21,1201,6.7218,3.7739,0,32.0
0.019938,0.91557,-0.041028,3.2380999999999996e-21,1247,9.1598,4.08,0,32.0
0.035049,0.93452,0.11073,3.4049999999999997e-22,1251,11.109,4.08,0,32.0
-0.022813,1.0411,-0.093725,2.6431e-21,1321,6.7218,4.7572,0,32.0
0.025695,1.0494,0.10001,0.0,1333,12.196,4.7572,0,32.0
-0.071979,1.1172,0.1518,2.8806e-20,2145,-4.3934e-16,3.1819,0,32.0
-0.048753,1.1016,0.12042,-1.4990000000000002e-20,2175,-4.2301e-16,3.807,0,32.0
-0.036433,1.0924,0.10139,-7.875599999999999e-21,2195,-4.1015e-16,4.2993,0,32.0
0.11848,0.8937,0.26577,3.9388e-20,2456,-1.5845,1.5845,0,32.0
0.10605,0.83908,0.43194,-4.4992e-20,2468,-1.1532,1.1532,0,32.0
-0.0026013,0.86984,0.56912,-4.4970000000000004e-20,2475,-0.89178,1.0442,0,32.0
-0.069572,0.78867,0.6095,-5.6932999999999996e-21,2479,-0.78951,0.92446,0,32.0
-0.13647,0.0,0.0,0.0,2484,-0.64945,0.76041,0,32.0
-0.013403,0.94469,0.48454,6.3606e-20,2499,-0.90709,1.2487,0,32.0
-0.12715,0.99947,0.55362,7.9046e-21,2522,-0.71792,1.1717,0,32.0
-0.29282,0.0,0.0,0.0,2527,-0.5225,0.85264,0,32.0
0.0029301,1.0177,0.26437,-1.4274e-20,2533,-1.0726,2.1054,0,32.0
-0.2727,0.94846,0.52279,-1.4385e-20,2545,-0.5522,1.0838,0,32.0
-0.406,0.0,0.0,0.0,2569,-0.38268,0.92388,0,32.0
-0.27312,1.1379,0.4655,4.851e-21,2585,-0.42475,1.3071,0,32.0
-0.36416,0.98006,0.41437,-5.2633e-20,2587,-0.37591,1.1568,0,32.0
-0.48132,0.0,0.0,0.0,2632,-0.15643,0.98769,0,32.0
-0.12729,1.1462,0.23887,-4.8948e-20,2639,-0.17623,2.2362,0,32.0
-0.19855,1.1901,0.29605,-9.567799999999998e-21,2643,-0.14304,1.8155,0,32.0
-0.35273,1.1546,0.32322,-1.2929e-19,2648,-0.10781,1.369,0,32.0
-0.42336,0.87374,0.22143,3.0854e-20,2650,-0.095424,1.212,0,32.0
-0.45021,0.62627,0.13785,5.4842e-20,2651,-0.089562,1.1377,0,32.0
0.24897,0.77415,-0.014631,-7.7147e-22,2660,-2.5997,0.0,0,32.0
0.31313,0.68604,-0.019188,5.7257e-22,2668,-2.1297,0.0,0,32.0
0.41595,0.5141,0.036788,-4.7847e-20,2679,-1.6271,0.12817,0,32.0
0.48662,0.34925,-0.032846,-3.3219999999999996e-22,2684,-1.3725,0.0,0,32.0
0.52719,0.20257,-0.035623,-1.2898000000000001e-20,2688,-1.2153,0.0,0,32.0
0.56157,0.049424,-0.023687,5.3672e-23,2692,-1.0692,0.0,0,32.0
0.5718,0.0,0.0,0.0,2695,-1.0,0.0,0,32.0
0.47167,0.36798,0.13658,4.0515e-20,2711,-1.3568,0.21499,0,32.0
0.52253,0.14199,0.15692,-1.8243e-20,2714,-1.1273,0.17859,0,32.0
0.54835,0.0,0.0,0.0,2716,-0.98769,0.15643,0,32.0
0.38906,0.5437,0.15916,-7.8856e-20,2729,-1.5885,0.38151,0,32.0
0.21631,0.81281,0.091392,-7.4612e-21,2740,-2.6029,0.84595,0,32.0
0.31323,0.66899,0.16272,2.3522e-20,2747,-1.8296,0.59459,0,32.0
0.36416,0.57004,0.21552,6.1494e-20,2750,-1.5541,0.50503,0,32.0
0.41304,0.43159,0.2917,-6.2565e-20,2753,-1.3071,0.42475,0,32.0
0.44181,0.21637,0.327,8.5956e-20,2756,-1.0857,0.35279,0,32.0
0.4589,0.0,0.0,0.0,2758,-0.95106,0.30902,0,32.0
0.29495,0.64242,0.31359,-2.2015e-20,2792,-1.456,0.74178,0,32.0
0.3124,0.3306,0.45833,-1.6836e-19,2798,-1.0172,0.51827,0,32.0
0.31609,0.0,0.0,0.0,2800,-0.89101,0.45399,0,32.0
0.22151,0.77348,0.24856,-4.625199999999999e-21,2809,-1.7284,1.0589,0,32.0
0.25244,0.68667,0.3537,2.3154e-20,2813,-1.393,0.85347,0,32.0
0.26009,0.59366,0.47084,5.2338e-20,2816,-1.1717,0.71792,0,32.0
0.15102,0.46671,0.53722,2.2218e-19,2840,-0.92341,0.67086,0,32.0
0.13946,0.0,0.0,0.0,2842,-0.80902,0.58779,0,32.0
0.12538,0.91174,0.16127,2.1710000000000003e-20,2844,-2.2843,1.9505,0,32.0
0.15687,0.7861,0.41328,-3.8443e-20,2855,-1.2411,1.0599,0,32.0
0.13136,0.72914,0.54199,-1.5494e-20,2858,-1.0442,0.89178,0,32.0
0.13863,0.90577,-0.0068597,-9.721999999999998e-22,2912,-4.3358,0.0,0,32.0
0.17045,0.87072,0.020299,-6.478e-21,2951,-3.5732,0.46918,0,32.0
0.16493,0.87707,0.049038,-1.1361e-20,3011,-3.47,0.92747,0,32.0
0.076028,0.97491,0.074989,2.7438e-21,3372,-3.8187,3.4878,0,32.0
0.015989,1.0356,0.11077,-3.5564e-24,4180,-1.5637,4.1771,0,32.0
-0.47563,0.0,0.0,0.0,4394,0.64945,-0.76041,0,32.0
-0.52635,0.0,0.0,0.0,4402,0.45399,-0.89101,0,32.0
-0.57327,0.0,0.0,0.0,4406,0.30902,-0.95106,0,32.0
-0.62189,0.0,0.0,0.0,4410,0.15643,-0.98769,0,32.0
-0.58654,0.82669,-0.11267,-3.1303e-20,4436,0.095424,-1.212,0,32.0
-0.47949,0.30422,0.003694,1.742e-20,4441,0.67593,-1.1031,0,32.0
-0.4845,0.61597,-0.0074659,1.2578e-20,4453,0.62391,-1.2246,0,32.0
-0.51358,1.2506,-0.26975,1.6914000000000003e-19,4459,-8.2717e-17,-1.3725,0,32.0
-0.46471,1.2023,-0.11291,-3.7663e-20,4477,0.47729,-1.4687,0,32.0
-0.44204,0.461,-0.02262,9.0289e-22,4483,1.1532,-1.1532,0,32.0
-0.44786,0.97087,-0.026102,-1.5619e-20,4485,0.85347,-1.393,0,32.0
-0.32807,1.2946,-0.24921,-3.6055e-20,4514,-1.8199e-16,-1.8196,0,32.0
-0.23597,1.2302,-0.19228,7.1969e-20,4558,-2.7552e-16,-2.2408,0,32.0
-0.38851,1.3037,0.036436,1.4158e-20,4559,1.5316,-1.7937,0,32.0
-0.3083,1.2679,0.1222,-1.412e-20,4615,2.1213,-2.1213,0,32.0
-0.41311,0.0,0.0,0.0,4627,0.98769,-0.15643,0,32.0
-0.43634,0.0,0.0,0.0,4631,0.95106,-0.30902,0,32.0
-0.4481,0.0,0.0,0.0,4635,0.89101,-0.45399,0,32.0
-0.45866,0.0,0.0,0.0,4641,0.76041,-0.64945,0,32.0
-0.43216,-0.033896,-0.1701,2.6941e-20,4646,1.0857,-0.35279,0,32.0
-0.45251,-0.030233,-0.05504,1.2783e-20,4651,0.86777,-0.74111,0,32.0
-0.41283,-0.030871,-0.23893,7.628299999999999e-21,4653,1.201,-0.19028,0,32.0
-0.4397,-0.033788,-0.1634,-5.6096999999999996e-21,4657,1.0838,-0.5522,0,32.0
-0.43256,-0.026782,-0.24556,7.869799999999999e-22,4664,1.2306,-0.39989,0,32.0
-0.44331,0.016577,-0.076846,4.7595e-21,4669,0.98326,-0.83971,0,32.0
-0.43895,0.0055783,-0.20066,-8.981499999999999e-21,4675,1.2246,-0.62391,0,32.0
-0.42463,-0.041637,-0.2643,-5.1381e-20,4680,1.4391,-0.22804,0,32.0
-0.44118,0.0013732,-0.25614,1.3677e-20,4682,1.3864,-0.45054,0,32.0
-0.43804,0.13645,-0.073391,-2.2050999999999996e-21,4687,1.1075,-0.94578,0,32.0
-0.44308,-0.088162,-0.18531,-4.4501e-20,4715,1.8155,-0.14304,0,32.0
-0.48848,0.30406,-0.10005,-2.1727e-20,4729,1.7142,-0.87328,0,32.0
-0.50537,0.014516,-0.080549,1.4919e-20,4743,2.1071,-0.33402,0,32.0
-0.52928,0.2309,-0.067061,-2.6642e-20,4745,2.0308,-0.65999,0,32.0
-0.51339,0.46144,-0.02211,-4.0855e-20,4747,1.9027,-0.96929,0,32.0
-0.48019,0.77565,0.033171,2.2241999999999997e-21,4749,1.7261,-1.2538,0,32.0
-0.55602,0.39455,0.10155,1.5237e-20,4772,2.3614,-0.76747,0,32.0
-0.55348,0.45635,0.16766,3.1241e-20,4781,2.4799,-0.80599,0,32.0
-0.43144,0.84323,0.39009,-1.8541e-20,4818,2.9753,-1.1514,0,32.0
-0.39516,0.22505,0.50397,1.3218000000000002e-19,4825,3.3622,-0.47016,0,32.0
-0.33391,1.0991,0.33899,-3.962e-20,4830,2.9641,-1.5704,0,32.0
-0.29563,1.209,0.22714,-1.9174e-20,4832,2.6869,-1.9499,0,32.0
-0.28127,0.39055,0.54933,9.345499999999999e-21,4846,3.7419,-0.70079,0,32.0
-0.24665,0.89173,0.42179,-1.7914e-20,4849,3.5057,-1.3635,0,32.0
-0.23989,0.041119,0.60727,4.2130000000000005e-20,4864,4.2628,-0.23492,0,32.0
-0.18446,0.30049,0.54787,1.5339e-20,4866,4.1971,-0.69968,0,32.0
-0.14643,0.63588,0.44142,-7.022499999999999e-21,4868,4.0596,-1.1477,0,32.0
-0.14358,0.88044,0.35168,1.1452e-20,4870,3.8541,-1.5676,0,32.0
-0.17876,0.10309,0.50243,-2.3440000000000003e-20,4885,4.728,-0.4678,0,32.0
-0.056403,0.63458,0.32944,-2.4934e-20,4889,4.4592,-1.3602,0,32.0
-0.080781,0.90966,0.23908,1.3754e-21,4892,4.0873,-1.9478,0,32.0
-0.042772,0.39929,0.35374,-1.5405e-20,4898,4.812,-1.1452,0,32.0
-0.069004,0.20885,0.32503,4.7815e-20,4907,5.1561,-0.92345,0,32.0
-0.12074,0.20469,0.13789,-6.145e-20,4916,5.492,-0.6965,0,32.0
0.024848,0.65887,0.1342,3.3321e-20,4921,5.0459,-1.7602,0,32.0
-0.02384,0.25835,0.10735,5.3294e-20,4928,5.6516,-1.1424,0,32.0
-0.11013,0.34799,-0.20145,5.7607e-20,4936,6.08,-0.69506,0,32.0
0.037125,0.3916,0.04925,5.5506e-20,4940,5.762,-1.5616,0,32.0
-0.064247,0.38213,-0.26303,-8.9952e-20,4947,6.3357,-0.91989,0,32.0
0.053931,0.46314,-0.028008,7.648099999999999e-21,4951,5.9608,-1.7579,0,32.0
-0.095188,0.60722,-0.55694,-9.911e-21,4986,7.7527,-0.69096,0,32.0
-0.14182,0.61137,-0.52205,8.16e-21,5005,8.5472,-0.46122,0,32.0
-0.12698,0.67665,-0.48394,1.5623999999999998e-21,5008,8.3977,-1.1332,0,32.0
-0.11706,0.88482,-0.28552,3.5319000000000003e-20,5021,8.5295,-1.7514,0,32.0
-0.20988,0.80895,-0.15444,-2.2820999999999996e-21,5027,9.2813,-0.91101,0,32.0
-0.14242,1.0637,0.39354,1.8915e-20,5059,10.499,-1.3395,0,32.0
-0.085547,0.87978,0.47532,9.317799999999999e-22,5075,11.684,-0.45582,0,32.0
-0.065093,1.0199,0.37635,4.9188999999999995e-21,5081,11.32,-1.7443,0,32.0
-0.066801,0.81405,0.43415,7.369399999999999e-21,5095,12.738,-0.454,0,32.0
0.0076323,0.9388,0.013584,-8.4881e-21,5561,5.0613,-2.97,0,32.0
0.022408,0.93378,-0.021863,6.662699999999999e-21,5591,5.3695,-2.97,0,32.0
0.033845,0.93786,-0.060428,6.4652999999999996e-21,5621,5.6893,-2.97,0,32.0
0.017415,0.98893,-0.044955,-7.3977e-21,5623,5.6893,-3.4878,0,32.0
0.028718,1.057,-0.17372,2.1789e-22,5741,7.0919,-2.97,0,32.0
0.0079235,1.0851,-0.045309,6.1163999999999995e-22,5746,7.0919,-4.4072,0,32.0
0.0045078,1.0817,-0.031441,-5.479e-22,5747,7.0919,-4.7572,0,32.0
-0.0021992,1.07,-0.0064448,-3.1495999999999997e-22,5750,7.0919,-5.9596,0,32.0
-0.0087797,1.1707,-0.13017,-3.3327999999999995e-21,5801,7.874,-2.97,0,32.0
0.0018258,1.1515,-0.054706,-1.6193999999999998e-21,5804,7.874,-3.7739,0,32.0
-0.093118,1.2543,0.086182,-8.9959e-21,5889,9.1598,-2.5172,0,32.0
-0.013226,1.1556,0.052193,-1.8331999999999998e-21,5895,9.1598,-4.08,0,32.0
-0.077395,1.2007,0.24505,5.3075e-22,5949,10.099,-2.5172,0,32.0
-0.027666,1.1501,0.14686,3.6045999999999994e-21,5953,10.099,-3.4878,0,32.0
-0.0011935,1.0823,0.068083,-1.0756999999999998e-21,5958,10.099,-5.1314,0,32.0
-0.026802,1.0698,0.22914,-5.5234999999999994e-21,6011,11.109,-2.97,0,32.0
-0.005069,1.0579,0.13747,-4.9161e-22,6015,11.109,-4.08,0,32.0
-0.011843,0.95921,0.23621,-1.4549e-20,6070,12.196,-2.736,0,32.0
0.0093175,0.99989,0.09872,0.0,6077,12.196,-4.7572,0,32.0
0.011435,1.0121,0.057181,-3.7824e-22,6080,12.196,-5.9596,0,32.0
-0.13335,1.1399,-0.21729,7.4182e-20,6745,-0.57975,-2.4134,0,32.0
0.037498,0.96884,-0.27035,-5.2158e-20,6748,-1.5316,-1.7937,0,32.0
0.062322,0.91244,-0.36282,-7.5349e-20,6789,-1.3571,-1.3571,0,32.0
0.03845,0.89047,-0.46833,5.0360000000000003e-20,6819,-1.1532,-1.1532,0,32.0
-0.052358,0.83478,-0.65374,6.0511e-20,6859,-0.91393,-0.91393,0,32.0
-0.21251,0.99024,-0.6418,8.665000000000001e-20,6860,-0.76021,-1.0465,0,32.0
-0.46913,1.0707,-0.50889,-1.9416e-20,6873,-0.46551,-1.1238,0,32.0
-0.5774,1.0469,-0.30688,5.5436e-20,6876,-0.19028,-1.201,0,32.0
-0.65197,0.37981,-0.06721,-5.1923000000000004e-20,6897,-0.083909,-1.066,0,32.0
-0.26385,0.0,0.0,0.0,6898,-0.64945,-0.76041,0,32.0
-0.44049,0.0,0.0,0.0,6901,-0.5225,-0.85264,0,32.0
-0.57054,0.0,0.0,0.0,6903,-0.38268,-0.92388,0,32.0
-0.66068,0.0,0.0,0.0,6906,-0.15643,-0.98769,0,32.0
-0.6644,0.0,0.0,0.0,6907,-0.078459,-0.99692,0,32.0
0.11487,0.91019,-0.17675,-1.8626e-20,6923,-2.3204,-1.6853,0,32.0
0.19956,0.82527,-0.11633,6.311399999999999e-21,6929,-2.6029,-0.84595,0,32.0
0.31432,0.66327,-0.16192,-4.404299999999999e-21,6991,-1.87,-0.44916,0,32.0
0.22755,0.74877,-0.27668,-4.6741999999999994e-21,6994,-1.7142,-0.87328,0,32.0
0.14958,0.82589,-0.33066,5.0318e-20,6996,-1.5553,-1.1297,0,32.0
0.40914,0.51927,-0.090421,4.2909000000000004e-20,7016,-1.6271,-0.12817,0,32.0
0.33697,0.59069,-0.2666,-5.810300000000001e-20,7019,-1.5541,-0.50503,0,32.0
0.20678,0.69712,-0.438,6.379900000000001e-20,7031,-1.3165,-0.80663,0,32.0
0.45488,0.37969,-0.20162,-3.9029e-20,7044,-1.3568,-0.21499,0,32.0
0.38941,0.39633,-0.38704,-5.6125e-20,7055,-1.2306,-0.39989,0,32.0
0.19152,0.59345,-0.57361,9.7921e-20,7058,-1.1031,-0.67593,0,32.0
0.030687,0.75302,-0.64008,1.0684e-19,7060,-0.98326,-0.83971,0,32.0
0.50095,0.1529,-0.22329,2.8132e-20,7071,-1.1273,-0.17859,0,32.0
0.33053,0.17794,-0.3305,-1.4446e-19,7083,-0.98812,-0.40929,0,32.0
0.52506,0.0,0.0,0.0,7089,-0.98769,-0.15643,0,32.0
0.47628,0.0,0.0,0.0,7090,-0.97237,-0.23345,0,32.0
0.14871,0.0,0.0,0.0,7094,-0.85264,-0.5225,0,32.0
-0.059292,0.0,0.0,0.0,7096,-0.76041,-0.64945,0,32.0
0.16491,0.87445,-0.038235,5.2571999999999995e-21,7368,-3.5732,-0.46918,0,32.0
0.14643,0.89138,-0.079278,1.8604e-20,7371,-3.3916,-1.1488,0,32.0
0.057551,0.98292,-0.070879,-3.0481999999999996e-21,8062,-4.1311,-3.4878,0,32.0
-0.041165,1.0685,-0.11197,1.3585e-20,8451,-1.1464,-3.8396,0,32.0
-0.089264,1.1107,-0.095089,2.5318e-20,8570,-0.23491,-3.8016,0,32.0
-0.064267,1.0891,-0.070376,-4.5984999999999995e-21,8573,-0.23383,-4.5663,0,32.0
-0.3776,0.0,0.0,0.0,82,0.70711,0.70711,0,33.0
-0.3747,0.012112,0.0098025,-2.7779e-20,87,0.85936,0.85936,0,33.0
-0.37478,0.17482,-0.010553,2.3620000000000002e-20,92,0.89178,1.0442,0,33.0
-0.33203,0.54234,-0.044061,-2.7983e-20,101,1.2866,1.2866,0,33.0
-0.23915,1.1112,0.029063,-2.6297e-20,112,1.5316,1.7937,0,33.0
-0.1747,1.1784,0.05781,-7.3323e-22,120,1.8605,2.1789,0,33.0
-0.38844,0.085474,-3.6395e-05,-1.3631e-21,126,0.71472,0.98382,0,33.0
-0.41162,0.0,0.0,0.0,145,0.5225,0.85264,0,33.0
-0.38418,0.38426,-0.0054141,-1.3068e-20,149,0.71792,1.1717,0,33.0
-0.3046,1.1087,0.065156,-9.478900000000001e-20,155,1.0047,1.6399,0,33.0
-0.40641,0.21847,-0.01038,2.2441e-20,168,0.5522,1.0838,0,33.0
-0.39671,0.65077,0.029635,-2.1345e-20,191,0.52598,1.2698,0,33.0
-0.45946,0.0,0.0,0.0,208,0.30902,0.95106,0,33.0
-0.43008,0.41039,0.0044407,3.7735e-20,210,0.37591,1.1568,0,33.0
-0.32241,1.2068,0.15403,1.1933e-20,216,0.5338,1.6426,0,33.0
-0.44274,0.51902,0.027051,6.5425e-20,231,0.28397,1.1826,0,33.0
-0.40819,0.90568,0.10548,-4.1174e-20,233,0.32087,1.3362,0,33.0
-0.29043,1.2439,0.18789,-6.3297e-20,238,0.42578,1.7727,0,33.0
-0.48239,0.48624,0.048507,-2.3655999999999996e-21,272,0.089562,1.1377,0,33.0
-0.43799,0.93495,0.16298,1.4915e-20,274,0.1015,1.289,0,33.0
-0.5216,0.0,0.0,0.0,292,0.0,1.0,0,33.0
-0.37362,0.0,0.0,0.0,313,1.0,0.0,0,33.0
-0.36743,-0.021451,-0.20674,-8.1017e-21,319,1.212,0.095424,0,33.0
-0.37754,-0.036193,-0.25636,1.1279e-20,320,1.2925,0.0,0,33.0
-0.38291,-0.067569,-0.28107,2.6140000000000002e-20,324,1.4555,0.0,0,33.0
-0.3727,-0.081662,-0.25626,2.0559e-20,325,1.4519,0.11435,0,33.0
-0.38689,-0.15352,-0.26195,7.2858e-21,333,1.8155,0.14304,0,33.0
-0.43293,-0.13021,-0.23212,-4.0980999999999994e-21,338,2.1297,0.0,0,33.0
-0.46397,-0.088353,-0.002905,1.1703e-20,348,2.7283,0.0,0,33.0
-0.35299,0.0,0.0,0.0,355,0.98769,0.15643,0,33.0
-0.3642,-0.2136,-0.21618,-8.7887e-21,367,2.1071,0.33402,0,33.0
-0.35323,-0.023452,-0.14632,-1.2300999999999998e-21,378,1.1826,0.28397,0,33.0
-0.35421,-0.046346,-0.16807,-5.838e-21,379,1.258,0.30208,0,33.0
-0.35546,-0.093597,-0.19282,-6.2498999999999995e-21,381,1.4172,0.34035,0,33.0
-0.338,-0.14611,-0.18839,-2.8499e-21,406,1.7344,0.56364,0,33.0
-0.29289,-0.15349,-0.17533,6.7140999999999995e-21,410,2.137,0.69452,0,33.0
-0.23345,-0.12035,-0.11539,-6.9244e-20,413,2.4799,0.80599,0,33.0
-0.2099,-0.099875,-0.084536,5.7233e-20,414,2.6029,0.84595,0,33.0
-0.34149,0.0,0.0,0.0,418,0.92388,0.38268,0,33.0
-0.29124,-0.074026,-0.16785,-4.4429000000000004e-20,430,1.973,0.81724,0,33.0
-0.35163,-0.028171,-0.047657,8.669e-21,441,1.0838,0.5522,0,33.0
-0.35081,-0.057365,-0.095107,-1.4534e-20,444,1.2989,0.66178,0,33.0
-0.23841,0.13118,-0.13584,3.9305e-20,453,2.1054,1.0726,0,33.0
-0.35063,0.0,0.0,0.0,460,0.85264,0.5225,0,33.0
-0.32801,0.072594,-0.11426,-2.5301e-20,469,1.5546,0.95244,0,33.0
-0.36192,-0.019926,-0.0038852,-3.982599999999999e-21,483,0.98382,0.71472,0,33.0
-0.36103,0.00030884,-0.032761,1.5703000000000002e-20,485,1.1114,0.8074,0,33.0
-0.27961,0.42372,-0.095934,-6.5557e-20,493,1.7261,1.2538,0,33.0
-0.3645,-0.1373,0.20142,5.1810000000000003e-20,523,3.187,0.23587,0,33.0
-0.33368,0.073865,0.50985,-3.6036e-20,528,3.8141,0.0,0,33.0
-0.25949,0.11109,0.61061,1.7464e-21,532,4.2681,0.0,0,33.0
-0.24006,0.031701,0.58948,-2.6858e-20,533,4.2628,0.23492,0,33.0
-0.22405,0.20488,0.47962,-3.796e-20,540,5.282,0.0,0,33.0
-0.27036,0.37267,0.25404,4.3929e-20,543,5.5544,0.23377,0,33.0
-0.27493,0.57191,-0.11536,2.5641e-20,547,6.1409,0.23326,0,33.0
-0.22773,0.55619,-0.23366,-1.4673000000000002e-19,548,6.4555,0.0,0,33.0
-0.13163,0.71799,-0.53898,2.6028e-20,554,7.4555,0.0,0,33.0
-0.089687,0.72769,-0.50688,5.514e-21,561,8.5669,0.23111,0,33.0
-0.1059,0.64085,-0.47219,-1.6355e-20,565,9.382,0.23039,0,33.0
-0.17087,0.70498,0.041736,1.4357e-20,570,10.726,0.0,0,33.0
-0.074696,0.82245,0.47129,-1.3799e-20,626,12.738,0.454,0,33.0
-0.17691,0.077166,0.46495,2.2279e-20,641,4.1971,0.69968,0,33.0
-0.2139,0.26349,0.44181,-3.6006e-20,643,4.6868,0.69847,0,33.0
-0.27166,0.85748,-0.35156,2.6363e-20,649,6.3905,0.6943,0,33.0
-0.10861,0.85144,-0.52356,-1.5138e-20,653,7.7527,0.69096,0,33.0
-0.089973,0.72831,0.32992,2.9099e-21,662,11.654,0.68139,0,33.0
-0.13639,-0.020334,0.13892,3.058e-20,675,3.2568,0.92918,0,33.0
-0.12731,0.057438,0.28379,8.894299999999999e-21,677,3.6808,0.9279,0,33.0
-0.26995,0.62432,0.18501,-5.2681e-21,683,5.1561,0.92345,0,33.0
-0.11472,0.1497,0.031705,-8.775099999999999e-21,712,2.9753,1.1514,0,33.0
-0.12319,0.34719,0.29016,1.6528e-20,717,4.0596,1.1477,0,33.0
-0.28523,1.0029,-0.24347,4.0157e-20,724,5.9526,1.1414,0,33.0
-0.050914,0.71748,-0.36734,9.137699999999999e-21,733,9.2192,1.1304,0,33.0
-0.16799,0.67976,0.20106,-2.5635e-20,757,4.4592,1.3602,0,33.0
-0.26274,0.95965,-0.01612,3.6012e-20,760,5.2716,1.3574,0,33.0
-0.12962,1.0216,-0.46316,1.7694e-20,766,7.19,1.3508,0,33.0
-0.05735,0.85386,-0.3977,-5.8564e-21,769,8.319,1.347,0,33.0
-0.050251,0.58606,-0.14384,-8.9192e-20,774,10.499,1.3395,0,33.0
-0.076617,0.62619,0.10006,4.8665999999999996e-21,791,3.3928,1.5691,0,33.0
-0.10016,0.69216,0.15175,-7.0474e-21,793,3.8541,1.5676,0,33.0
-0.21554,0.98308,0.0456,7.4644e-20,797,4.8843,1.5643,0,33.0
-0.22743,1.18,-0.32114,-2.1137e-20,801,6.0767,1.5606,0,33.0
-0.03396,0.65289,0.15081,-9.856099999999999e-21,814,11.41,1.5437,0,33.0
-0.096111,0.86168,0.039753,1.3641e-20,828,2.8331,1.7658,0,33.0
-0.096792,1.0206,0.092328,-1.3974e-20,871,3.586,1.9485,0,33.0
-0.1261,1.0791,0.081387,-1.7863e-21,873,4.0873,1.9478,0,33.0
-0.18706,1.2157,-0.043289,-1.1488e-20,876,4.9116,1.9466,0,33.0
-0.19911,1.2642,-0.18395,6.831400000000001e-20,878,5.5135,1.9457,0,33.0
-0.10068,1.1332,-0.29715,-2.5626e-20,961,6.7218,2.3126,0,33.0
-0.13684,1.2784,-0.09647,1.9259e-20,996,5.0613,2.5172,0,33.0
-0.13101,1.2478,-0.18434,1.0874e-20,998,5.6893,2.5172,0,33.0
-0.054107,1.0272,-0.27687,-1.2754e-20,1003,7.4758,2.5172,0,33.0
0.013111,0.77917,-0.09994,-7.0638e-22,1049,10.099,2.736,0,33.0
0.018729,0.71174,0.021212,-1.0065e-20,1051,11.109,2.736,0,33.0
0.0025183,0.87446,-0.15965,2.3214e-21,1087,9.1598,2.97,0,33.0
0.020938,0.77227,0.18718,9.481099999999999e-21,1093,12.196,2.97,0,33.0
-0.09439,1.2105,-0.081305,-4.0252e-21,1116,5.0613,3.2202,0,33.0
-0.045808,1.0884,-0.14737,-3.5184e-21,1201,6.7218,3.7739,0,33.0
0.0081581,0.93902,-0.090608,4.0400999999999995e-21,1247,9.1598,4.08,0,33.0
0.030376,0.8954,0.043451,7.5857e-22,1251,11.109,4.08,0,33.0
-0.030003,1.0706,-0.093983,2.2404999999999996e-21,1321,6.7218,4.7572,0,33.0
0.028877,0.98305,0.090257,0.0,1333,12.196,4.7572,0,33.0
-0.08618,1.1131,0.14518,3.0347e-20,2145,-4.3934e-16,3.1819,0,33.0
-0.059646,1.0966,0.11647,-1.5397000000000002e-20,2175,-4.2301e-16,3.807,0,33.0
-0.045525,1.0875,0.0991,-7.9616e-21,2195,-4.1015e-16,4.2993,0,33.0
0.10628,0.89553,0.26387,4.1121e-20,2456,-1.5845,1.5845,0,33.0
0.091563,0.84257,0.43134,-4.6313e-20,2468,-1.1532,1.1532,0,33.0
-0.02029,0.87499,0.56969,-4.6312e-20,2475,-0.89178,1.0442,0,33.0
-0.088718,0.79488,0.6122,-6.3474999999999996e-21,2479,-0.78951,0.92446,0,33.0
-0.15714,0.0,0.0,0.0,2484,-0.64945,0.76041,0,33.0
-0.031622,0.9496,0.48342,6.561500000000001e-20,2499,-0.90709,1.2487,0,33.0
-0.14887,1.0064,0.55335,8.7551e-21,2522,-0.71792,1.1717,0,33.0
-0.31877,0.0,0.0,0.0,2527,-0.5225,0.85264,0,33.0
-0.012956,1.0195,0.26032,-1.5185e-20,2533,-1.0726,2.1054,0,33.0
-0.29916,0.95878,0.52502,-1.3654e-20,2545,-0.5522,1.0838,0,33.0
-0.43763,0.0,0.0,0.0,2569,-0.38268,0.92388,0,33.0
-0.30155,1.1483,0.4632,6.251599999999999e-21,2585,-0.42475,1.3071,0,33.0
-0.39602,0.99409,0.4159,-5.479000000000001e-20,2587,-0.37591,1.1568,0,33.0
-0.52118,0.0,0.0,0.0,2632,-0.15643,0.98769,0,33.0
-0.14895,1.1478,0.22986,-5.3619e-20,2639,-0.17623,2.2362,0,33.0
-0.22543,1.1957,0.28678,-1.0260000000000001e-20,2643,-0.14304,1.8155,0,33.0
-0.38833,1.1707,0.31845,-1.3816000000000002e-19,2648,-0.10781,1.369,0,33.0
-0.46314,0.89446,0.22107,2.6820000000000003e-20,2650,-0.095424,1.212,0,33.0
-0.4915,0.64534,0.13878,5.3708e-20,2651,-0.089562,1.1377,0,33.0
0.24715,0.77415,-0.01515,-6.0987e-22,2660,-2.5997,0.0,0,33.0
0.31128,0.68605,-0.019318,4.625499999999999e-22,2668,-2.1297,0.0,0,33.0
0.41296,0.51439,0.037484,-4.7042e-20,2679,-1.6271,0.12817,0,33.0
0.48478,0.34925,-0.031418,-3.5357e-22,2684,-1.3725,0.0,0,33.0
0.52536,0.20258,-0.033495,-9.7343e-21,2688,-1.2153,0.0,0,33.0
0.55977,0.049426,-0.021522,1.4425e-23,2692,-1.0692,0.0,0,33.0
0.57,0.0,0.0,0.0,2695,-1.0,0.0,0,33.0
0.46744,0.36861,0.13801,4.0709e-20,2711,-1.3568,0.21499,0,33.0
0.51821,0.14258,0.15944,-1.9513e-20,2714,-1.1273,0.17859,0,33.0
0.54399,0.0,0.0,0.0,2716,-0.98769,0.15643,0,33.0
0.38377,0.54456,0.15978,-8.065e-20,2729,-1.5885,0.38151,0,33.0
0.21091,0.81327,0.090583,-7.217299999999999e-21,2740,-2.6029,0.84595,0,33.0
0.30703,0.66995,0.16267,2.2230000000000003e-20,2747,-1.8296,0.59459,0,33.0
0.35769,0.57121,0.21608,6.1583e-20,2750,-1.5541,0.50503,0,33.0
0.40633,0.43289,0.29312,-6.193800000000001e-20,2753,-1.3071,0.42475,0,33.0
0.43479,0.21766,0.32973,8.7777e-20,2756,-1.0857,0.35279,0,33.0
0.45179,0.0,0.0,0.0,2758,-0.95106,0.30902,0,33.0
0.28601,0.64425,0.31395,-2.1258000000000002e-20,2792,-1.456,0.74178,0,33.0
0.30237,0.33281,0.46137,-1.721e-19,2798,-1.0172,0.51827,0,33.0
0.30585,0.0,0.0,0.0,2800,-0.89101,0.45399,0,33.0
0.2121,0.77508,0.24785,-3.7908999999999996e-21,2809,-1.7284,1.0589,0,33.0
0.24219,0.68887,0.3539,2.2783e-20,2813,-1.393,0.85347,0,33.0
0.24921,0.59626,0.47214,5.4051e-20,2816,-1.1717,0.71792,0,33.0
0.13748,0.47019,0.54062,2.2704e-19,2840,-0.92341,0.67086,0,33.0
0.12555,0.0,0.0,0.0,2842,-0.80902,0.58779,0,33.0
0.11621,0.91229,0.15949,2.2849e-20,2844,-2.2843,1.9505,0,33.0
0.14385,0.78913,0.41301,-3.9980000000000006e-20,2855,-1.2411,1.0599,0,33.0
0.11728,0.73287,0.54304,-1.5534e-20,2858,-1.0442,0.89178,0,33.0
0.1369,0.90576,-0.0074842,-5.5310999999999995e-22,2912,-4.3358,0.0,0,33.0
0.16747,0.87079,0.019556,-6.2067e-21,2951,-3.5732,0.46918,0,33.0
0.16074,0.8772,0.0482,-1.1983000000000001e-20,3011,-3.47,0.92747,0,33.0
0.06974,0.97443,0.074,2.7524999999999997e-21,3372,-3.8187,3.4878,0,33.0
0.0068521,1.0338,0.10868,3.5422e-22,4180,-1.5637,4.1771,0,33.0
-0.43005,0.0,0.0,0.0,4394,0.64945,-0.76041,0,33.0
-0.48033,0.0,0.0,0.0,4402,0.45399,-0.89101,0,33.0
-0.52747,0.0,0.0,0.0,4406,0.30902,-0.95106,0,33.0
-0.57752,0.0,0.0,0.0,4410,0.15643,-0.98769,0,33.0
-0.54568,0.80202,-0.11527,-1.9760000000000002e-20,4436,0.095424,-1.212,0,33.0
-0.43463,0.27637,-0.0047109,1.8437000000000002e-20,4441,0.67593,-1.1031,0,33.0
-0.44036,0.58192,-0.017761,1.0712000000000001e-20,4453,0.62391,-1.2246,0,33.0
-0.47933,1.2329,-0.2756,1.5852000000000002e-19,4459,-8.2717e-17,-1.3725,0,33.0
-0.4267,1.1797,-0.12609,-3.7242e-20,4477,0.47729,-1.4687,0,33.0
-0.39131,0.41281,-0.038045,-1.6673999999999998e-21,4483,1.1532,-1.1532,0,33.0
-0.4049,0.93545,-0.04271,-1.0739e-20,4485,0.85347,-1.393,0,33.0
-0.30351,1.289,-0.2596,-3.38e-20,4514,-1.8199e-16,-1.8196,0,33.0
-0.21709,1.2289,-0.20222,6.689e-20,4558,-2.7552e-16,-2.2408,0,33.0
-0.36159,1.3032,0.00055684,6.983399999999999e-21,4559,1.5316,-1.7937,0,33.0
-0.31053,1.3043,0.094206,-1.5271e-20,4615,2.1213,-2.1213,0,33.0
-0.39392,0.0,0.0,0.0,4627,0.98769,-0.15643,0,33.0
-0.40604,0.0,0.0,0.0,4631,0.95106,-0.30902,0,33.0
-0.40947,0.0,0.0,0.0,4635,0.89101,-0.45399,0,33.0
-0.41401,0.0,0.0,0.0,4641,0.76041,-0.64945,0,33.0
-0.40117,-0.02865,-0.15601,1.8592e-20,4646,1.0857,-0.35279,0,33.0
-0.40883,-0.032971,-0.04983,1.1406e-20,4651,0.86777,-0.74111,0,33.0
-0.39172,-0.024483,-0.24023,5.2622e-21,4653,1.201,-0.19028,0,33.0
-0.40047,-0.032243,-0.15086,-3.509e-21,4657,1.0838,-0.5522,0,33.0
-0.39879,-0.021419,-0.24821,4.9558e-22,4664,1.2306,-0.39989,0,33.0
-0.39875,0.0016641,-0.073092,3.9202e-21,4669,0.98326,-0.83971,0,33.0
-0.39572,0.00016107,-0.20321,-4.3834e-22,4675,1.2246,-0.62391,0,33.0
-0.39899,-0.029805,-0.3052,-3.3894e-20,4680,1.4391,-0.22804,0,33.0
-0.40244,0.00675,-0.28364,9.852799999999999e-21,4682,1.3864,-0.45054,0,33.0
-0.38994,0.10577,-0.077466,-1.408e-21,4687,1.1075,-0.94578,0,33.0
-0.42291,-0.066468,-0.28755,-4.3422e-20,4715,1.8155,-0.14304,0,33.0
-0.42918,0.27826,-0.16228,-1.4901e-20,4729,1.7142,-0.87328,0,33.0
-0.47885,0.048602,-0.21929,9.2106e-21,4743,2.1071,-0.33402,0,33.0
-0.48231,0.24299,-0.17762,-2.5269e-20,4745,2.0308,-0.65999,0,33.0
-0.45693,0.42722,-0.10463,-5.421600000000001e-20,4747,1.9027,-0.96929,0,33.0
-0.42782,0.71847,-0.02347,-1.8132e-20,4749,1.7261,-1.2538,0,33.0
-0.5314,0.4112,-0.042053,1.2261e-20,4772,2.3614,-0.76747,0,33.0
-0.54292,0.47662,0.017501,-2.5964e-20,4781,2.4799,-0.80599,0,33.0
-0.49297,0.91604,0.30811,-3.8409e-20,4818,2.9753,-1.1514,0,33.0
-0.48114,0.35435,0.39222,1.1602e-19,4825,3.3622,-0.47016,0,33.0
-0.38645,1.1845,0.30987,-2.4946e-20,4830,2.9641,-1.5704,0,33.0
-0.32216,1.2739,0.20583,-2.6619e-20,4832,2.6869,-1.9499,0,33.0
-0.37487,0.56951,0.53579,4.0225999999999996e-21,4846,3.7419,-0.70079,0,33.0
-0.33134,1.0245,0.43679,-1.5182e-20,4849,3.5057,-1.3635,0,33.0
-0.26573,0.23635,0.61002,4.8584e-20,4864,4.2628,-0.23492,0,33.0
-0.25131,0.53684,0.57455,5.3704e-20,4866,4.1971,-0.69968,0,33.0
-0.23091,0.81496,0.50419,-2.5746999999999997e-21,4868,4.0596,-1.1477,0,33.0
-0.21945,1.0065,0.40845,2.5152e-20,4870,3.8541,-1.5676,0,33.0
-0.18058,0.31791,0.59152,-5.759e-20,4885,4.728,-0.4678,0,33.0
-0.12542,0.79933,0.41775,-2.9747e-20,4889,4.4592,-1.3602,0,33.0
-0.13889,0.99487,0.30832,-1.5580999999999999e-21,4892,4.0873,-1.9478,0,33.0
-0.091106,0.63506,0.42192,3.9505999999999995e-21,4898,4.812,-1.1452,0,33.0
-0.081882,0.43878,0.44369,2.6636e-20,4907,5.1561,-0.92345,0,33.0
-0.10664,0.26714,0.43808,-4.4815e-20,4916,5.492,-0.6965,0,33.0
-0.027344,0.76973,0.24284,5.0023e-20,4921,5.0459,-1.7602,0,33.0
-0.032766,0.39288,0.31381,2.4103e-20,4928,5.6516,-1.1424,0,33.0
-0.11256,0.28634,0.16473,5.6238e-20,4936,6.08,-0.69506,0,33.0
0.012797,0.54068,0.1861,1.9944e-20,4940,5.762,-1.5616,0,33.0
-0.070646,0.3229,0.054587,-1.0514000000000001e-19,4947,6.3357,-0.91989,0,33.0
0.030519,0.57487,0.11046,-3.9369e-21,4951,5.9608,-1.7579,0,33.0
-0.079414,0.62561,-0.49682,-1.5947e-21,4986,7.7527,-0.69096,0,33.0
-0.095265,0.68108,-0.54323,-5.1471e-22,5005,8.5472,-0.46122,0,33.0
-0.06731,0.65367,-0.51621,-4.658e-21,5008,8.3977,-1.1332,0,33.0
-0.039378,0.69636,-0.44783,3.008e-20,5021,8.5295,-1.7514,0,33.0
-0.13262,0.70108,-0.49607,-4.6387e-21,5027,9.2813,-0.91101,0,33.0
-0.19315,1.0103,0.10672,2.9096e-20,5059,10.499,-1.3395,0,33.0
-0.13347,0.88964,0.43317,-2.0602e-21,5075,11.684,-0.45582,0,33.0
-0.11719,1.1138,0.35745,1.4726e-20,5081,11.32,-1.7443,0,33.0
-0.077711,0.87375,0.46045,-1.001e-21,5095,12.738,-0.454,0,33.0
-0.017384,0.93653,0.090569,-9.2718e-21,5561,5.0613,-2.97,0,33.0
0.00051288,0.91587,0.060888,-6.814799999999999e-22,5591,5.3695,-2.97,0,33.0
0.016526,0.90089,0.025143,5.5716999999999994e-21,5621,5.6893,-2.97,0,33.0
0.0072991,0.95241,0.01203,-5.9105999999999994e-21,5623,5.6893,-3.4878,0,33.0
0.047868,0.92607,-0.14967,3.6464e-21,5741,7.0919,-2.97,0,33.0
0.016211,1.0339,-0.052302,6.7358e-22,5746,7.0919,-4.4072,0,33.0
0.011208,1.0413,-0.039195,-1.9636999999999998e-21,5747,7.0919,-4.7572,0,33.0
0.0010311,1.0514,-0.013216,-7.438299999999999e-22,5750,7.0919,-5.9596,0,33.0
0.031983,0.99755,-0.20336,-1.6844999999999998e-21,5801,7.874,-2.97,0,33.0
0.023019,1.0773,-0.10719,-1.1890999999999998e-21,5804,7.874,-3.7739,0,33.0
-0.057189,1.0818,-0.17441,-2.3807e-21,5889,9.1598,-2.5172,0,33.0
-0.0012412,1.157,-0.023119,1.447e-21,5895,9.1598,-4.08,0,33.0
-0.097523,1.2359,0.089487,-5.0331e-22,5949,10.099,-2.5172,0,33.0
-0.030692,1.2132,0.072062,6.577099999999999e-21,5953,10.099,-3.4878,0,33.0
0.00040475,1.1031,0.03692,-1.0236999999999999e-21,5958,10.099,-5.1314,0,33.0
-0.047291,1.1689,0.20832,-7.8856e-21,6011,11.109,-2.97,0,33.0
-0.011577,1.115,0.11592,-3.9660999999999996e-22,6015,11.109,-4.08,0,33.0
-0.028884,1.0458,0.25692,-2.0471e-20,6070,12.196,-2.736,0,33.0
0.0034944,1.0411,0.10303,0.0,6077,12.196,-4.7572,0,33.0
0.0081838,1.0355,0.059791,-5.3157e-22,6080,12.196,-5.9596,0,33.0
-0.1192,1.139,-0.22338,7.0289e-20,6745,-0.57975,-2.4134,0,33.0
0.046634,0.96718,-0.27268,-4.9652000000000004e-20,6748,-1.5316,-1.7937,0,33.0
0.07186,0.90987,-0.36421,-7.3383e-20,6789,-1.3571,-1.3571,0,33.0
0.049154,0.88707,-0.46891,4.9069e-20,6819,-1.1532,-1.1532,0,33.0
-0.039682,0.8301,-0.65213,5.9437e-20,6859,-0.91393,-0.91393,0,33.0
-0.19573,0.98375,-0.64062,8.4726e-20,6860,-0.76021,-1.0465,0,33.0
-0.44358,1.0589,-0.5071,-1.8386e-20,6873,-0.46551,-1.1238,0,33.0
-0.54358,1.0288,-0.30669,5.3325e-20,6876,-0.19028,-1.201,0,33.0
-0.61295,0.36708,-0.066265,-4.6689e-20,6897,-0.083909,-1.066,0,33.0
-0.24666,0.0,0.0,0.0,6898,-0.64945,-0.76041,0,33.0
-0.41797,0.0,0.0,0.0,6901,-0.5225,-0.85264,0,33.0
-0.54223,0.0,0.0,0.0,6903,-0.38268,-0.92388,0,33.0
-0.6239,0.0,0.0,0.0,6906,-0.15643,-0.98769,0,33.0
-0.62517,0.0,0.0,0.0,6907,-0.078459,-0.99692,0,33.0
0.11997,0.90952,-0.17826,-1.8442e-20,6923,-2.3204,-1.6853,0,33.0
0.20133,0.82482,-0.11712,6.542499999999999e-21,6929,-2.6029,-0.84595,0,33.0
0.31571,0.66258,-0.16188,-5.6202e-21,6991,-1.87,-0.44916,0,33.0
0.23227,0.74733,-0.27699,-3.9011999999999994e-21,6994,-1.7142,-0.87328,0,33.0
0.15665,0.8239,-0.3314,4.914e-20,6996,-1.5553,-1.1297,0,33.0
0.40842,0.519,-0.089727,4.3744e-20,7016,-1.6271,-0.12817,0,33.0
0.33972,0.58955,-0.26604,-5.8026e-20,7019,-1.5541,-0.50503,0,33.0
0.21349,0.69484,-0.4375,6.217e-20,7031,-1.3165,-0.80663,0,33.0
0.45542,0.37908,-0.2002,-3.8863e-20,7044,-1.3568,-0.21499,0,33.0
0.39254,0.39502,-0.38524,-5.5061e-20,7055,-1.2306,-0.39989,0,33.0
0.19896,0.59078,-0.57179,9.6054e-20,7058,-1.1031,-0.67593,0,33.0
0.041497,0.7491,-0.63835,1.0497e-19,7060,-0.98326,-0.83971,0,33.0
0.50166,0.15232,-0.22078,2.6866000000000002e-20,7071,-1.1273,-0.17859,0,33.0
0.33552,0.17665,-0.3279,-1.4261000000000002e-19,7083,-0.98812,-0.40929,0,33.0
0.52582,0.0,0.0,0.0,7089,-0.98769,-0.15643,0,33.0
0.47839,0.0,0.0,0.0,7090,-0.97237,-0.23345,0,33.0
0.15715,0.0,0.0,0.0,7094,-0.85264,-0.5225,0,33.0
-0.046839,0.0,0.0,0.0,7096,-0.76041,-0.64945,0,33.0
0.16437,0.87438,-0.038973,5.5132999999999995e-21,7368,-3.5732,-0.46918,0,33.0
0.14772,0.89122,-0.080176,1.8095e-20,7371,-3.3916,-1.1488,0,33.0
0.060115,0.98335,-0.07173,-3.0374999999999997e-21,8062,-4.1311,-3.4878,0,33.0
-0.034033,1.0705,-0.11484,1.3656e-20,8451,-1.1464,-3.8396,0,33.0
-0.081317,1.1146,-0.098976,2.3812e-20,8570,-0.23491,-3.8016,0,33.0
-0.058698,1.0931,-0.072252,-4.3293999999999994e-21,8573,-0.23383,-4.5663,0,33.0
-0.43069,0.0,0.0,0.0,82,0.70711,0.70711,0,34.0
-0.42585,0.020683,0.021122,-2.8504e-20,87,0.85936,0.85936,0,34.0
-0.42741,0.20612,-0.0081512,1.8768e-20,92,0.89178,1.0442,0,34.0
-0.39465,0.61838,-0.057814,-2.4927000000000002e-20,101,1.2866,1.2866,0,34.0
-0.28568,1.1442,-0.011435,-3.1212e-20,112,1.5316,1.7937,0,34.0
-0.20053,1.1709,0.012797,-7.1657e-22,120,1.8605,2.1789,0,34.0
-0.44065,0.10144,-0.0011218,4.2808e-22,126,0.71472,0.98382,0,34.0
-0.46604,0.0,0.0,0.0,145,0.5225,0.85264,0,34.0
-0.43697,0.42374,-0.011804,-1.4224e-20,149,0.71792,1.1717,0,34.0
-0.35353,1.149,0.041885,-1.0176000000000001e-19,155,1.0047,1.6399,0,34.0
-0.46012,0.24331,-0.015745,2.3372000000000002e-20,168,0.5522,1.0838,0,34.0
-0.44951,0.69476,0.021731,-2.3550000000000002e-20,191,0.52598,1.2698,0,34.0
-0.51593,0.0,0.0,0.0,208,0.30902,0.95106,0,34.0
-0.4849,0.44245,-0.00052008,3.8647000000000003e-20,210,0.37591,1.1568,0,34.0
-0.36667,1.235,0.13704,1.2881e-20,216,0.5338,1.6426,0,34.0
-0.49764,0.55308,0.02315,6.8081e-20,231,0.28397,1.1826,0,34.0
-0.45966,0.94693,0.0987,-4.3981e-20,233,0.32087,1.3362,0,34.0
-0.33044,1.2635,0.17041,-6.9481e-20,238,0.42578,1.7727,0,34.0
-0.53756,0.51348,0.047965,4.5465999999999996e-21,272,0.089562,1.1377,0,34.0
-0.48932,0.97154,0.16034,1.8109e-20,274,0.1015,1.289,0,34.0
-0.57705,0.0,0.0,0.0,292,0.0,1.0,0,34.0
-0.35644,0.0,0.0,0.0,313,1.0,0.0,0,34.0
-0.36051,-0.030734,-0.15362,-6.7289e-21,319,1.212,0.095424,0,34.0
-0.36083,-0.044474,-0.21107,-1.0432999999999998e-21,320,1.2925,0.0,0,34.0
-0.36415,-0.078655,-0.25742,-2.8000999999999997e-21,324,1.4555,0.0,0,34.0
-0.36519,-0.093483,-0.23102,8.878499999999999e-21,325,1.4519,0.11435,0,34.0
-0.37592,-0.16441,-0.30043,7.0658e-21,333,1.8155,0.14304,0,34.0
-0.40104,-0.14,-0.33364,3.1949e-21,338,2.1297,0.0,0,34.0
-0.44888,-0.079775,-0.21416,3.5245e-21,348,2.7283,0.0,0,34.0
-0.35507,0.0,0.0,0.0,355,0.98769,0.15643,0,34.0
-0.37129,-0.21632,-0.31785,-1.2627000000000001e-20,367,2.1071,0.33402,0,34.0
-0.36705,-0.036175,-0.090833,7.914e-21,378,1.1826,0.28397,0,34.0
-0.369,-0.058035,-0.11762,8.514699999999999e-21,379,1.258,0.30208,0,34.0
-0.37266,-0.10186,-0.16297,1.1125999999999999e-21,381,1.4172,0.34035,0,34.0
-0.37751,-0.13269,-0.2129,-1.9908e-20,406,1.7344,0.56364,0,34.0
-0.33894,-0.12702,-0.27965,-1.5054999999999998e-22,410,2.137,0.69452,0,34.0
-0.27492,-0.096741,-0.28304,-7.6977e-20,413,2.4799,0.80599,0,34.0
-0.24733,-0.081989,-0.26995,6.9497e-20,414,2.6029,0.84595,0,34.0
-0.37387,0.0,0.0,0.0,418,0.92388,0.38268,0,34.0
-0.35139,-0.020621,-0.23443,-4.2286e-20,430,1.973,0.81724,0,34.0
-0.39196,-0.034816,-0.000829,1.2373e-20,441,1.0838,0.5522,0,34.0
-0.39828,-0.039967,-0.060959,3.0775999999999996e-21,444,1.2989,0.66178,0,34.0
-0.3046,0.22425,-0.21639,4.6627e-20,453,2.1054,1.0726,0,34.0
-0.3968,0.0,0.0,0.0,460,0.85264,0.5225,0,34.0
-0.39557,0.14529,-0.11941,-1.7956e-20,469,1.5546,0.95244,0,34.0
-0.41064,-0.01832,0.026289,-4.0567e-21,483,0.98382,0.71472,0,34.0
-0.41303,0.021921,-0.0039454,1.2150000000000002e-20,485,1.1114,0.8074,0,34.0
-0.35063,0.5253,-0.13273,-7.1229e-20,493,1.7261,1.2538,0,34.0
-0.39029,-0.11831,-0.047635,3.4511e-20,523,3.187,0.23587,0,34.0
-0.39547,0.14618,0.34133,-4.2381e-20,528,3.8141,0.0,0,34.0
-0.30884,0.2345,0.52032,-1.8356e-20,532,4.2681,0.0,0,34.0
-0.27044,0.11588,0.47703,-5.8824e-20,533,4.2628,0.23492,0,34.0
-0.18271,0.27822,0.62967,-1.2749e-20,540,5.282,0.0,0,34.0
-0.19295,0.25632,0.58617,2.3008e-20,543,5.5544,0.23377,0,34.0
-0.23266,0.40332,0.33274,-3.7786e-20,547,6.1409,0.23326,0,34.0
-0.21944,0.42218,0.20248,-1.7448e-19,548,6.4555,0.0,0,34.0
-0.18193,0.67546,-0.36834,5.916000000000001e-20,554,7.4555,0.0,0,34.0
-0.10029,0.80043,-0.53004,-4.0496999999999994e-21,561,8.5669,0.23111,0,34.0
-0.083088,0.75303,-0.49085,-5.026e-21,565,9.382,0.23039,0,34.0
-0.14122,0.66008,-0.35091,9.586399999999999e-21,570,10.726,0.0,0,34.0
-0.092424,0.7843,0.39578,-2.4516000000000002e-20,626,12.738,0.454,0,34.0
-0.15882,-0.0069331,0.35658,1.6697e-20,641,4.1971,0.69968,0,34.0
-0.1459,0.10663,0.50304,-3.4051e-21,643,4.6868,0.69847,0,34.0
-0.2758,0.70557,0.02238,2.3363000000000002e-20,649,6.3905,0.6943,0,34.0
-0.16426,0.91588,-0.50402,-1.9047e-20,653,7.7527,0.69096,0,34.0
-0.10715,0.64568,0.015396,9.4023e-21,662,11.654,0.68139,0,34.0
-0.14363,-0.077367,-0.091008,5.6079e-20,675,3.2568,0.92918,0,34.0
-0.11449,-0.051032,0.087827,6.215199999999999e-21,677,3.6808,0.9279,0,34.0
-0.14864,0.33577,0.45022,-1.9416e-20,683,5.1561,0.92345,0,34.0
-0.12576,0.13708,-0.15018,-1.0337e-20,712,2.9753,1.1514,0,34.0
-0.052056,0.13355,0.20647,2.8424e-20,717,4.0596,1.1477,0,34.0
-0.24347,0.80926,0.096388,3.0841e-20,724,5.9526,1.1414,0,34.0
-0.056179,0.83221,-0.40649,4.1350999999999995e-21,733,9.2192,1.1304,0,34.0
-0.047299,0.39835,0.26124,-1.9499e-20,757,4.4592,1.3602,0,34.0
-0.1498,0.68885,0.2466,3.6361e-20,760,5.2716,1.3574,0,34.0
-0.18952,1.1068,-0.4024,1.9256e-20,766,7.19,1.3508,0,34.0
-0.085632,0.96405,-0.43817,-8.3341e-23,769,8.319,1.347,0,34.0
-0.042276,0.679,-0.30324,-6.7487e-20,774,10.499,1.3395,0,34.0
-0.030568,0.54108,0.0018748,-1.6440000000000002e-20,791,3.3928,1.5691,0,34.0
-0.013972,0.51224,0.099574,-1.4026e-20,793,3.8541,1.5676,0,34.0
-0.092484,0.71422,0.21971,7.1763e-20,797,4.8843,1.5643,0,34.0
-0.22227,1.0907,-0.081474,-4.4293e-20,801,6.0767,1.5606,0,34.0
-0.037997,0.61759,-0.10841,-5.9341999999999994e-21,814,11.41,1.5437,0,34.0
-0.092803,0.85176,-0.036329,3.7341e-20,828,2.8331,1.7658,0,34.0
-0.032667,0.90552,0.071735,-6.5206e-21,871,3.586,1.9485,0,34.0
-0.033416,0.90845,0.11984,-5.130099999999999e-21,873,4.0873,1.9478,0,34.0
-0.09667,1.0343,0.11454,1.9799e-20,876,4.9116,1.9466,0,34.0
-0.1527,1.1643,0.0088502,5.7393e-20,878,5.5135,1.9457,0,34.0
-0.12155,1.2295,-0.24048,-4.0917e-20,961,6.7218,2.3126,0,34.0
-0.091693,1.2459,0.017869,7.9515e-21,996,5.0613,2.5172,0,34.0
-0.11294,1.2756,-0.074258,8.133199999999999e-21,998,5.6893,2.5172,0,34.0
-0.074901,1.123,-0.26943,-1.9411e-20,1003,7.4758,2.5172,0,34.0
0.0030196,0.84636,-0.17295,-9.974799999999999e-22,1049,10.099,2.736,0,34.0
0.012941,0.75983,-0.089379,-7.2801e-21,1051,11.109,2.736,0,34.0
-0.010404,0.94108,-0.20376,3.0721999999999996e-21,1087,9.1598,2.97,0,34.0
0.021114,0.74048,0.058297,8.849199999999999e-21,1093,12.196,2.97,0,34.0
-0.070083,1.2056,-0.013789,-5.3269e-21,1116,5.0613,3.2202,0,34.0
-0.048917,1.1331,-0.12181,-2.801e-21,1201,6.7218,3.7739,0,34.0
-0.0010361,0.97733,-0.12306,4.5282e-21,1247,9.1598,4.08,0,34.0
0.024003,0.89335,-0.025143,7.6223e-22,1251,11.109,4.08,0,34.0
-0.031595,1.0973,-0.080543,1.5831999999999998e-21,1321,6.7218,4.7572,0,34.0
0.028423,0.94071,0.048591,0.0,1333,12.196,4.7572,0,34.0
-0.10418,1.1147,0.13508,3.2732e-20,2145,-4.3934e-16,3.1819,0,34.0
-0.073545,1.0954,0.10872,-1.6264e-20,2175,-4.2301e-16,3.807,0,34.0
-0.05705,1.0852,0.093131,-8.289399999999999e-21,2195,-4.1015e-16,4.2993,0,34.0
0.091861,0.90197,0.26513,4.3404e-20,2456,-1.5845,1.5845,0,34.0
0.073033,0.85212,0.43582,-4.7999e-20,2468,-1.1532,1.1532,0,34.0
-0.044425,0.88771,0.57619,-4.7390000000000004e-20,2475,-0.89178,1.0442,0,34.0
-0.1162,0.80882,0.62141,-5.9241999999999995e-21,2479,-0.78951,0.92446,0,34.0
-0.18807,0.0,0.0,0.0,2484,-0.64945,0.76041,0,34.0
-0.055349,0.96199,0.48692,6.9047e-20,2499,-0.90709,1.2487,0,34.0
-0.17809,1.022,0.55803,8.8783e-21,2522,-0.71792,1.1717,0,34.0
-0.35629,0.0,0.0,0.0,2527,-0.5225,0.85264,0,34.0
-0.031997,1.0272,0.25754,-1.6340000000000002e-20,2533,-1.0726,2.1054,0,34.0
-0.33573,0.97857,0.53224,-1.39e-20,2545,-0.5522,1.0838,0,34.0
-0.4816,0.0,0.0,0.0,2569,-0.38268,0.92388,0,34.0
-0.33858,1.1691,0.46428,7.2229e-21,2585,-0.42475,1.3071,0,34.0
-0.4386,1.0184,0.4213,-5.8046e-20,2587,-0.37591,1.1568,0,34.0
-0.57325,0.0,0.0,0.0,2632,-0.15643,0.98769,0,34.0
-0.17538,1.1577,0.21976,-5.897e-20,2639,-0.17623,2.2362,0,34.0
-0.25821,1.2109,0.27757,-1.0913000000000001e-20,2643,-0.14304,1.8155,0,34.0
-0.43279,1.1988,0.31566,-1.4908e-19,2648,-0.10781,1.369,0,34.0
-0.51347,0.92585,0.22287,2.4563e-20,2650,-0.095424,1.212,0,34.0
-0.54398,0.67228,0.14128,5.4178e-20,2651,-0.089562,1.1377,0,34.0
0.24679,0.77421,-0.011586,-4.0743e-22,2660,-2.5997,0.0,0,34.0
0.31096,0.6861,-0.014243,2.8634e-22,2668,-2.1297,0.0,0,34.0
0.41099,0.51534,0.045218,-4.5735e-20,2679,-1.6271,0.12817,0,34.0
0.48464,0.34929,-0.02153,-4.9343e-22,2684,-1.3725,0.0,0,34.0
0.52531,0.2026,-0.02235,-3.752299999999999e-21,2688,-1.2153,0.0,0,34.0
0.55979,0.049434,-0.013565,-2.0055e-22,2692,-1.0692,0.0,0,34.0
0.57004,0.0,0.0,0.0,2695,-1.0,0.0,0,34.0
0.46332,0.37067,0.14782,4.0705e-20,2711,-1.3568,0.21499,0,34.0
0.51347,0.14449,0.17023,-2.1713e-20,2714,-1.1273,0.17859,0,34.0
0.53904,0.0,0.0,0.0,2716,-0.98769,0.15643,0,34.0
0.37829,0.54732,0.16729,-8.3154e-20,2729,-1.5885,0.38151,0,34.0
0.20569,0.81533,0.093346,-6.8909e-21,2740,-2.6029,0.84595,0,34.0
0.30049,0.67312,0.16819,2.012e-20,2747,-1.8296,0.59459,0,34.0
0.35044,0.57488,0.22339,6.1254e-20,2750,-1.5541,0.50503,0,34.0
0.39812,0.43704,0.30268,-5.969300000000001e-20,2753,-1.3071,0.42475,0,34.0
0.42518,0.22157,0.34051,9.0641e-20,2756,-1.0857,0.35279,0,34.0
0.44167,0.0,0.0,0.0,2758,-0.95106,0.30902,0,34.0
0.27514,0.64981,0.32065,-1.9676e-20,2792,-1.456,0.74178,0,34.0
0.28762,0.33893,0.47207,-1.7787000000000002e-19,2798,-1.0172,0.51827,0,34.0
0.29028,0.0,0.0,0.0,2800,-0.89101,0.45399,0,34.0
0.20118,0.7803,0.25178,-2.4714e-21,2809,-1.7284,1.0589,0,34.0
0.22946,0.6954,0.36019,2.1564000000000002e-20,2813,-1.393,0.85347,0,34.0
0.23456,0.60379,0.48089,5.7057e-20,2816,-1.1717,0.71792,0,34.0
0.11723,0.47883,0.55112,2.3509e-19,2840,-0.92341,0.67086,0,34.0
0.10415,0.0,0.0,0.0,2842,-0.80902,0.58779,0,34.0
0.10599,0.91596,0.15988,2.4347e-20,2844,-2.2843,1.9505,0,34.0
0.1273,0.79766,0.4182,-4.2673e-20,2855,-1.2411,1.0599,0,34.0
0.098018,0.74288,0.55088,-1.5141e-20,2858,-1.0442,0.89178,0,34.0
0.13656,0.9058,-0.0060914,5.2019e-24,2912,-4.3358,0.0,0,34.0
0.16549,0.87138,0.021426,-5.848599999999999e-21,2951,-3.5732,0.46918,0,34.0
0.15713,0.87834,0.049874,-1.2812e-20,3011,-3.47,0.92747,0,34.0
0.063202,0.97549,0.073625,2.7738e-21,3372,-3.8187,3.4878,0,34.0
-0.0037688,1.0345,0.10553,7.8372e-22,4180,-1.5637,4.1771,0,34.0
-0.37796,0.0,0.0,0.0,4394,0.64945,-0.76041,0,34.0
-0.42589,0.0,0.0,0.0,4402,0.45399,-0.89101,0,34.0
-0.47142,0.0,0.0,0.0,4406,0.30902,-0.95106,0,34.0
-0.52092,0.0,0.0,0.0,4410,0.15643,-0.98769,0,34.0
-0.49228,0.76776,-0.1165,-1.0431e-20,4436,0.095424,-1.212,0,34.0
-0.38263,0.2457,-0.011565,1.7353e-20,4441,0.67593,-1.1031,0,34.0
-0.38818,0.5388,-0.0267,9.4178e-21,4453,0.62391,-1.2246,0,34.0
-0.43316,1.2026,-0.27981,1.4581e-19,4459,-8.2717e-17,-1.3725,0,34.0
-0.37913,1.142,-0.1388,-3.5949e-20,4477,0.47729,-1.4687,0,34.0
-0.33615,0.35722,-0.045904,-5.1877999999999996e-21,4483,1.1532,-1.1532,0,34.0
-0.35419,0.88336,-0.057581,-7.386499999999999e-21,4485,0.85347,-1.393,0,34.0
-0.26989,1.2739,-0.27054,-3.1118e-20,4514,-1.8199e-16,-1.8196,0,34.0
-0.1904,1.2194,-0.21377,6.0853e-20,4558,-2.7552e-16,-2.2408,0,34.0
-0.31881,1.2783,-0.039427,2.0235999999999998e-21,4559,1.5316,-1.7937,0,34.0
-0.29403,1.3233,0.048212,-1.5011e-20,4615,2.1213,-2.1213,0,34.0
-0.36195,0.0,0.0,0.0,4627,0.98769,-0.15643,0,34.0
-0.3643,0.0,0.0,0.0,4631,0.95106,-0.30902,0,34.0
-0.36211,0.0,0.0,0.0,4635,0.89101,-0.45399,0,34.0
-0.363,0.0,0.0,0.0,4641,0.76041,-0.64945,0,34.0
-0.36045,-0.024006,-0.12295,8.282e-21,4646,1.0857,-0.35279,0,34.0
-0.35925,-0.033746,-0.043141,1.0027e-20,4651,0.86777,-0.74111,0,34.0
-0.3603,-0.025397,-0.1955,2.099e-21,4653,1.201,-0.19028,0,34.0
-0.35447,-0.030834,-0.12418,-1.9041999999999998e-21,4657,1.0838,-0.5522,0,34.0
-0.35681,-0.023133,-0.21355,1.1517999999999999e-22,4664,1.2306,-0.39989,0,34.0
-0.34949,-0.010323,-0.064142,2.7098999999999996e-21,4669,0.98326,-0.83971,0,34.0
-0.34755,-0.0094155,-0.18036,7.463499999999999e-21,4675,1.2246,-0.62391,0,34.0
-0.36256,-0.039033,-0.28423,-1.1590000000000001e-20,4680,1.4391,-0.22804,0,34.0
-0.35586,-0.0036064,-0.26458,4.6322e-21,4682,1.3864,-0.45054,0,34.0
-0.33853,0.076111,-0.072422,3.1154999999999997e-22,4687,1.1075,-0.94578,0,34.0
-0.3828,-0.081417,-0.32502,-2.8732e-20,4715,1.8155,-0.14304,0,34.0
-0.35842,0.22988,-0.19406,-5.3047e-21,4729,1.7142,-0.87328,0,34.0
-0.41864,0.030434,-0.31024,1.7774e-21,4743,2.1071,-0.33402,0,34.0
-0.40808,0.21067,-0.25107,-1.8399e-20,4745,2.0308,-0.65999,0,34.0
-0.38007,0.36413,-0.16055,-4.9265e-20,4747,1.9027,-0.96929,0,34.0
-0.35818,0.63025,-0.066993,-2.5238e-20,4749,1.7261,-1.2538,0,34.0
-0.45965,0.37639,-0.16299,8.066e-21,4772,2.3614,-0.76747,0,34.0
-0.47768,0.44048,-0.11959,-5.9305e-20,4781,2.4799,-0.80599,0,34.0
-0.49771,0.8961,0.16363,-4.6656000000000004e-20,4818,2.9753,-1.1514,0,34.0
-0.52568,0.39646,0.19296,4.4677e-20,4825,3.3622,-0.47016,0,34.0
-0.40428,1.2149,0.22823,-9.3637e-21,4830,2.9641,-1.5704,0,34.0
-0.32494,1.3163,0.15243,-3.0224e-20,4832,2.6869,-1.9499,0,34.0
-0.46264,0.65439,0.42736,-2.5652e-21,4846,3.7419,-0.70079,0,34.0
-0.39689,1.1077,0.38027,-8.7042e-21,4849,3.5057,-1.3635,0,34.0
-0.33257,0.37364,0.55126,5.0044e-20,4864,4.2628,-0.23492,0,34.0
-0.34239,0.67766,0.56375,7.325e-20,4866,4.1971,-0.69968,0,34.0
-0.3206,0.94877,0.5112,-4.9133999999999995e-22,4868,4.0596,-1.1477,0,34.0
-0.28878,1.1244,0.41395,4.4659e-20,4870,3.8541,-1.5676,0,34.0
-0.22824,0.52175,0.60611,-8.4866e-20,4885,4.728,-0.4678,0,34.0
-0.19932,0.93979,0.47793,-3.3083000000000003e-20,4889,4.4592,-1.3602,0,34.0
-0.19136,1.0953,0.33839,-4.9302e-21,4892,4.0873,-1.9478,0,34.0
-0.15603,0.79931,0.49906,1.2707e-20,4898,4.812,-1.1452,0,34.0
-0.12379,0.65536,0.50074,1.3823e-20,4907,5.1561,-0.92345,0,34.0
-0.11269,0.50182,0.51081,-2.3447e-20,4916,5.492,-0.6965,0,34.0
-0.081174,0.87172,0.33568,5.3930000000000005e-20,4921,5.0459,-1.7602,0,34.0
-0.05963,0.61199,0.38611,5.2984e-21,4928,5.6516,-1.1424,0,34.0
-0.097654,0.36629,0.43847,4.7138e-20,4936,6.08,-0.69506,0,34.0
-0.02527,0.69809,0.27755,-6.134599999999999e-21,4940,5.762,-1.5616,0,34.0
-0.067193,0.37891,0.34016,-8.3719e-20,4947,6.3357,-0.91989,0,34.0
-0.0053716,0.70585,0.21262,-1.2695e-20,4951,5.9608,-1.7579,0,34.0
-0.0927,0.56771,-0.34294,2.2607999999999998e-21,4986,7.7527,-0.69096,0,34.0
-0.08661,0.70898,-0.51515,-5.208399999999999e-21,5005,8.5472,-0.46122,0,34.0
-0.045717,0.63414,-0.42328,-9.7494e-21,5008,8.3977,-1.1332,0,34.0
-0.0055269,0.63378,-0.35952,2.7910000000000005e-20,5021,8.5295,-1.7514,0,34.0
-0.07853,0.7138,-0.52418,-7.605e-21,5027,9.2813,-0.91101,0,34.0
-0.15044,0.85837,-0.3189,5.0718000000000004e-20,5059,10.499,-1.3395,0,34.0
-0.1828,0.82528,0.14137,-6.859299999999999e-21,5075,11.684,-0.45582,0,34.0
-0.16072,1.0923,0.11525,4.8068e-20,5081,11.32,-1.7443,0,34.0
-0.11573,0.89144,0.44502,-1.2148e-20,5095,12.738,-0.454,0,34.0
-0.044919,0.96901,0.15278,-8.795599999999998e-21,5561,5.0613,-2.97,0,34.0
-0.026319,0.93888,0.1332,-6.707699999999999e-21,5591,5.3695,-2.97,0,34.0
-0.0087981,0.91153,0.10711,3.976699999999999e-21,5621,5.6893,-2.97,0,34.0
-0.0099414,0.95185,0.073383,-3.485e-21,5623,5.6893,-3.4878,0,34.0
0.042219,0.85877,-0.060506,3.1952e-21,5741,7.0919,-2.97,0,34.0
0.01709,0.99052,-0.02934,3.5111999999999997e-22,5746,7.0919,-4.4072,0,34.0
0.012529,1.0053,-0.023087,-2.9990000000000002e-21,5747,7.0919,-4.7572,0,34.0
0.0028131,1.0326,-0.0088866,-8.8666e-22,5750,7.0919,-5.9596,0,34.0
0.048119,0.87255,-0.1575,5.5191e-22,5801,7.874,-2.97,0,34.0
0.03408,0.98882,-0.1009,2.0609e-22,5804,7.874,-3.7739,0,34.0
0.0038699,0.83562,-0.31335,-1.8388999999999998e-22,5889,9.1598,-2.5172,0,34.0
0.017287,1.1073,-0.091045,3.4672999999999994e-21,5895,9.1598,-4.08,0,34.0
-0.062921,1.0563,-0.19604,-1.5061999999999998e-21,5949,10.099,-2.5172,0,34.0
-0.015952,1.2103,-0.054063,8.192099999999999e-21,5953,10.099,-3.4878,0,34.0
0.0070226,1.1049,-0.004701,-5.6060999999999995e-22,5958,10.099,-5.1314,0,34.0
-0.064303,1.2451,0.10877,-1.0683e-20,6011,11.109,-2.97,0,34.0
-0.012436,1.1644,0.062243,3.0832999999999996e-22,6015,11.109,-4.08,0,34.0
-0.054212,1.1518,0.2511,-3.5375e-20,6070,12.196,-2.736,0,34.0
2.4051e-05,1.0842,0.089571,0.0,6077,12.196,-4.7572,0,34.0
0.0072285,1.0588,0.051496,-5.900099999999999e-22,6080,12.196,-5.9596,0,34.0
-0.098523,1.1318,-0.22984,6.5307e-20,6745,-0.57975,-2.4134,0,34.0
0.061039,0.96088,-0.27244,-4.616e-20,6748,-1.5316,-1.7937,0,34.0
0.087425,0.90216,-0.36158,-7.1028e-20,6789,-1.3571,-1.3571,0,34.0
0.067123,0.87777,-0.46445,4.7411e-20,6819,-1.1532,-1.1532,0,34.0
-0.016925,0.81842,-0.64382,5.7014e-20,6859,-0.91393,-0.91393,0,34.0
-0.1676,0.96898,-0.63366,8.1756e-20,6860,-0.76021,-1.0465,0,34.0
-0.40421,1.0373,-0.50093,-1.7464e-20,6873,-0.46551,-1.1238,0,34.0
-0.49578,1.0002,-0.30374,5.0281000000000004e-20,6876,-0.19028,-1.201,0,34.0
-0.55938,0.35067,-0.064596,-4.1854e-20,6897,-0.083909,-1.066,0,34.0
-0.21575,0.0,0.0,0.0,6898,-0.64945,-0.76041,0,34.0
-0.38047,0.0,0.0,0.0,6901,-0.5225,-0.85264,0,34.0
-0.4983,0.0,0.0,0.0,6903,-0.38268,-0.92388,0,34.0
-0.57189,0.0,0.0,0.0,6906,-0.15643,-0.98769,0,34.0
-0.57125,0.0,0.0,0.0,6907,-0.078459,-0.99692,0,34.0
0.12886,0.906,-0.17714,-1.825e-20,6923,-2.3204,-1.6853,0,34.0
0.20582,0.82286,-0.11434,6.87e-21,6929,-2.6029,-0.84595,0,34.0
0.32007,0.66031,-0.15615,-7.500499999999999e-21,6991,-1.87,-0.44916,0,34.0
0.24136,0.74273,-0.27213,-2.6036999999999997e-21,6994,-1.7142,-0.87328,0,34.0
0.16895,0.81774,-0.32748,4.7840000000000007e-20,6996,-1.5553,-1.1297,0,34.0
0.40992,0.51815,-0.082001,4.5244e-20,7016,-1.6271,-0.12817,0,34.0
0.34648,0.586,-0.25876,-5.8493e-20,7019,-1.5541,-0.50503,0,34.0
0.22632,0.68814,-0.43053,5.9884e-20,7031,-1.3165,-0.80663,0,34.0
0.45928,0.3771,-0.19042,-3.8999e-20,7044,-1.3568,-0.21499,0,34.0
0.40095,0.39083,-0.37493,-5.4037000000000004e-20,7055,-1.2306,-0.39989,0,34.0
0.21421,0.58311,-0.56218,9.0962e-20,7058,-1.1031,-0.67593,0,34.0
0.061668,0.73882,-0.62952,1.0062e-19,7060,-0.98326,-0.83971,0,34.0
0.50638,0.15044,-0.21003,2.4677e-20,7071,-1.1273,-0.17859,0,34.0
0.3482,0.17315,-0.31989,-1.4081e-19,7083,-0.98812,-0.40929,0,34.0
0.53086,0.0,0.0,0.0,7089,-0.98769,-0.15643,0,34.0
0.48598,0.0,0.0,0.0,7090,-0.97237,-0.23345,0,34.0
0.17562,0.0,0.0,0.0,7094,-0.85264,-0.5225,0,34.0
-0.022349,0.0,0.0,0.0,7096,-0.76041,-0.64945,0,34.0
0.16564,0.87387,-0.037092,5.8655999999999996e-21,7368,-3.5732,-0.46918,0,34.0
0.15142,0.88989,-0.078618,1.7445e-20,7371,-3.3916,-1.1488,0,34.0
0.065498,0.98244,-0.071889,-3.019e-21,8062,-4.1311,-3.4878,0,34.0
-0.022324,1.0694,-0.11892,1.3629e-20,8451,-1.1464,-3.8396,0,34.0
-0.068079,1.1148,-0.10567,2.1754e-20,8570,-0.23491,-3.8016,0,34.0
-0.048538,1.0949,-0.076918,-3.9436e-21,8573,-0.23383,-4.5663,0,34.0
-0.47492,0.0,0.0,0.0,82,0.70711,0.70711,0,35.0
-0.46716,0.024993,0.032999,-3.0664e-20,87,0.85936,0.85936,0,35.0
-0.4689,0.23032,-0.0023194,1.5094e-20,92,0.89178,1.0442,0,35.0
-0.44883,0.69354,-0.058169,-1.8115e-20,101,1.2866,1.2866,0,35.0
-0.33573,1.1924,-0.044465,-3.1674e-20,112,1.5316,1.7937,0,35.0
-0.23756,1.1843,-0.033607,-1.6511e-21,120,1.8605,2.1789,0,35.0
-0.48318,0.11246,-0.00092063,3.7302e-22,126,0.71472,0.98382,0,35.0
-0.51148,0.0,0.0,0.0,145,0.5225,0.85264,0,35.0
-0.48027,0.45942,-0.015117,-1.6982e-20,149,0.71792,1.1717,0,35.0
-0.39738,1.1958,0.025052,-1.0134000000000001e-19,155,1.0047,1.6399,0,35.0
-0.50536,0.26426,-0.019021,2.3998e-20,168,0.5522,1.0838,0,35.0
-0.49466,0.73814,0.016736,-2.4571e-20,191,0.52598,1.2698,0,35.0
-0.56557,0.0,0.0,0.0,208,0.30902,0.95106,0,35.0
-0.5328,0.47224,-0.0036317,4.1187e-20,210,0.37591,1.1568,0,35.0
-0.4058,1.2687,0.12393,1.3423e-20,216,0.5338,1.6426,0,35.0
-0.54647,0.5858,0.020898,7.2567e-20,231,0.28397,1.1826,0,35.0
-0.50528,0.98994,0.094536,-4.6883e-20,233,0.32087,1.3362,0,35.0
-0.36641,1.2892,0.15638,-7.4296e-20,238,0.42578,1.7727,0,35.0
-0.58851,0.53987,0.048259,7.283299999999999e-21,272,0.089562,1.1377,0,35.0
-0.53643,1.0102,0.15975,2.0212e-20,274,0.1015,1.289,0,35.0
-0.62941,0.0,0.0,0.0,292,0.0,1.0,0,35.0
-0.34629,0.0,0.0,0.0,313,1.0,0.0,0,35.0
-0.36227,-0.042809,-0.049531,-6.2563999999999995e-21,319,1.212,0.095424,0,35.0
-0.35235,-0.058826,-0.10661,-1.4745e-20,320,1.2925,0.0,0,35.0
-0.35426,-0.099601,-0.16256,-3.4757e-20,324,1.4555,0.0,0,35.0
-0.36757,-0.10858,-0.13268,-1.6625999999999999e-21,325,1.4519,0.11435,0,35.0
-0.37487,-0.18329,-0.24998,5.3594999999999995e-21,333,1.8155,0.14304,0,35.0
-0.36717,-0.18477,-0.3518,1.0442e-20,338,2.1297,0.0,0,35.0
-0.39477,-0.12948,-0.38092,-5.0305e-21,348,2.7283,0.0,0,35.0
-0.36677,0.0,0.0,0.0,355,0.98769,0.15643,0,35.0
-0.38893,-0.20689,-0.32302,-1.5104e-20,367,2.1071,0.33402,0,35.0
-0.38925,-0.047316,0.0088996,1.6535e-20,378,1.1826,0.28397,0,35.0
-0.39235,-0.065068,-0.01344,2.2144e-20,379,1.258,0.30208,0,35.0
-0.39958,-0.098167,-0.064961,5.778599999999999e-21,381,1.4172,0.34035,0,35.0
-0.42952,-0.079404,-0.15441,-2.5704000000000002e-20,406,1.7344,0.56364,0,35.0
-0.40427,-0.029633,-0.29101,-8.624299999999999e-21,410,2.137,0.69452,0,35.0
-0.33685,0.025121,-0.3634,-9.6066e-20,413,2.4799,0.80599,0,35.0
-0.30491,0.041869,-0.37385,7.2535e-20,414,2.6029,0.84595,0,35.0
-0.41228,0.0,0.0,0.0,418,0.92388,0.38268,0,35.0
-0.42698,0.094794,-0.2238,-3.1162e-20,430,1.973,0.81724,0,35.0
-0.43205,-0.038105,0.065348,1.2815000000000001e-20,441,1.0838,0.5522,0,35.0
-0.44422,-0.0099013,0.011953,2.4051e-20,444,1.2989,0.66178,0,35.0
-0.3889,0.37603,-0.2423,4.4998e-20,453,2.1054,1.0726,0,35.0
-0.44172,0.0,0.0,0.0,460,0.85264,0.5225,0,35.0
-0.46028,0.23242,-0.085177,-4.1426e-21,469,1.5546,0.95244,0,35.0
-0.45245,-0.017386,0.061964,-5.2237999999999996e-21,483,0.98382,0.71472,0,35.0
-0.45609,0.042027,0.039371,4.4361999999999994e-21,485,1.1114,0.8074,0,35.0
-0.42455,0.6416,-0.14255,-6.7544e-20,493,1.7261,1.2538,0,35.0
-0.36919,-0.14183,-0.30377,1.2085e-20,523,3.187,0.23587,0,35.0
-0.42067,0.14181,0.079947,-4.1796e-20,528,3.8141,0.0,0,35.0
-0.36438,0.26176,0.33441,-3.7273e-20,532,4.2681,0.0,0,35.0
-0.31012,0.13476,0.26972,-6.9649e-20,533,4.2628,0.23492,0,35.0
-0.19342,0.43026,0.60418,4.410399999999999e-21,540,5.282,0.0,0,35.0
-0.16302,0.36075,0.6093,-2.1081e-20,543,5.5544,0.23377,0,35.0
-0.16216,0.36314,0.6023,-2.5478e-20,547,6.1409,0.23326,0,35.0
-0.16213,0.38244,0.54762,-1.0398000000000001e-19,548,6.4555,0.0,0,35.0
-0.20678,0.55472,0.023701,9.5928e-20,554,7.4555,0.0,0,35.0
-0.14527,0.81785,-0.48506,-1.1501e-20,561,8.5669,0.23111,0,35.0
-0.091282,0.82136,-0.51262,4.036899999999999e-21,565,9.382,0.23039,0,35.0
-0.093867,0.72505,-0.48318,3.784e-21,570,10.726,0.0,0,35.0
-0.11688,0.70821,0.13177,-3.9102e-20,626,12.738,0.454,0,35.0
-0.1707,-0.019025,0.11245,2.7352e-20,641,4.1971,0.69968,0,35.0
-0.1427,0.10213,0.34524,1.5435e-20,643,4.6868,0.69847,0,35.0
-0.19204,0.47502,0.44563,-2.7149e-21,649,6.3905,0.6943,0,35.0
-0.23106,0.8786,-0.29566,-7.810599999999999e-21,653,7.7527,0.69096,0,35.0
-0.090641,0.64523,-0.29756,1.7329e-20,662,11.654,0.68139,0,35.0
-0.16832,-0.015776,-0.31328,7.0397e-20,675,3.2568,0.92918,0,35.0
-0.12425,-0.050397,-0.17819,1.027e-21,677,3.6808,0.9279,0,35.0
-0.085299,0.19906,0.44934,-3.9921e-20,683,5.1561,0.92345,0,35.0
-0.17172,0.27141,-0.28931,-1.4884e-20,712,2.9753,1.1514,0,35.0
-0.038296,0.072158,-0.020581,3.1577e-20,717,4.0596,1.1477,0,35.0
-0.12853,0.5112,0.41551,1.7181e-20,724,5.9526,1.1414,0,35.0
-0.079288,0.93264,-0.44932,1.4934e-21,733,9.2192,1.1304,0,35.0
0.010222,0.2351,0.12746,-3.6891e-21,757,4.4592,1.3602,0,35.0
-0.033919,0.39296,0.35312,1.9104e-20,760,5.2716,1.3574,0,35.0
-0.22743,1.0554,-0.16349,6.197099999999999e-22,766,7.19,1.3508,0,35.0
-0.13672,1.0684,-0.43632,2.9821999999999996e-22,769,8.319,1.347,0,35.0
-0.039106,0.80128,-0.35026,-3.8497e-20,774,10.499,1.3395,0,35.0
-0.040777,0.59563,-0.11916,-3.3496e-20,791,3.3928,1.5691,0,35.0
0.011549,0.47792,-0.037068,-2.3002e-20,793,3.8541,1.5676,0,35.0
0.011612,0.45387,0.22763,5.6317e-20,797,4.8843,1.5643,0,35.0
-0.13314,0.82982,0.2157,-4.6313e-20,801,6.0767,1.5606,0,35.0
-0.032108,0.69657,-0.26814,-1.4649e-22,814,11.41,1.5437,0,35.0
-0.13057,0.9076,-0.1259,5.9547e-20,828,2.8331,1.7658,0,35.0
-0.017787,0.86764,-0.0059402,1.2520000000000001e-20,871,3.586,1.9485,0,35.0
0.019398,0.80387,0.068271,-6.436099999999999e-21,873,4.0873,1.9478,0,35.0
0.0049494,0.8103,0.17691,2.8460000000000005e-20,876,4.9116,1.9466,0,35.0
-0.053332,0.92879,0.18342,2.2620000000000002e-20,878,5.5135,1.9457,0,35.0
-0.12128,1.2727,-0.11113,-5.2112e-20,961,6.7218,2.3126,0,35.0
-0.025772,1.1403,0.11172,-7.150199999999999e-21,996,5.0613,2.5172,0,35.0
-0.06084,1.217,0.061703,1.5102999999999999e-21,998,5.6893,2.5172,0,35.0
-0.092218,1.2196,-0.21842,-3.0653e-20,1003,7.4758,2.5172,0,35.0
-0.0079282,0.91969,-0.2203,-1.2289e-21,1049,10.099,2.736,0,35.0
0.0057958,0.83109,-0.16394,-5.7899e-21,1051,11.109,2.736,0,35.0
-0.023342,1.0158,-0.22419,4.593899999999999e-21,1087,9.1598,2.97,0,35.0
0.017258,0.76807,-0.054106,7.658299999999999e-21,1093,12.196,2.97,0,35.0
-0.034429,1.16,0.04659,-2.4656e-21,1116,5.0613,3.2202,0,35.0
-0.04234,1.1638,-0.073892,-1.5682999999999998e-21,1201,6.7218,3.7739,0,35.0
-0.0084583,1.0237,-0.13727,4.8161999999999994e-21,1247,9.1598,4.08,0,35.0
0.016994,0.9173,-0.080158,5.978999999999999e-22,1251,11.109,4.08,0,35.0
-0.027458,1.1154,-0.054507,7.2756e-22,1321,6.7218,4.7572,0,35.0
0.025393,0.92801,-0.0022018,0.0,1333,12.196,4.7572,0,35.0
-0.12146,1.1214,0.1244,3.5314e-20,2145,-4.3934e-16,3.1819,0,35.0
-0.087145,1.0984,0.099407,-1.7384e-20,2175,-4.2301e-16,3.807,0,35.0
-0.068392,1.0863,0.085172,-8.7965e-21,2195,-4.1015e-16,4.2993,0,35.0
0.07903,0.91126,0.26925,4.5653e-20,2456,-1.5845,1.5845,0,35.0
0.05528,0.86512,0.44421,-4.961e-20,2468,-1.1532,1.1532,0,35.0
-0.068786,0.90451,0.58687,-4.7905e-20,2475,-0.89178,1.0442,0,35.0
-0.14497,0.82671,0.63463,-4.494599999999999e-21,2479,-0.78951,0.92446,0,35.0
-0.22136,0.0,0.0,0.0,2484,-0.64945,0.76041,0,35.0
-0.078431,0.97844,0.49409,7.3027e-20,2499,-0.90709,1.2487,0,35.0
-0.20726,1.0422,0.56639,8.2681e-21,2522,-0.71792,1.1717,0,35.0
-0.39578,0.0,0.0,0.0,2527,-0.5225,0.85264,0,35.0
-0.049227,1.0387,0.25685,-1.7428000000000002e-20,2533,-1.0726,2.1054,0,35.0
-0.37298,1.0024,0.54247,-1.5024e-20,2545,-0.5522,1.0838,0,35.0
-0.52662,0.0,0.0,0.0,2569,-0.38268,0.92388,0,35.0
-0.37461,1.1947,0.46839,7.4987e-21,2585,-0.42475,1.3071,0,35.0
-0.48091,1.0465,0.42907,-6.1571e-20,2587,-0.37591,1.1568,0,35.0
-0.62412,0.0,0.0,0.0,2632,-0.15643,0.98769,0,35.0
-0.19969,1.1729,0.21142,-6.3549e-20,2639,-0.17623,2.2362,0,35.0
-0.28833,1.2314,0.27094,-1.1346e-20,2643,-0.14304,1.8155,0,35.0
-0.47457,1.2312,0.31549,-1.5926000000000002e-19,2648,-0.10781,1.369,0,35.0
-0.56137,0.95942,0.2263,2.4676e-20,2650,-0.095424,1.212,0,35.0
-0.59413,0.69989,0.14466,5.6128e-20,2651,-0.089562,1.1377,0,35.0
0.24816,0.77425,-0.0048774,-2.1320999999999997e-22,2660,-2.5997,0.0,0,35.0
0.31238,0.68615,-0.0053019,8.840199999999999e-23,2668,-2.1297,0.0,0,35.0
0.4106,0.51666,0.057946,-4.4219e-20,2679,-1.6271,0.12817,0,35.0
0.48625,0.34932,-0.0057941,-7.1483e-22,2684,-1.3725,0.0,0,35.0
0.52698,0.20261,-0.0051306,3.5371e-21,2688,-1.2153,0.0,0,35.0
0.56152,0.049443,-0.0019136,-5.3577e-22,2692,-1.0692,0.0,0,35.0
0.57177,0.0,0.0,0.0,2695,-1.0,0.0,0,35.0
0.46034,0.3736,0.16342,4.0460000000000006e-20,2711,-1.3568,0.21499,0,35.0
0.50944,0.14721,0.18643,-2.4262e-20,2714,-1.1273,0.17859,0,35.0
0.53463,0.0,0.0,0.0,2716,-0.98769,0.15643,0,35.0
0.37409,0.5512,0.17969,-8.5685e-20,2729,-1.5885,0.38151,0,35.0
0.20213,0.81842,0.098965,-6.5631e-21,2740,-2.6029,0.84595,0,35.0
0.29538,0.6776,0.17783,1.7711e-20,2747,-1.8296,0.59459,0,35.0
0.34433,0.58005,0.23549,6.0551e-20,2750,-1.5541,0.50503,0,35.0
0.39053,0.44291,0.31783,-5.6311e-20,2753,-1.3071,0.42475,0,35.0
0.41535,0.22706,0.35646,9.378000000000001e-20,2756,-1.0857,0.35279,0,35.0
0.43102,0.0,0.0,0.0,2758,-0.95106,0.30902,0,35.0
0.26518,0.65757,0.33192,-1.7644e-20,2792,-1.456,0.74178,0,35.0
0.27186,0.34733,0.48757,-1.8415000000000002e-19,2798,-1.0172,0.51827,0,35.0
0.27327,0.0,0.0,0.0,2800,-0.89101,0.45399,0,35.0
0.19166,0.78769,0.25931,-9.9989e-22,2809,-1.7284,1.0589,0,35.0
0.21756,0.70446,0.37089,1.9780000000000003e-20,2813,-1.393,0.85347,0,35.0
0.2199,0.61419,0.49475,6.06e-20,2816,-1.1717,0.71792,0,35.0
0.095397,0.4903,0.5659,2.4426e-19,2840,-0.92341,0.67086,0,35.0
0.080665,0.0,0.0,0.0,2842,-0.80902,0.58779,0,35.0
0.09741,0.92172,0.16238,2.5826e-20,2844,-2.2843,1.9505,0,35.0
0.1115,0.80935,0.42747,-4.5844000000000004e-20,2855,-1.2411,1.0599,0,35.0
0.078533,0.75644,0.56338,-1.4397000000000002e-20,2858,-1.0442,0.89178,0,35.0
0.13784,0.90583,-0.0030457,5.6976e-22,2912,-4.3358,0.0,0,35.0
0.16515,0.87231,0.025424,-5.4939e-21,2951,-3.5732,0.46918,0,35.0
0.15515,0.88015,0.053631,-1.3651e-20,3011,-3.47,0.92747,0,35.0
0.058057,0.9778,0.073993,2.8107999999999996e-21,3372,-3.8187,3.4878,0,35.0
-0.013302,1.0376,0.10222,1.1536999999999999e-21,4180,-1.5637,4.1771,0,35.0
-0.33257,0.0,0.0,0.0,4394,0.64945,-0.76041,0,35.0
-0.37685,0.0,0.0,0.0,4402,0.45399,-0.89101,0,35.0
-0.41943,0.0,0.0,0.0,4406,0.30902,-0.95106,0,35.0
-0.46665,0.0,0.0,0.0,4410,0.15643,-0.98769,0,35.0
-0.44008,0.73291,-0.11602,-5.793299999999999e-21,4436,0.095424,-1.212,0,35.0
-0.33662,0.22043,-0.014652,1.4486e-20,4441,0.67593,-1.1031,0,35.0
-0.34116,0.49814,-0.031645,9.160499999999999e-21,4453,0.62391,-1.2246,0,35.0
-0.38683,1.1675,-0.28119,1.3445e-19,4459,-8.2717e-17,-1.3725,0,35.0
-0.33391,1.0986,-0.1475,-3.4253000000000003e-20,4477,0.47729,-1.4687,0,35.0
-0.28948,0.30761,-0.042999,-9.0069e-21,4483,1.1532,-1.1532,0,35.0
-0.30815,0.82781,-0.066414,-6.399899999999999e-21,4485,0.85347,-1.393,0,35.0
-0.23551,1.253,-0.2793,-2.8714e-20,4514,-1.8199e-16,-1.8196,0,35.0
-0.16231,1.2042,-0.22404,5.5477e-20,4558,-2.7552e-16,-2.2408,0,35.0
-0.27027,1.2334,-0.073204,4.9629e-22,4559,1.5316,-1.7937,0,35.0
-0.26227,1.3187,-0.0046659,-1.3040000000000001e-20,4615,2.1213,-2.1213,0,35.0
-0.33466,0.0,0.0,0.0,4627,0.98769,-0.15643,0,35.0
-0.32691,0.0,0.0,0.0,4631,0.95106,-0.30902,0,35.0
-0.32007,0.0,0.0,0.0,4635,0.89101,-0.45399,0,35.0
-0.31881,0.0,0.0,0.0,4641,0.76041,-0.64945,0,35.0
-0.32533,-0.019481,-0.072607,-5.516199999999999e-21,4646,1.0857,-0.35279,0,35.0
-0.31641,-0.031912,-0.034183,8.176199999999999e-21,4651,0.86777,-0.74111,0,35.0
-0.33535,-0.030858,-0.11001,-1.6792999999999998e-21,4653,1.201,-0.19028,0,35.0
-0.31511,-0.029245,-0.084431,-6.2969e-22,4657,1.0838,-0.5522,0,35.0
-0.32169,-0.030526,-0.14448,-3.1568e-22,4664,1.2306,-0.39989,0,35.0
-0.30779,-0.017006,-0.049352,1.3695999999999998e-21,4669,0.98326,-0.83971,0,35.0
-0.30752,-0.02174,-0.13327,1.2221000000000001e-20,4675,1.2246,-0.62391,0,35.0
-0.33359,-0.064401,-0.20162,1.1859e-20,4680,1.4391,-0.22804,0,35.0
-0.31719,-0.027231,-0.19903,-2.3417999999999997e-22,4682,1.3864,-0.45054,0,35.0
-0.29596,0.053263,-0.05712,2.3276e-21,4687,1.1075,-0.94578,0,35.0
-0.34759,-0.12677,-0.28515,-6.372399999999999e-21,4715,1.8155,-0.14304,0,35.0
-0.29419,0.1652,-0.18714,5.9131999999999996e-21,4729,1.7142,-0.87328,0,35.0
-0.35147,-0.038045,-0.33368,-7.250699999999999e-21,4743,2.1071,-0.33402,0,35.0
-0.32978,0.13635,-0.27286,-6.0177e-21,4745,2.0308,-0.65999,0,35.0
-0.3035,0.28246,-0.17822,-3.0057e-20,4747,1.9027,-0.96929,0,35.0
-0.28896,0.53286,-0.086067,-1.7984e-20,4749,1.7261,-1.2538,0,35.0
-0.36609,0.29334,-0.24099,3.8616e-21,4772,2.3614,-0.76747,0,35.0
-0.38267,0.35629,-0.21701,-6.2539e-20,4781,2.4799,-0.80599,0,35.0
-0.44036,0.79748,0.0042192,-3.9638e-20,4818,2.9753,-1.1514,0,35.0
-0.49497,0.36188,-0.043455,-3.4024e-20,4825,3.3622,-0.47016,0,35.0
-0.37813,1.1684,0.11288,3.7652e-21,4830,2.9641,-1.5704,0,35.0
-0.30172,1.32,0.078982,-2.845e-20,4832,2.6869,-1.9499,0,35.0
-0.49398,0.64332,0.21279,-6.6052999999999994e-21,4846,3.7419,-0.70079,0,35.0
-0.41839,1.1034,0.24839,1.3950999999999999e-21,4849,3.5057,-1.3635,0,35.0
-0.40219,0.41049,0.38504,3.0382e-20,4864,4.2628,-0.23492,0,35.0
-0.425,0.72938,0.43512,6.3558e-20,4866,4.1971,-0.69968,0,35.0
-0.39417,1.0146,0.42195,1.7519e-21,4868,4.0596,-1.1477,0,35.0
-0.33928,1.2063,0.35351,6.2275e-20,4870,3.8541,-1.5676,0,35.0
-0.3049,0.625,0.57684,-9.5116e-20,4885,4.728,-0.4678,0,35.0
-0.27367,1.064,0.48025,-3.4547e-20,4889,4.4592,-1.3602,0,35.0
-0.23396,1.1978,0.3249,-8.263699999999999e-21,4892,4.0873,-1.9478,0,35.0
-0.23055,0.93577,0.53575,1.6532e-20,4898,4.812,-1.1452,0,35.0
-0.18502,0.8035,0.56118,1.0170000000000001e-20,4907,5.1561,-0.92345,0,35.0
-0.14934,0.67884,0.56209,-1.2217e-20,4916,5.492,-0.6965,0,35.0
-0.13273,0.98562,0.3913,5.3470000000000003e-20,4921,5.0459,-1.7602,0,35.0
-0.10143,0.76658,0.46332,1.6064e-22,4928,5.6516,-1.1424,0,35.0
-0.10004,0.58093,0.49505,4.0868e-20,4936,6.08,-0.69506,0,35.0
-0.067612,0.81764,0.36766,-1.6254e-20,4940,5.762,-1.5616,0,35.0
-0.071687,0.58172,0.42502,-5.466e-20,4947,6.3357,-0.91989,0,35.0
-0.044196,0.81029,0.30904,-1.7823e-20,4951,5.9608,-1.7579,0,35.0
-0.11071,0.47476,-0.012685,-5.8225e-22,4986,7.7527,-0.69096,0,35.0
-0.1095,0.66512,-0.39978,-1.1631e-20,5005,8.5472,-0.46122,0,35.0
-0.049044,0.55579,-0.23175,-1.5689e-20,5008,8.3977,-1.1332,0,35.0
0.0037244,0.56856,-0.17843,2.6099e-20,5021,8.5295,-1.7514,0,35.0
-0.061495,0.70736,-0.46549,-1.1570000000000001e-20,5027,9.2813,-0.91101,0,35.0
-0.081049,0.78341,-0.49451,5.2315e-20,5059,10.499,-1.3395,0,35.0
-0.16085,0.75182,-0.27856,-6.666399999999999e-21,5075,11.684,-0.45582,0,35.0
-0.12479,0.94448,-0.27159,5.4207e-20,5081,11.32,-1.7443,0,35.0
-0.16472,0.84673,0.21002,-1.5853e-20,5095,12.738,-0.454,0,35.0
-0.069437,1.0227,0.19194,-7.6851e-21,5561,5.0613,-2.97,0,35.0
-0.051196,0.98799,0.18359,-1.1593e-20,5591,5.3695,-2.97,0,35.0
-0.03343,0.95402,0.16884,2.2328e-21,5621,5.6893,-2.97,0,35.0
-0.027508,0.97882,0.12329,-1.0416e-21,5623,5.6893,-3.4878,0,35.0
0.025638,0.8472,0.042084,1.5612999999999999e-21,5741,7.0919,-2.97,0,35.0
0.012989,0.96881,0.010915,-1.0115999999999999e-22,5746,7.0919,-4.4072,0,35.0
0.010094,0.9854,0.0083984,-3.4045e-21,5747,7.0919,-4.7572,0,35.0
0.0036631,1.0197,0.0045437,-7.259799999999999e-22,5750,7.0919,-5.9596,0,35.0
0.04331,0.82617,-0.058619,1.4321999999999998e-21,5801,7.874,-2.97,0,35.0
0.033744,0.92871,-0.047472,1.7620999999999998e-21,5804,7.874,-3.7739,0,35.0
0.031717,0.70992,-0.24238,-2.2140000000000002e-21,5889,9.1598,-2.5172,0,35.0
0.032772,1.0241,-0.11203,2.6503999999999996e-21,5895,9.1598,-4.08,0,35.0
-0.0046066,0.84551,-0.33969,-9.553799999999999e-22,5949,10.099,-2.5172,0,35.0
0.015295,1.0886,-0.17086,4.6991999999999995e-21,5953,10.099,-3.4878,0,35.0
0.017849,1.0808,-0.042695,3.0616e-22,5958,10.099,-5.1314,0,35.0
-0.04497,1.1582,-0.10724,-4.02e-21,6011,11.109,-2.97,0,35.0
-0.00092866,1.1769,-0.02543,1.8153999999999998e-21,6015,11.109,-4.08,0,35.0
-0.079578,1.2207,0.14042,-5.2981000000000003e-20,6070,12.196,-2.736,0,35.0
0.0015115,1.1214,0.053788,0.0,6077,12.196,-4.7572,0,35.0
0.0099088,1.077,0.031944,-3.8695999999999997e-22,6080,12.196,-5.9596,0,35.0
-0.076216,1.12,-0.23507,6.054000000000001e-20,6745,-0.57975,-2.4134,0,35.0
0.07731,0.95155,-0.26973,-4.2574e-20,6748,-1.5316,-1.7937,0,35.0
0.10525,0.89128,-0.35565,-6.8845e-20,6789,-1.3571,-1.3571,0,35.0
0.087908,0.86493,-0.45613,4.5797e-20,6819,-1.1532,-1.1532,0,35.0
0.010092,0.80272,-0.63095,5.3909e-20,6859,-0.91393,-0.91393,0,35.0
-0.13532,0.94973,-0.62269,7.856800000000001e-20,6860,-0.76021,-1.0465,0,35.0
-0.36114,1.0116,-0.49191,-1.6850000000000003e-20,6873,-0.46551,-1.1238,0,35.0
-0.44631,0.96833,-0.29876,4.7147e-20,6876,-0.19028,-1.201,0,35.0
-0.50512,0.33488,-0.062639,-3.8668e-20,6897,-0.083909,-1.066,0,35.0
-0.17918,0.0,0.0,0.0,6898,-0.64945,-0.76041,0,35.0
-0.33775,0.0,0.0,0.0,6901,-0.5225,-0.85264,0,35.0
-0.45015,0.0,0.0,0.0,6903,-0.38268,-0.92388,0,35.0
-0.51815,0.0,0.0,0.0,6906,-0.15643,-0.98769,0,35.0
-0.51659,0.0,0.0,0.0,6907,-0.078459,-0.99692,0,35.0
0.13952,0.90053,-0.1737,-1.8090000000000003e-20,6923,-2.3204,-1.6853,0,35.0
0.21209,0.81988,-0.10871,7.212e-21,6929,-2.6029,-0.84595,0,35.0
0.32646,0.65702,-0.14623,-9.555599999999998e-21,6991,-1.87,-0.44916,0,35.0
0.25265,0.73615,-0.26335,-1.1261999999999998e-21,6994,-1.7142,-0.87328,0,35.0
0.18351,0.80899,-0.31992,4.6713e-20,6996,-1.5553,-1.1297,0,35.0
0.41335,0.5169,-0.06928,4.6986e-20,7016,-1.6271,-0.12817,0,35.0
0.35564,0.58091,-0.24669,-5.9325e-20,7019,-1.5541,-0.50503,0,35.0
0.2421,0.67875,-0.41891,5.751e-20,7031,-1.3165,-0.80663,0,35.0
0.46547,0.37422,-0.17485,-3.9348e-20,7044,-1.3568,-0.21499,0,35.0
0.41248,0.38485,-0.35881,-5.3239e-20,7055,-1.2306,-0.39989,0,35.0
0.23336,0.57244,-0.54727,8.408100000000001e-20,7058,-1.1031,-0.67593,0,35.0
0.086041,0.72485,-0.61588,9.4996e-20,7060,-0.98326,-0.83971,0,35.0
0.51383,0.14775,-0.19386,2.2103e-20,7071,-1.1273,-0.17859,0,35.0
0.36518,0.16836,-0.30857,-1.3939e-19,7083,-0.98812,-0.40929,0,35.0
0.53875,0.0,0.0,0.0,7089,-0.98769,-0.15643,0,35.0
0.49697,0.0,0.0,0.0,7090,-0.97237,-0.23345,0,35.0
0.19927,0.0,0.0,0.0,7094,-0.85264,-0.5225,0,35.0
0.007773,0.0,0.0,0.0,7096,-0.76041,-0.64945,0,35.0
0.16858,0.87302,-0.033086,6.230000000000001e-21,7368,-3.5732,-0.46918,0,35.0
0.15682,0.88773,-0.07502,1.6807e-20,7371,-3.3916,-1.1488,0,35.0
0.072592,0.98043,-0.071329,-2.9947999999999996e-21,8062,-4.1311,-3.4878,0,35.0
-0.0086471,1.0654,-0.12317,1.3498e-20,8451,-1.1464,-3.8396,0,35.0
-0.052519,1.1114,-0.11349,1.9655e-20,8570,-0.23491,-3.8016,0,35.0
-0.035987,1.094,-0.083178,-3.538099999999999e-21,8573,-0.23383,-4.5663,0,35.0
-0.49762,0.0,0.0,0.0,82,0.70711,0.70711,0,36.0
-0.48722,0.023322,0.040871,-3.4794e-20,87,0.85936,0.85936,0,36.0
-0.48804,0.24046,0.0044833,1.4585e-20,92,0.89178,1.0442,0,36.0
-0.47863,0.74657,-0.046324,-9.6627e-21,101,1.2866,1.2866,0,36.0
-0.37472,1.242,-0.061569,-2.8107e-20,112,1.5316,1.7937,0,36.0
-0.27362,1.2131,-0.068421,-3.0042999999999998e-21,120,1.8605,2.1789,0,36.0
-0.50476,0.11534,0.00067864,-1.0392e-21,126,0.71472,0.98382,0,36.0
-0.5358,0.0,0.0,0.0,145,0.5225,0.85264,0,36.0
-0.50266,0.4817,-0.014438,-2.0691e-20,149,0.71792,1.1717,0,36.0
-0.4242,1.2364,0.018862,-9.4402e-20,155,1.0047,1.6399,0,36.0
-0.53017,0.2754,-0.019087,2.3982e-20,168,0.5522,1.0838,0,36.0
-0.52035,0.76928,0.0161,-2.4023e-20,191,0.52598,1.2698,0,36.0
-0.5952,0.0,0.0,0.0,208,0.30902,0.95106,0,36.0
-0.56113,0.4915,-0.0039264,4.4671e-20,210,0.37591,1.1568,0,36.0
-0.42958,1.2988,0.11814,1.3466e-20,216,0.5338,1.6426,0,36.0
-0.57639,0.60819,0.021004,7.7643e-20,231,0.28397,1.1826,0,36.0
-0.53319,1.0232,0.094208,-4.9102000000000004e-20,233,0.32087,1.3362,0,36.0
-0.38898,1.3139,0.14944,-7.6546e-20,238,0.42578,1.7727,0,36.0
-0.6219,0.55811,0.049355,4.810099999999999e-21,272,0.089562,1.1377,0,36.0
-0.56713,1.0406,0.16145,2.0547e-20,274,0.1015,1.289,0,36.0
-0.66499,0.0,0.0,0.0,292,0.0,1.0,0,36.0
-0.35419,0.0,0.0,0.0,313,1.0,0.0,0,36.0
-0.37821,-0.046108,0.07363,-6.216199999999999e-21,319,1.212,0.095424,0,36.0
-0.36163,-0.063982,0.029276,-2.5097000000000002e-20,320,1.2925,0.0,0,36.0
-0.36459,-0.10793,-0.019984,-6.030500000000001e-20,324,1.4555,0.0,0,36.0
-0.38655,-0.10621,0.010211,-1.461e-21,325,1.4519,0.11435,0,36.0
-0.39994,-0.17389,-0.12029,1.4728e-20,333,1.8155,0.14304,0,36.0
-0.36793,-0.21863,-0.26789,1.5547e-20,338,2.1297,0.0,0,36.0
-0.35392,-0.19906,-0.45044,-1.4246e-20,348,2.7283,0.0,0,36.0
-0.39024,0.0,0.0,0.0,355,0.98769,0.15643,0,36.0
-0.43602,-0.14754,-0.22803,-1.7486e-20,367,2.1071,0.33402,0,36.0
-0.41547,-0.048529,0.11599,1.932e-20,378,1.1826,0.28397,0,36.0
-0.41926,-0.059167,0.10671,2.6659e-20,379,1.258,0.30208,0,36.0
-0.43024,-0.075094,0.064756,3.5738e-21,381,1.4172,0.34035,0,36.0
-0.47946,-0.0014882,-0.04468,-7.206399999999999e-21,406,1.7344,0.56364,0,36.0
-0.48012,0.10646,-0.22448,-1.1209e-20,410,2.137,0.69452,0,36.0
-0.42183,0.20814,-0.35391,-1.0461000000000001e-19,413,2.4799,0.80599,0,36.0
-0.38979,0.23783,-0.38539,6.9071e-20,414,2.6029,0.84595,0,36.0
-0.44486,0.0,0.0,0.0,418,0.92388,0.38268,0,36.0
-0.49774,0.21993,-0.15744,-1.0397e-20,430,1.973,0.81724,0,36.0
-0.45846,-0.037558,0.12323,1.0756e-20,441,1.0838,0.5522,0,36.0
-0.47185,0.019252,0.09373,3.6852e-20,444,1.2989,0.66178,0,36.0
-0.46996,0.52247,-0.22314,3.3538e-20,453,2.1054,1.0726,0,36.0
-0.47066,0.0,0.0,0.0,460,0.85264,0.5225,0,36.0
-0.50025,0.29926,-0.028441,1.1834e-20,469,1.5546,0.95244,0,36.0
-0.47444,-0.018424,0.088183,-7.2379e-21,483,0.98382,0.71472,0,36.0
-0.47633,0.051742,0.079632,-1.6967999999999998e-21,485,1.1114,0.8074,0,36.0
-0.47961,0.73582,-0.12636,-5.3027e-20,493,1.7261,1.2538,0,36.0
-0.3355,-0.17099,-0.4954,-1.4206e-20,523,3.187,0.23587,0,36.0
-0.38251,0.067513,-0.22787,-2.925e-20,528,3.8141,0.0,0,36.0
-0.37725,0.21452,0.032862,-5.2503e-20,532,4.2681,0.0,0,36.0
-0.31662,0.089894,-0.043693,-6.0177e-20,533,4.2628,0.23492,0,36.0
-0.23904,0.47488,0.52434,1.9399e-20,540,5.282,0.0,0,36.0
-0.17712,0.42975,0.54183,-5.3307e-20,543,5.5544,0.23377,0,36.0
-0.13735,0.4871,0.59178,7.751599999999999e-21,547,6.1409,0.23326,0,36.0
-0.13076,0.53145,0.58579,-2.3482e-20,548,6.4555,0.0,0,36.0
-0.16444,0.47274,0.44515,8.518100000000001e-20,554,7.4555,0.0,0,36.0
-0.20172,0.74162,-0.22517,-1.3181e-20,561,8.5669,0.23111,0,36.0
-0.13309,0.83761,-0.47845,1.0330000000000001e-20,565,9.382,0.23039,0,36.0
-0.077461,0.79979,-0.48869,2.6145999999999997e-22,570,10.726,0.0,0,36.0
-0.10861,0.67396,-0.21877,-3.1494e-20,626,12.738,0.454,0,36.0
-0.17023,-0.027406,-0.2024,4.5423e-20,641,4.1971,0.69968,0,36.0
-0.15111,0.082422,0.07844,9.1713e-21,643,4.6868,0.69847,0,36.0
-0.1164,0.41942,0.58186,-1.2354e-20,649,6.3905,0.6943,0,36.0
-0.23117,0.70831,0.14616,1.9957e-20,653,7.7527,0.69096,0,36.0
-0.065434,0.74226,-0.40787,1.3015e-20,662,11.654,0.68139,0,36.0
-0.21387,0.18429,-0.43097,8.3403e-20,675,3.2568,0.92918,0,36.0
-0.14077,0.077012,-0.39178,-1.753e-20,677,3.6808,0.9279,0,36.0
-0.07482,0.18124,0.25678,-5.1332e-20,683,5.1561,0.92345,0,36.0
-0.24878,0.49414,-0.36242,-1.1235e-20,712,2.9753,1.1514,0,36.0
-0.047029,0.15953,-0.25275,2.7269e-20,717,4.0596,1.1477,0,36.0
-0.05059,0.35308,0.46004,4.3636e-20,724,5.9526,1.1414,0,36.0
-0.13044,1.0202,-0.45434,1.3402999999999998e-21,733,9.2192,1.1304,0,36.0
0.020091,0.24689,-0.091657,7.2696e-21,757,4.4592,1.3602,0,36.0
0.01337,0.2638,0.21823,1.2085e-20,760,5.2716,1.3574,0,36.0
-0.17345,0.81377,0.23145,-1.6691e-20,766,7.19,1.3508,0,36.0
-0.1994,1.0874,-0.2813,-1.1723000000000001e-20,769,8.319,1.347,0,36.0
-0.050171,0.89859,-0.38841,-2.3073e-20,774,10.499,1.3395,0,36.0
-0.09088,0.73462,-0.22272,-4.2352e-20,791,3.3928,1.5691,0,36.0
-0.012273,0.5926,-0.16217,-1.6222e-20,793,3.8541,1.5676,0,36.0
0.051034,0.3589,0.067566,5.4194000000000004e-20,797,4.8843,1.5643,0,36.0
-0.021208,0.52626,0.36758,-4.2389e-20,801,6.0767,1.5606,0,36.0
-0.029832,0.81134,-0.32105,1.7181999999999997e-21,814,11.41,1.5437,0,36.0
-0.19208,0.99263,-0.20794,7.6776e-20,828,2.8331,1.7658,0,36.0
-0.046434,0.8924,-0.10654,2.8616e-20,871,3.586,1.9485,0,36.0
0.017049,0.80029,-0.031274,-5.279199999999999e-21,873,4.0873,1.9478,0,36.0
0.060008,0.67975,0.10894,1.6796e-20,876,4.9116,1.9466,0,36.0
0.038639,0.68396,0.21221,7.7651e-21,878,5.5135,1.9457,0,36.0
-0.074944,1.1713,0.086299,-3.6462e-20,961,6.7218,2.3126,0,36.0
0.027516,1.0083,0.13014,-1.4863e-20,996,5.0613,2.5172,0,36.0
0.0080435,1.0725,0.15777,-5.5836999999999994e-21,998,5.6893,2.5172,0,36.0
-0.093074,1.2738,-0.09641,-4.0734000000000004e-20,1003,7.4758,2.5172,0,36.0
-0.020886,1.0002,-0.24587,-1.5231e-21,1049,10.099,2.736,0,36.0
-0.0028809,0.90469,-0.21288,-6.018499999999999e-21,1051,11.109,2.736,0,36.0
-0.037182,1.099,-0.22049,7.223e-21,1087,9.1598,2.97,0,36.0
0.012028,0.82913,-0.13239,6.061e-21,1093,12.196,2.97,0,36.0
-0.0023275,1.0834,0.071851,3.8791e-21,1116,5.0613,3.2202,0,36.0
-0.024383,1.1665,-0.0090435,-6.7524e-23,1201,6.7218,3.7739,0,36.0
-0.013662,1.0736,-0.13206,4.7821e-21,1247,9.1598,4.08,0,36.0
0.010317,0.95687,-0.11721,5.156199999999999e-22,1251,11.109,4.08,0,36.0
-0.01766,1.1182,-0.020053,-6.355e-23,1321,6.7218,4.7572,0,36.0
0.021238,0.93886,-0.047206,0.0,1333,12.196,4.7572,0,36.0
-0.13352,1.1314,0.11619,3.7311e-20,2145,-4.3934e-16,3.1819,0,36.0
-0.096904,1.1048,0.091209,-1.8388e-20,2175,-4.2301e-16,3.807,0,36.0
-0.076646,1.0904,0.077526,-9.299099999999999e-21,2195,-4.1015e-16,4.2993,0,36.0
0.070471,0.92082,0.27511,4.7221e-20,2456,-1.5845,1.5845,0,36.0
0.04222,0.878,0.45421,-5.0683000000000004e-20,2468,-1.1532,1.1532,0,36.0
-0.087699,0.92081,0.59882,-4.7670000000000003e-20,2475,-0.89178,1.0442,0,36.0
-0.16821,0.84366,0.64826,-2.407e-21,2479,-0.78951,0.92446,0,36.0
-0.24897,0.0,0.0,0.0,2484,-0.64945,0.76041,0,36.0
-0.095465,0.99446,0.50297,7.6511e-20,2499,-0.90709,1.2487,0,36.0
-0.22935,1.0613,0.57614,7.0609e-21,2522,-0.71792,1.1717,0,36.0
-0.42745,0.0,0.0,0.0,2527,-0.5225,0.85264,0,36.0
-0.060603,1.0509,0.25846,-1.8171e-20,2533,-1.0726,2.1054,0,36.0
-0.40168,1.0238,0.55293,-1.6746e-20,2545,-0.5522,1.0838,0,36.0
-0.56131,0.0,0.0,0.0,2569,-0.38268,0.92388,0,36.0
-0.40064,1.2181,0.4744,6.976799999999999e-21,2585,-0.42475,1.3071,0,36.0
-0.51229,1.0706,0.4371,-6.4387e-20,2587,-0.37591,1.1568,0,36.0
-0.66063,0.0,0.0,0.0,2632,-0.15643,0.98769,0,36.0
-0.21572,1.1893,0.2071,-6.626100000000001e-20,2639,-0.17623,2.2362,0,36.0
-0.30817,1.2515,0.26864,-1.1365000000000001e-20,2643,-0.14304,1.8155,0,36.0
-0.50302,1.2592,0.318,-1.659e-19,2648,-0.10781,1.369,0,36.0
-0.59449,0.98607,0.23048,2.7202e-20,2650,-0.095424,1.212,0,36.0
-0.62897,0.72061,0.14803,5.9008e-20,2651,-0.089562,1.1377,0,36.0
0.24979,0.77424,0.0031689,-8.6051e-23,2660,-2.5997,0.0,0,36.0
0.31404,0.68614,0.0050984,-7.5081e-23,2668,-2.1297,0.0,0,36.0
0.41075,0.51796,0.072238,-4.2840000000000003e-20,2679,-1.6271,0.12817,0,36.0
0.48791,0.34931,0.011553,-9.56e-22,2684,-1.3725,0.0,0,36.0
0.52862,0.20261,0.013524,1.0068e-20,2688,-1.2153,0.0,0,36.0
0.56314,0.049439,0.010286,-8.9847e-22,2692,-1.0692,0.0,0,36.0
0.57338,0.0,0.0,0.0,2695,-1.0,0.0,0,36.0
0.45813,0.37658,0.18059,3.9993e-20,2711,-1.3568,0.21499,0,36.0
0.50593,0.14999,0.20366,-2.6432e-20,2714,-1.1273,0.17859,0,36.0
0.53065,0.0,0.0,0.0,2716,-0.98769,0.15643,0,36.0
0.3712,0.55513,0.19363,-8.7465e-20,2729,-1.5885,0.38151,0,36.0
0.20023,0.82165,0.10593,-6.3249e-21,2740,-2.6029,0.84595,0,36.0
0.29206,0.68216,0.18898,1.5641e-20,2747,-1.8296,0.59459,0,36.0
0.33994,0.58529,0.24913,5.9603e-20,2750,-1.5541,0.50503,0,36.0
0.38447,0.44888,0.33447,-5.2614000000000003e-20,2753,-1.3071,0.42475,0,36.0
0.40673,0.23264,0.37327,9.629000000000001e-20,2756,-1.0857,0.35279,0,36.0
0.42147,0.0,0.0,0.0,2758,-0.95106,0.30902,0,36.0
0.25782,0.6654,0.3447,-1.5677e-20,2792,-1.456,0.74178,0,36.0
0.2582,0.3557,0.50366,-1.8917e-19,2798,-1.0172,0.51827,0,36.0
0.25826,0.0,0.0,0.0,2800,-0.89101,0.45399,0,36.0
0.1852,0.79522,0.26842,2.3985e-22,2809,-1.7284,1.0589,0,36.0
0.20874,0.71358,0.38312,1.7859e-20,2813,-1.393,0.85347,0,36.0
0.20816,0.62463,0.50994,6.3719e-20,2816,-1.1717,0.71792,0,36.0
0.076808,0.50146,0.58094,2.5202e-19,2840,-0.92341,0.67086,0,36.0
0.06035,0.0,0.0,0.0,2842,-0.80902,0.58779,0,36.0
0.092044,0.92798,0.16632,2.6843e-20,2844,-2.2843,1.9505,0,36.0
0.099825,0.82099,0.43831,-4.8654e-20,2855,-1.2411,1.0599,0,36.0
0.063112,0.76983,0.57715,-1.3474e-20,2858,-1.0442,0.89178,0,36.0
0.13939,0.90583,0.00083246,9.661199999999999e-22,2912,-4.3358,0.0,0,36.0
0.16557,0.8733,0.030475,-5.2451999999999994e-21,2951,-3.5732,0.46918,0,36.0
0.15442,0.88212,0.058464,-1.4235e-20,3011,-3.47,0.92747,0,36.0
0.055022,0.98073,0.075031,2.8444e-21,3372,-3.8187,3.4878,0,36.0
-0.019589,1.0423,0.099724,1.3702999999999998e-21,4180,-1.5637,4.1771,0,36.0
-0.30781,0.0,0.0,0.0,4394,0.64945,-0.76041,0,36.0
-0.3483,0.0,0.0,0.0,4402,0.45399,-0.89101,0,36.0
-0.38736,0.0,0.0,0.0,4406,0.30902,-0.95106,0,36.0
-0.43115,0.0,0.0,0.0,4410,0.15643,-0.98769,0,36.0
-0.40503,0.70678,-0.11396,-7.075699999999999e-21,4436,0.095424,-1.212,0,36.0
-0.31104,0.20732,-0.012739,1.0593e-20,4441,0.67593,-1.1031,0,36.0
-0.31396,0.47093,-0.030995,1.0087e-20,4453,0.62391,-1.2246,0,36.0
-0.35473,1.1368,-0.27933,1.2757e-19,4459,-8.2717e-17,-1.3725,0,36.0
-0.30519,1.0612,-0.14969,-3.2695e-20,4477,0.47729,-1.4687,0,36.0
-0.26468,0.27495,-0.027299,-1.2807e-20,4483,1.1532,-1.1532,0,36.0
-0.28089,0.78385,-0.066224,-8.188399999999999e-21,4485,0.85347,-1.393,0,36.0
-0.21141,1.2318,-0.28345,-2.7269e-20,4514,-1.8199e-16,-1.8196,0,36.0
-0.14206,1.1872,-0.23032,5.2317000000000003e-20,4558,-2.7552e-16,-2.2408,0,36.0
-0.2293,1.179,-0.091647,3.0532e-21,4559,1.5316,-1.7937,0,36.0
-0.22376,1.2896,-0.051371,-1.0464e-20,4615,2.1213,-2.1213,0,36.0
-0.32681,0.0,0.0,0.0,4627,0.98769,-0.15643,0,36.0
-0.30844,0.0,0.0,0.0,4631,0.95106,-0.30902,0,36.0
-0.29684,0.0,0.0,0.0,4635,0.89101,-0.45399,0,36.0
-0.29465,0.0,0.0,0.0,4641,0.76041,-0.64945,0,36.0
-0.30963,-0.013216,-0.0086156,-2.1835e-20,4646,1.0857,-0.35279,0,36.0
-0.29367,-0.027436,-0.022476,6.801099999999999e-21,4651,0.86777,-0.74111,0,36.0
-0.33012,-0.032902,0.0003696,-5.016599999999999e-21,4653,1.201,-0.19028,0,36.0
-0.29536,-0.026684,-0.032285,1.0549999999999999e-22,4657,1.0838,-0.5522,0,36.0
-0.30689,-0.037844,-0.048838,-7.7815e-22,4664,1.2306,-0.39989,0,36.0
-0.28665,-0.01754,-0.027884,2.2454e-22,4669,0.98326,-0.83971,0,36.0
-0.2882,-0.034628,-0.064039,1.3121e-20,4675,1.2246,-0.62391,0,36.0
-0.32726,-0.087704,-0.071898,2.8024e-20,4680,1.4391,-0.22804,0,36.0
-0.30067,-0.054298,-0.094335,-2.3032e-21,4682,1.3864,-0.45054,0,36.0
-0.27492,0.040491,-0.030554,4.3358999999999994e-21,4687,1.1075,-0.94578,0,36.0
-0.342,-0.16964,-0.16701,1.0430000000000001e-20,4715,1.8155,-0.14304,0,36.0
-0.25313,0.090469,-0.13512,1.8061e-20,4729,1.7142,-0.87328,0,36.0
-0.31161,-0.13045,-0.27109,-1.2260000000000001e-20,4743,2.1071,-0.33402,0,36.0
-0.27302,0.032056,-0.22849,1.1372e-20,4745,2.0308,-0.65999,0,36.0
-0.24665,0.18823,-0.14787,-9.1541e-22,4747,1.9027,-0.96929,0,36.0
-0.23748,0.44472,-0.073204,1.2179e-21,4749,1.7261,-1.2538,0,36.0
-0.27977,0.16472,-0.25699,-8.2978e-22,4772,2.3614,-0.76747,0,36.0
-0.2878,0.22324,-0.2561,-3.8048e-20,4781,2.4799,-0.80599,0,36.0
-0.34301,0.65384,-0.12277,-2.5551000000000002e-20,4818,2.9753,-1.1514,0,36.0
-0.40377,0.24264,-0.26128,-6.7889e-20,4825,3.3622,-0.47016,0,36.0
-0.31268,1.0501,-0.0014435,1.1128e-20,4830,2.9641,-1.5704,0,36.0
-0.25708,1.277,0.0037609,-2.2028e-20,4832,2.6869,-1.9499,0,36.0
-0.44583,0.55092,-0.034939,-6.2596e-21,4846,3.7419,-0.70079,0,36.0
-0.38006,0.99808,0.077226,1.0865000000000001e-20,4849,3.5057,-1.3635,0,36.0
-0.42065,0.3644,0.099485,-9.5529e-21,4864,4.2628,-0.23492,0,36.0
-0.44814,0.68118,0.1892,2.3362e-20,4866,4.1971,-0.69968,0,36.0
-0.41499,0.97092,0.23111,2.6792e-21,4868,4.0596,-1.1477,0,36.0
-0.35141,1.2041,0.22477,6.4749e-20,4870,3.8541,-1.5676,0,36.0
-0.37905,0.63816,0.40704,-6.4169e-20,4885,4.728,-0.4678,0,36.0
-0.33472,1.131,0.39319,-2.8767e-20,4889,4.4592,-1.3602,0,36.0
-0.26027,1.2774,0.2634,-9.917099999999999e-21,4892,4.0873,-1.9478,0,36.0
-0.30868,1.0275,0.48478,1.4428e-20,4898,4.812,-1.1452,0,36.0
-0.26339,0.91113,0.55336,9.861399999999999e-21,4907,5.1561,-0.92345,0,36.0
-0.21181,0.79486,0.58953,-8.668099999999999e-21,4916,5.492,-0.6965,0,36.0
-0.18487,1.1066,0.40422,4.5513e-20,4921,5.0459,-1.7602,0,36.0
-0.15537,0.8996,0.52006,1.1924999999999999e-21,4928,5.6516,-1.1424,0,36.0
-0.12885,0.72887,0.54979,4.2278e-20,4936,6.08,-0.69506,0,36.0
-0.11324,0.93915,0.42746,-2.0084e-20,4940,5.762,-1.5616,0,36.0
-0.095721,0.73749,0.48509,-4.1972e-20,4947,6.3357,-0.91989,0,36.0
-0.083899,0.91987,0.37502,-2.2508e-20,4951,5.9608,-1.7579,0,36.0
-0.099141,0.4654,0.33516,3.6641e-21,4986,7.7527,-0.69096,0,36.0
-0.13751,0.56579,-0.082971,-2.9426e-20,5005,8.5472,-0.46122,0,36.0
-0.056919,0.48873,0.079027,-2.0126e-20,5008,8.3977,-1.1332,0,36.0
-0.00082819,0.5432,0.044051,3.1133e-20,5021,8.5295,-1.7514,0,36.0
-0.070451,0.63731,-0.31534,-1.7807e-20,5027,9.2813,-0.91101,0,36.0
-0.046517,0.76212,-0.46113,5.1568e-20,5059,10.499,-1.3395,0,36.0
-0.10396,0.75685,-0.47988,-2.6880999999999997e-21,5075,11.684,-0.45582,0,36.0
-0.062612,0.84102,-0.4521,4.3894e-20,5081,11.32,-1.7443,0,36.0
-0.15878,0.78226,-0.19094,-1.0616999999999999e-21,5095,12.738,-0.454,0,36.0
-0.091339,1.0865,0.20536,-6.1003e-21,5561,5.0613,-2.97,0,36.0
-0.074415,1.0509,0.20848,-1.5823e-20,5591,5.3695,-2.97,0,36.0
-0.057231,1.0144,0.20539,3.4900999999999996e-22,5621,5.6893,-2.97,0,36.0
-0.045151,1.0226,0.15465,1.2630999999999998e-21,5623,5.6893,-3.4878,0,36.0
0.0043173,0.87727,0.12774,-3.3488999999999997e-22,5741,7.0919,-2.97,0,36.0
0.0040402,0.97058,0.053391,-5.1323e-22,5746,7.0919,-4.4072,0,36.0
0.0032056,0.98469,0.043471,-3.2995999999999997e-21,5747,7.0919,-4.7572,0,36.0
0.0013713,1.016,0.022257,-3.7585999999999997e-22,5750,7.0919,-5.9596,0,36.0
0.026988,0.82809,0.046083,1.8477e-21,5801,7.874,-2.97,0,36.0
0.023962,0.90989,0.021216,2.7893999999999997e-21,5804,7.874,-3.7739,0,36.0
0.034591,0.67179,-0.10379,-3.2746999999999996e-21,5889,9.1598,-2.5172,0,36.0
0.036544,0.95215,-0.079142,3.0165999999999997e-22,5895,9.1598,-4.08,0,36.0
0.021412,0.73593,-0.27244,-3.9026999999999996e-22,5949,10.099,-2.5172,0,36.0
0.037123,0.94334,-0.18527,4.974e-22,5953,10.099,-3.4878,0,36.0
0.02568,1.0382,-0.059171,9.4278e-22,5958,10.099,-5.1314,0,36.0
-0.0006341,0.95218,-0.27145,4.4902999999999994e-21,6011,11.109,-2.97,0,36.0
0.017911,1.119,-0.11344,2.2717999999999997e-21,6015,11.109,-4.08,0,36.0
-0.065247,1.119,-0.12097,-4.0896e-20,6070,12.196,-2.736,0,36.0
0.0079463,1.1359,-0.0045023,0.0,6077,12.196,-4.7572,0,36.0
0.014184,1.0831,0.0036581,6.3282e-23,6080,12.196,-5.9596,0,36.0
-0.059886,1.1067,-0.2377,5.736000000000001e-20,6745,-0.57975,-2.4134,0,36.0
0.089611,0.94164,-0.26528,-3.9939e-20,6748,-1.5316,-1.7937,0,36.0
0.11906,0.8801,-0.34799,-6.747600000000001e-20,6789,-1.3571,-1.3571,0,36.0
0.10438,0.85196,-0.44615,4.4694e-20,6819,-1.1532,-1.1532,0,36.0
0.032494,0.78718,-0.61697,5.0986e-20,6859,-0.91393,-0.91393,0,36.0
-0.10924,0.93108,-0.61067,7.5889e-20,6860,-0.76021,-1.0465,0,36.0
-0.32777,0.98847,-0.48251,-1.6799000000000002e-20,6873,-0.46551,-1.1238,0,36.0
-0.41034,0.94183,-0.29309,4.4755e-20,6876,-0.19028,-1.201,0,36.0
-0.46659,0.32389,-0.060917,-3.7961e-20,6897,-0.083909,-1.066,0,36.0
-0.14844,0.0,0.0,0.0,6898,-0.64945,-0.76041,0,36.0
-0.30303,0.0,0.0,0.0,6901,-0.5225,-0.85264,0,36.0
-0.41251,0.0,0.0,0.0,6903,-0.38268,-0.92388,0,36.0
-0.47893,0.0,0.0,0.0,6906,-0.15643,-0.98769,0,36.0
-0.47771,0.0,0.0,0.0,6907,-0.078459,-0.99692,0,36.0
0.14778,0.89454,-0.16889,-1.8008e-20,6923,-2.3204,-1.6853,0,36.0
0.21725,0.81663,-0.10176,7.462599999999999e-21,6929,-2.6029,-0.84595,0,36.0
0.33189,0.65357,-0.13479,-1.1176e-20,6991,-1.87,-0.44916,0,36.0
0.26177,0.72931,-0.25304,9.873399999999999e-23,6994,-1.7142,-0.87328,0,36.0
0.19501,0.79995,-0.31076,4.609e-20,6996,-1.5553,-1.1297,0,36.0
0.41655,0.51557,-0.054987,4.8391e-20,7016,-1.6271,-0.12817,0,36.0
0.36338,0.57564,-0.23305,-6.0259e-20,7019,-1.5541,-0.50503,0,36.0
0.25511,0.66913,-0.40575,5.5732e-20,7031,-1.3165,-0.80663,0,36.0
0.47099,0.37122,-0.15767,-3.9784e-20,7044,-1.3568,-0.21499,0,36.0
0.42261,0.37866,-0.34119,-5.2873e-20,7055,-1.2306,-0.39989,0,36.0
0.24975,0.56158,-0.53106,7.7343e-20,7058,-1.1031,-0.67593,0,36.0
0.10648,0.71087,-0.60105,8.9668e-20,7060,-0.98326,-0.83971,0,36.0
0.52059,0.14496,-0.17662,1.9865000000000002e-20,7071,-1.1273,-0.17859,0,36.0
0.38039,0.16357,-0.29696,-1.3874e-19,7083,-0.98812,-0.40929,0,36.0
0.54593,0.0,0.0,0.0,7089,-0.98769,-0.15643,0,36.0
0.50694,0.0,0.0,0.0,7090,-0.97237,-0.23345,0,36.0
0.22015,0.0,0.0,0.0,7094,-0.85264,-0.5225,0,36.0
0.033797,0.0,0.0,0.0,7096,-0.76041,-0.64945,0,36.0
0.17132,0.87203,-0.028039,6.493499999999999e-21,7368,-3.5732,-0.46918,0,36.0
0.16129,0.88526,-0.07036,1.6376e-20,7371,-3.3916,-1.1488,0,36.0
0.078208,0.97784,-0.070224,-2.978e-21,8062,-4.1311,-3.4878,0,36.0
0.0018246,1.0596,-0.12654,1.3322e-20,8451,-1.1464,-3.8396,0,36.0
-0.04037,1.1051,-0.12046,1.8083000000000002e-20,8570,-0.23491,-3.8016,0,36.0
-0.025985,1.0907,-0.089457,-3.2212999999999996e-21,8573,-0.23383,-4.5663,0,36.0
-0.49324,0.0,0.0,0.0,82,0.70711,0.70711,0,37.0
-0.48144,0.015805,0.044574,-3.9528e-20,87,0.85936,0.85936,0,37.0
-0.48078,0.23373,0.011801,1.7206e-20,92,0.89178,1.0442,0,37.0
-0.47648,0.76385,-0.024515,-2.0018e-21,101,1.2866,1.2866,0,37.0
-0.39335,1.282,-0.058269,-2.1637e-20,112,1.5316,1.7937,0,37.0
-0.29965,1.2494,-0.083088,-4.3732e-21,120,1.8605,2.1789,0,37.0
-0.50037,0.10886,0.0043142,-2.9183999999999996e-21,126,0.71472,0.98382,0,37.0
-0.53316,0.0,0.0,0.0,145,0.5225,0.85264,0,37.0
-0.49902,0.48402,-0.0091743,-2.4175e-20,149,0.71792,1.1717,0,37.0
-0.42802,1.2618,0.025203,-8.2741e-20,155,1.0047,1.6399,0,37.0
-0.52853,0.2731,-0.015495,2.3187e-20,168,0.5522,1.0838,0,37.0
-0.52048,0.77953,0.02043,-2.1811e-20,191,0.52598,1.2698,0,37.0
-0.59739,0.0,0.0,0.0,208,0.30902,0.95106,0,37.0
-0.56287,0.4945,-0.0011052,4.8115000000000004e-20,210,0.37591,1.1568,0,37.0
-0.43282,1.3179,0.12134,1.2998e-20,216,0.5338,1.6426,0,37.0
-0.57997,0.61379,0.023614,8.1799e-20,231,0.28397,1.1826,0,37.0
-0.53674,1.0379,0.098106,-4.9868e-20,233,0.32087,1.3362,0,37.0
-0.39329,1.3314,0.15139,-7.5598e-20,238,0.42578,1.7727,0,37.0
-0.62932,0.56298,0.051017,-2.4941e-21,272,0.089562,1.1377,0,37.0
-0.57395,1.0545,0.16516,1.8860000000000002e-20,274,0.1015,1.289,0,37.0
-0.67477,0.0,0.0,0.0,292,0.0,1.0,0,37.0
-0.37143,0.0,0.0,0.0,313,1.0,0.0,0,37.0
-0.3957,-0.038775,0.17701,-5.110799999999999e-21,319,1.212,0.095424,0,37.0
-0.37837,-0.055052,0.15517,-2.6540000000000004e-20,320,1.2925,0.0,0,37.0
-0.38365,-0.095541,0.12627,-6.4178e-20,324,1.4555,0.0,0,37.0
-0.40661,-0.084838,0.15201,7.7187e-21,325,1.4519,0.11435,0,37.0
-0.43244,-0.13187,0.042395,3.3333e-20,333,1.8155,0.14304,0,37.0
-0.40352,-0.20195,-0.105,1.5846e-20,338,2.1297,0.0,0,37.0
-0.37322,-0.20367,-0.37815,-1.8277e-20,348,2.7283,0.0,0,37.0
-0.41073,0.0,0.0,0.0,355,0.98769,0.15643,0,37.0
-0.48716,-0.057781,-0.076132,-1.7668000000000002e-20,367,2.1071,0.33402,0,37.0
-0.43016,-0.041484,0.19638,1.5807e-20,378,1.1826,0.28397,0,37.0
-0.43341,-0.044833,0.20501,2.1742e-20,379,1.258,0.30208,0,37.0
-0.44548,-0.043976,0.1848,-2.2347999999999996e-21,381,1.4172,0.34035,0,37.0
-0.50138,0.067312,0.077661,2.3498e-20,406,1.7344,0.56364,0,37.0
-0.53483,0.2198,-0.11156,-5.8700999999999995e-21,410,2.137,0.69452,0,37.0
-0.50659,0.36766,-0.28492,-8.2384e-20,413,2.4799,0.80599,0,37.0
-0.48065,0.41546,-0.3376,6.6852e-20,414,2.6029,0.84595,0,37.0
-0.45682,0.0,0.0,0.0,418,0.92388,0.38268,0,37.0
-0.53528,0.30703,-0.057916,1.2977e-20,430,1.973,0.81724,0,37.0
-0.46084,-0.035575,0.15641,8.079399999999999e-21,441,1.0838,0.5522,0,37.0
-0.46993,0.036046,0.16123,3.4701e-20,444,1.2989,0.66178,0,37.0
-0.52227,0.61835,-0.16338,1.5164e-20,453,2.1054,1.0726,0,37.0
-0.47351,0.0,0.0,0.0,460,0.85264,0.5225,0,37.0
-0.50146,0.32637,0.036131,2.4983e-20,469,1.5546,0.95244,0,37.0
-0.47052,-0.02216,0.0995,-8.771499999999999e-21,483,0.98382,0.71472,0,37.0
-0.46847,0.047857,0.10665,-1.6048999999999998e-21,485,1.1114,0.8074,0,37.0
-0.49946,0.78337,-0.086525,-2.8605e-20,493,1.7261,1.2538,0,37.0
-0.35168,-0.10402,-0.52997,-3.9258000000000004e-20,523,3.187,0.23587,0,37.0
-0.31114,-0.045585,-0.50056,-3.7648999999999994e-21,528,3.8141,0.0,0,37.0
-0.32471,0.10149,-0.31643,-5.3713e-20,532,4.2681,0.0,0,37.0
-0.27419,0.01359,-0.3946,-4.3914000000000003e-20,533,4.2628,0.23492,0,37.0
-0.28661,0.43459,0.28729,3.3107e-20,540,5.282,0.0,0,37.0
-0.21349,0.40297,0.35854,-7.3989e-20,543,5.5544,0.23377,0,37.0
-0.1516,0.52609,0.53493,3.2032e-20,547,6.1409,0.23326,0,37.0
-0.13928,0.62107,0.58255,3.3946e-20,548,6.4555,0.0,0,37.0
-0.11627,0.58059,0.55406,3.5850000000000004e-20,554,7.4555,0.0,0,37.0
-0.19565,0.60938,0.24066,-5.0307999999999994e-21,561,8.5669,0.23111,0,37.0
-0.18993,0.76491,-0.22779,3.9393999999999996e-21,565,9.382,0.23039,0,37.0
-0.091989,0.82978,-0.49382,-3.4332999999999995e-21,570,10.726,0.0,0,37.0
-0.078749,0.73108,-0.40155,-1.6933e-20,626,12.738,0.454,0,37.0
-0.16104,0.055966,-0.46856,3.1859e-20,641,4.1971,0.69968,0,37.0
-0.14171,0.066237,-0.26299,-8.922799999999999e-21,643,4.6868,0.69847,0,37.0
-0.09269,0.46314,0.50038,-1.6224e-20,649,6.3905,0.6943,0,37.0
-0.14953,0.56998,0.5225,2.2026e-20,653,7.7527,0.69096,0,37.0
-0.061845,0.83686,-0.43006,7.9377e-21,662,11.654,0.68139,0,37.0
-0.29379,0.43991,-0.46672,8.9164e-20,675,3.2568,0.92918,0,37.0
-0.18905,0.33898,-0.47444,-4.0622e-20,677,3.6808,0.9279,0,37.0
-0.072702,0.15651,-0.035963,-5.7208e-20,683,5.1561,0.92345,0,37.0
-0.34303,0.69987,-0.40077,1.9779999999999999e-22,712,2.9753,1.1514,0,37.0
-0.082571,0.3978,-0.37407,1.6309e-20,717,4.0596,1.1477,0,37.0
-0.028287,0.32716,0.29311,6.0667e-20,724,5.9526,1.1414,0,37.0
-0.19987,1.0169,-0.28012,5.2604e-21,733,9.2192,1.1304,0,37.0
-0.006017,0.4206,-0.24564,1.7119e-20,757,4.4592,1.3602,0,37.0
0.020222,0.26095,-0.021684,-1.7328e-21,760,5.2716,1.3574,0,37.0
-0.072438,0.5743,0.48174,-2.4391999999999998e-21,766,7.19,1.3508,0,37.0
-0.19527,0.91525,0.11333,-3.3649e-20,769,8.319,1.347,0,37.0
-0.081759,0.99425,-0.42737,-1.7823e-20,774,10.499,1.3395,0,37.0
-0.16468,0.87648,-0.31207,-4.6934e-20,791,3.3928,1.5691,0,37.0
-0.071883,0.74959,-0.26399,-7.872399999999999e-21,793,3.8541,1.5676,0,37.0
0.041492,0.43987,-0.1055,2.8354e-20,797,4.8843,1.5643,0,37.0
0.026452,0.3954,0.26042,-4.4307000000000003e-20,801,6.0767,1.5606,0,37.0
-0.040732,0.9054,-0.35764,1.9847e-21,814,11.41,1.5437,0,37.0
-0.25902,1.085,-0.2648,8.7283e-20,828,2.8331,1.7658,0,37.0
-0.10027,0.94621,-0.20357,4.1317e-20,871,3.586,1.9485,0,37.0
-0.025397,0.84671,-0.14228,-4.000699999999999e-21,873,4.0873,1.9478,0,37.0
0.053532,0.69267,-0.0072375,1.8623999999999998e-21,876,4.9116,1.9466,0,37.0
0.069054,0.59364,0.099489,3.1375999999999996e-21,878,5.5135,1.9457,0,37.0
0.0066863,0.92806,0.23204,-8.616799999999999e-21,961,6.7218,2.3126,0,37.0
0.039671,0.91435,0.067387,-1.254e-20,996,5.0613,2.5172,0,37.0
0.050029,0.92922,0.15082,-6.4866e-21,998,5.6893,2.5172,0,37.0
-0.05447,1.1813,0.09941,-2.885e-20,1003,7.4758,2.5172,0,37.0
-0.039043,1.0921,-0.25057,-1.8538e-21,1049,10.099,2.736,0,37.0
-0.015504,0.98331,-0.24256,-8.126299999999999e-21,1051,11.109,2.736,0,37.0
-0.051582,1.1893,-0.18117,1.0396e-20,1087,9.1598,2.97,0,37.0
0.0040084,0.89679,-0.18364,5.5820000000000004e-21,1093,12.196,2.97,0,37.0
0.0099896,1.0076,0.048153,9.6944e-21,1116,5.0613,3.2202,0,37.0
-0.00016389,1.1289,0.053196,9.0799e-22,1201,6.7218,3.7739,0,37.0
-0.016407,1.1217,-0.10429,3.9877999999999996e-21,1247,9.1598,4.08,0,37.0
0.002835,1.0054,-0.13645,4.9218e-22,1251,11.109,4.08,0,37.0
-0.0057039,1.1014,0.013534,-3.2373e-22,1321,6.7218,4.7572,0,37.0
0.015721,0.96528,-0.08015,0.0,1333,12.196,4.7572,0,37.0
-0.13826,1.1418,0.11262,3.8187e-20,2145,-4.3934e-16,3.1819,0,37.0
-0.10131,1.1126,0.086374,-1.8999e-20,2175,-4.2301e-16,3.807,0,37.0
-0.080682,1.0964,0.072325,-9.66e-21,2195,-4.1015e-16,4.2993,0,37.0
0.067388,0.92805,0.28111,4.7708e-20,2456,-1.5845,1.5845,0,37.0
0.036301,0.88726,0.46308,-5.0944e-20,2468,-1.1532,1.1532,0,37.0
-0.097089,0.93219,0.60878,-4.678e-20,2475,-0.89178,1.0442,0,37.0
-0.18062,0.85507,0.65861,-2.8759e-22,2479,-0.78951,0.92446,0,37.0
-0.26434,0.0,0.0,0.0,2484,-0.64945,0.76041,0,37.0
-0.10293,1.0057,0.51113,7.8541e-20,2499,-0.90709,1.2487,0,37.0
-0.23942,1.0743,0.58463,5.6178e-21,2522,-0.71792,1.1717,0,37.0
-0.44358,0.0,0.0,0.0,2527,-0.5225,0.85264,0,37.0
-0.064213,1.0603,0.26187,-1.8375e-20,2533,-1.0726,2.1054,0,37.0
-0.41502,1.037,0.5608,-1.8574e-20,2545,-0.5522,1.0838,0,37.0
-0.57709,0.0,0.0,0.0,2569,-0.38268,0.92388,0,37.0
-0.41068,1.2329,0.48072,5.8226999999999995e-21,2585,-0.42475,1.3071,0,37.0
-0.52515,1.0842,0.44327,-6.5652e-20,2587,-0.37591,1.1568,0,37.0
-0.67361,0.0,0.0,0.0,2632,-0.15643,0.98769,0,37.0
-0.22036,1.2024,0.20786,-6.6359e-20,2639,-0.17623,2.2362,0,37.0
-0.31357,1.2658,0.27121,-1.0989e-20,2643,-0.14304,1.8155,0,37.0
-0.51145,1.2753,0.32262,-1.6704e-19,2648,-0.10781,1.369,0,37.0
-0.6047,0.99852,0.23435,3.1453e-20,2650,-0.095424,1.212,0,37.0
-0.63978,0.72867,0.15051,6.1943e-20,2651,-0.089562,1.1377,0,37.0
0.25028,0.77419,0.010354,-5.7574e-23,2660,-2.5997,0.0,0,37.0
0.31449,0.68608,0.014113,-1.5986e-22,2668,-2.1297,0.0,0,37.0
0.41037,0.51891,0.084183,-4.1983000000000004e-20,2679,-1.6271,0.12817,0,37.0
0.48816,0.34927,0.025761,-1.1498e-21,2684,-1.3725,0.0,0,37.0
0.5288,0.20259,0.028503,1.4053e-20,2688,-1.2153,0.0,0,37.0
0.56323,0.04943,0.019686,-1.1879e-21,2692,-1.0692,0.0,0,37.0
0.57347,0.0,0.0,0.0,2695,-1.0,0.0,0,37.0
0.45626,0.37881,0.19463,3.9447e-20,2711,-1.3568,0.21499,0,37.0
0.50291,0.15208,0.2172,-2.7647e-20,2714,-1.1273,0.17859,0,37.0
0.52722,0.0,0.0,0.0,2716,-0.98769,0.15643,0,37.0
0.36938,0.55805,0.20529,-8.803800000000001e-20,2729,-1.5885,0.38151,0,37.0
0.1995,0.82415,0.11233,-6.234e-21,2740,-2.6029,0.84595,0,37.0
0.29039,0.68556,0.19859,1.446e-20,2747,-1.8296,0.59459,0,37.0
0.33742,0.58918,0.26057,5.8683e-20,2750,-1.5541,0.50503,0,37.0
0.38056,0.45334,0.34806,-4.9642e-20,2753,-1.3071,0.42475,0,37.0
0.4007,0.23677,0.38633,9.7513e-20,2756,-1.0857,0.35279,0,37.0
0.41467,0.0,0.0,0.0,2758,-0.95106,0.30902,0,37.0
0.254,0.67118,0.3555,-1.4316e-20,2792,-1.456,0.74178,0,37.0
0.24937,0.36177,0.51593,-1.916e-19,2798,-1.0172,0.51827,0,37.0
0.24835,0.0,0.0,0.0,2800,-0.89101,0.45399,0,37.0
0.18247,0.80084,0.27659,9.1772e-22,2809,-1.7284,1.0589,0,37.0
0.20433,0.72027,0.39351,1.6340000000000002e-20,2813,-1.393,0.85347,0,37.0
0.20148,0.63227,0.52233,6.5569e-20,2816,-1.1717,0.71792,0,37.0
0.065528,0.50928,0.59213,2.5625000000000003e-19,2840,-0.92341,0.67086,0,37.0
0.047764,0.0,0.0,0.0,2842,-0.80902,0.58779,0,37.0
0.090262,0.93303,0.17062,2.7145e-20,2844,-2.2843,1.9505,0,37.0
0.094352,0.82943,0.44774,-5.0337e-20,2855,-1.2411,1.0599,0,37.0
0.054893,0.77943,0.58843,-1.2634e-20,2858,-1.0442,0.89178,0,37.0
0.13985,0.9058,0.004484,1.0958e-21,2912,-4.3358,0.0,0,37.0
0.16568,0.87408,0.035199,-5.160799999999999e-21,2951,-3.5732,0.46918,0,37.0
0.15415,0.88371,0.063051,-1.4415e-20,3011,-3.47,0.92747,0,37.0
0.053896,0.98346,0.076454,2.8663999999999997e-21,3372,-3.8187,3.4878,0,37.0
-0.02203,1.0472,0.098719,1.3807e-21,4180,-1.5637,4.1771,0,37.0
-0.3108,0.0,0.0,0.0,4394,0.64945,-0.76041,0,37.0
-0.3487,0.0,0.0,0.0,4402,0.45399,-0.89101,0,37.0
-0.3846,0.0,0.0,0.0,4406,0.30902,-0.95106,0,37.0
-0.42474,0.0,0.0,0.0,4410,0.15643,-0.98769,0,37.0
-0.39745,0.69672,-0.11095,-1.3653e-20,4436,0.095424,-1.212,0,37.0
-0.31364,0.20988,-0.00653,6.8648e-21,4441,0.67593,-1.1031,0,37.0
-0.31485,0.46475,-0.025031,1.1841000000000001e-20,4453,0.62391,-1.2246,0,37.0
-0.34654,1.1196,-0.27481,1.27e-19,4459,-8.2717e-17,-1.3725,0,37.0
-0.30174,1.041,-0.14476,-3.1725e-20,4477,0.47729,-1.4687,0,37.0
-0.26894,0.26762,-0.0015603,-1.5861e-20,4483,1.1532,-1.1532,0,37.0
-0.28072,0.76453,-0.056868,-1.2398000000000001e-20,4485,0.85347,-1.393,0,37.0
-0.20503,1.2161,-0.28162,-2.7221e-20,4514,-1.8199e-16,-1.8196,0,37.0
-0.1359,1.1729,-0.23067,5.2425e-20,4558,-2.7552e-16,-2.2408,0,37.0
-0.20655,1.1308,-0.088915,9.627099999999999e-21,4559,1.5316,-1.7937,0,37.0
-0.18637,1.242,-0.079382,-6.7876e-21,4615,2.1213,-2.1213,0,37.0
-0.33606,0.0,0.0,0.0,4627,0.98769,-0.15643,0,37.0
-0.31065,0.0,0.0,0.0,4631,0.95106,-0.30902,0,37.0
-0.29641,0.0,0.0,0.0,4635,0.89101,-0.45399,0,37.0
-0.29666,0.0,0.0,0.0,4641,0.76041,-0.64945,0,37.0
-0.31423,-0.0055432,0.053598,-3.3229e-20,4646,1.0857,-0.35279,0,37.0
-0.29699,-0.021827,-0.011087,7.7029e-21,4651,0.86777,-0.74111,0,37.0
-0.34098,-0.027471,0.10486,-6.5413999999999995e-21,4653,1.201,-0.19028,0,37.0
-0.29852,-0.023568,0.021381,-5.9753e-22,4657,1.0838,-0.5522,0,37.0
-0.31304,-0.040164,0.050254,-1.0389e-21,4664,1.2306,-0.39989,0,37.0
-0.29191,-0.01208,-0.0042452,-5.0662e-23,4669,0.98326,-0.83971,0,37.0
-0.29286,-0.044632,0.013183,1.0814e-20,4675,1.2246,-0.62391,0,37.0
-0.34011,-0.094308,0.069208,2.8798e-20,4680,1.4391,-0.22804,0,37.0
-0.30756,-0.073,0.024766,-8.0859e-22,4682,1.3864,-0.45054,0,37.0
-0.28136,0.040576,0.0022922,6.170399999999999e-21,4687,1.1075,-0.94578,0,37.0
-0.36333,-0.17921,-0.0026276,1.0256e-20,4715,1.8155,-0.14304,0,37.0
-0.2447,0.021611,-0.041706,2.8627e-20,4729,1.7142,-0.87328,0,37.0
-0.3161,-0.19627,-0.12525,-8.2351e-21,4743,2.1071,-0.33402,0,37.0
-0.25545,-0.069687,-0.11365,2.6375e-20,4745,2.0308,-0.65999,0,37.0
-0.22326,0.097908,-0.065977,3.1068e-20,4747,1.9027,-0.96929,0,37.0
-0.21605,0.38417,-0.027435,2.7303e-20,4749,1.7261,-1.2538,0,37.0
-0.22901,0.018823,-0.18769,-3.6065999999999996e-21,4772,2.3614,-0.76747,0,37.0
-0.22358,0.06408,-0.20924,8.3713e-21,4781,2.4799,-0.80599,0,37.0
-0.2343,0.47513,-0.18957,-9.2836e-21,4818,2.9753,-1.1514,0,37.0
-0.29768,0.048189,-0.41417,-3.2406e-20,4825,3.3622,-0.47016,0,37.0
-0.22412,0.89186,-0.079085,1.0157e-20,4830,2.9641,-1.5704,0,37.0
-0.19901,1.195,-0.053019,-1.2204e-20,4832,2.6869,-1.9499,0,37.0
-0.33815,0.3725,-0.25906,-4.8834999999999995e-21,4846,3.7419,-0.70079,0,37.0
-0.28952,0.82612,-0.075454,1.4744e-20,4849,3.5057,-1.3635,0,37.0
-0.36238,0.23386,-0.23285,-4.098e-20,4864,4.2628,-0.23492,0,37.0
-0.38776,0.54451,-0.090965,-1.9064e-20,4866,4.1971,-0.69968,0,37.0
-0.35982,0.82891,0.00309,-6.0669e-22,4868,4.0596,-1.1477,0,37.0
-0.30762,1.0938,0.059355,4.7561e-20,4870,3.8541,-1.5676,0,37.0
-0.39153,0.55525,0.10629,1.8146999999999997e-21,4885,4.728,-0.4678,0,37.0
-0.34665,1.0822,0.20834,-1.0795000000000001e-20,4889,4.4592,-1.3602,0,37.0
-0.25605,1.2966,0.15666,-8.1976e-21,4892,4.0873,-1.9478,0,37.0
-0.35448,1.0141,0.30698,2.0842e-21,4898,4.812,-1.1452,0,37.0
-0.33457,0.93359,0.41067,8.229599999999999e-21,4907,5.1561,-0.92345,0,37.0
-0.28985,0.84344,0.49975,-9.504599999999999e-21,4916,5.492,-0.6965,0,37.0
-0.23114,1.2115,0.35876,2.2654e-20,4921,5.0459,-1.7602,0,37.0
-0.22384,1.0116,0.51313,1.137e-20,4928,5.6516,-1.1424,0,37.0
-0.18316,0.83344,0.57477,5.0377000000000004e-20,4936,6.08,-0.69506,0,37.0
-0.16557,1.0653,0.44607,-1.5497e-20,4940,5.762,-1.5616,0,37.0
-0.13796,0.86073,0.53838,-4.4691000000000004e-20,4947,6.3357,-0.91989,0,37.0
-0.12718,1.0388,0.40514,-2.6767e-20,4951,5.9608,-1.7579,0,37.0
-0.080045,0.61757,0.44561,7.790499999999999e-21,4986,7.7527,-0.69096,0,37.0
-0.12515,0.51424,0.31247,-4.6359e-20,5005,8.5472,-0.46122,0,37.0
-0.052705,0.55991,0.30633,-1.7374e-20,5008,8.3977,-1.1332,0,37.0
-0.0091014,0.63394,0.19683,3.0326e-20,5021,8.5295,-1.7514,0,37.0
-0.084783,0.54704,-0.0012861,-2.3470000000000003e-20,5027,9.2813,-0.91101,0,37.0
-0.037495,0.7058,-0.35485,6.023500000000001e-20,5059,10.499,-1.3395,0,37.0
-0.0758,0.7989,-0.49113,1.6881999999999998e-21,5075,11.684,-0.45582,0,37.0
-0.029586,0.78978,-0.42301,3.5812e-20,5081,11.32,-1.7443,0,37.0
-0.10908,0.77272,-0.43962,7.046099999999999e-21,5095,12.738,-0.454,0,37.0
-0.10806,1.1505,0.19184,-4.1126e-21,5561,5.0613,-2.97,0,37.0
-0.093934,1.1181,0.20645,-1.9409e-20,5591,5.3695,-2.97,0,37.0
-0.078503,1.0826,0.21529,-1.7583e-21,5621,5.6893,-2.97,0,37.0
-0.060934,1.074,0.16487,3.4086999999999994e-21,5623,5.6893,-3.4878,0,37.0
-0.017042,0.93234,0.1864,-1.8421e-21,5741,7.0919,-2.97,0,37.0
-0.0072128,0.99052,0.087805,-8.186599999999999e-22,5746,7.0919,-4.4072,0,37.0
-0.0061569,0.99979,0.073029,-2.9192999999999997e-21,5747,7.0919,-4.7572,0,37.0
-0.0034564,1.0213,0.039137,6.243e-23,5750,7.0919,-5.9596,0,37.0
0.0075549,0.86464,0.13168,1.938e-21,5801,7.874,-2.97,0,37.0
0.0098036,0.92448,0.082589,3.2120999999999998e-21,5804,7.874,-3.7739,0,37.0
0.023161,0.70414,0.024849,-2.4630999999999998e-21,5889,9.1598,-2.5172,0,37.0
0.030291,0.91651,-0.018705,-1.9227e-21,5895,9.1598,-4.08,0,37.0
0.025428,0.67897,-0.12907,1.356e-24,5949,10.099,-2.5172,0,37.0
0.040144,0.86548,-0.11715,-8.585e-22,5953,10.099,-3.4878,0,37.0
0.027344,0.99581,-0.04785,1.025e-21,5958,10.099,-5.1314,0,37.0
0.02457,0.81507,-0.25306,2.0484e-21,6011,11.109,-2.97,0,37.0
0.03209,1.0147,-0.14517,9.0945e-22,6015,11.109,-4.08,0,37.0
-0.021,0.94989,-0.31469,-2.6053e-20,6070,12.196,-2.736,0,37.0
0.018003,1.1095,-0.066827,0.0,6077,12.196,-4.7572,0,37.0
0.018456,1.0716,-0.025068,6.1694e-22,6080,12.196,-5.9596,0,37.0
-0.054739,1.0956,-0.23691,5.673000000000001e-20,6745,-0.57975,-2.4134,0,37.0
0.093706,0.93387,-0.26028,-3.9003e-20,6748,-1.5316,-1.7937,0,37.0
0.12415,0.8717,-0.34068,-6.7285e-20,6789,-1.3571,-1.3571,0,37.0
0.1111,0.84245,-0.43724,4.4406e-20,6819,-1.1532,-1.1532,0,37.0
0.043223,0.77613,-0.6057,4.9046e-20,6859,-0.91393,-0.91393,0,37.0
-0.097417,0.91826,-0.60086,7.465000000000001e-20,6860,-0.76021,-1.0465,0,37.0
-0.31408,0.97449,-0.47529,-1.7270000000000002e-20,6873,-0.46551,-1.1238,0,37.0
-0.39855,0.92815,-0.28834,4.3727e-20,6876,-0.19028,-1.201,0,37.0
-0.45503,0.32074,-0.059911,-3.9833e-20,6897,-0.083909,-1.066,0,37.0
-0.13283,0.0,0.0,0.0,6898,-0.64945,-0.76041,0,37.0
-0.28665,0.0,0.0,0.0,6901,-0.5225,-0.85264,0,37.0
-0.39648,0.0,0.0,0.0,6903,-0.38268,-0.92388,0,37.0
-0.46568,0.0,0.0,0.0,6906,-0.15643,-0.98769,0,37.0
-0.46593,0.0,0.0,0.0,6907,-0.078459,-0.99692,0,37.0
0.1505,0.88965,-0.164,-1.8013000000000002e-20,6923,-2.3204,-1.6853,0,37.0
0.21896,0.81402,-0.095383,7.5523e-21,6929,-2.6029,-0.84595,0,37.0
0.33391,0.65091,-0.12497,-1.1924000000000001e-20,6991,-1.87,-0.44916,0,37.0
0.26526,0.7241,-0.24399,7.2887e-22,6994,-1.7142,-0.87328,0,37.0
0.19937,0.79311,-0.30249,4.6132000000000004e-20,6996,-1.5553,-1.1297,0,37.0
0.41764,0.51453,-0.043034,4.9091e-20,7016,-1.6271,-0.12817,0,37.0
0.36663,0.57163,-0.22158,-6.1037e-20,7019,-1.5541,-0.50503,0,37.0
0.26086,0.66197,-0.39466,5.5037e-20,7031,-1.3165,-0.80663,0,37.0
0.47338,0.36892,-0.1436,-4.0197e-20,7044,-1.3568,-0.21499,0,37.0
0.42761,0.37397,-0.32692,-5.3053e-20,7055,-1.2306,-0.39989,0,37.0
0.25795,0.55355,-0.518,7.2574e-20,7058,-1.1031,-0.67593,0,37.0
0.11647,0.70077,-0.58913,8.6088e-20,7060,-0.98326,-0.83971,0,37.0
0.52385,0.14284,-0.16305,1.8573e-20,7071,-1.1273,-0.17859,0,37.0
0.38874,0.16009,-0.28827,-1.3906000000000002e-19,7083,-0.98812,-0.40929,0,37.0
0.54952,0.0,0.0,0.0,7089,-0.98769,-0.15643,0,37.0
0.51224,0.0,0.0,0.0,7090,-0.97237,-0.23345,0,37.0
0.23165,0.0,0.0,0.0,7094,-0.85264,-0.5225,0,37.0
0.047717,0.0,0.0,0.0,7096,-0.76041,-0.64945,0,37.0
0.17218,0.87117,-0.023327,6.5836999999999995e-21,7368,-3.5732,-0.46918,0,37.0
0.16272,0.88318,-0.065905,1.6246e-20,7371,-3.3916,-1.1488,0,37.0
0.080082,0.97537,-0.068874,-2.9646999999999996e-21,8062,-4.1311,-3.4878,0,37.0
0.0056506,1.0536,-0.1281,1.3095e-20,8451,-1.1464,-3.8396,0,37.0
-0.0354,1.0977,-0.1247,1.746e-20,8570,-0.23491,-3.8016,0,37.0
-0.021667,1.0858,-0.094098,-3.0753999999999998e-21,8573,-0.23383,-4.5663,0,37.0
-0.46449,0.0,0.0,0.0,82,0.70711,0.70711,0,38.0
-0.4527,0.004744,0.04545,-4.2604000000000003e-20,87,0.85936,0.85936,0,38.0
-0.45051,0.21235,0.01922,2.1333e-20,92,0.89178,1.0442,0,38.0
-0.4449,0.74198,0.0026209,2.7690999999999996e-21,101,1.2866,1.2866,0,38.0
-0.38824,1.3041,-0.035426,-1.3897e-20,112,1.5316,1.7937,0,38.0
-0.31029,1.2842,-0.074815,-5.3903999999999996e-21,120,1.8605,2.1789,0,38.0
-0.47221,0.094725,0.0095808,-4.726299999999999e-21,126,0.71472,0.98382,0,38.0
-0.50527,0.0,0.0,0.0,145,0.5225,0.85264,0,38.0
-0.47131,0.46546,-0.00027711,-2.626e-20,149,0.71792,1.1717,0,38.0
-0.40916,1.2662,0.042607,-6.9244e-20,155,1.0047,1.6399,0,38.0
-0.50172,0.2578,-0.0091278,2.1906e-20,168,0.5522,1.0838,0,38.0
-0.49583,0.76599,0.028742,-1.8498000000000002e-20,191,0.52598,1.2698,0,38.0
-0.57231,0.0,0.0,0.0,208,0.30902,0.95106,0,38.0
-0.5383,0.4803,0.0040969,5.0539e-20,210,0.37591,1.1568,0,38.0
-0.41561,1.3215,0.13276,1.2125000000000001e-20,216,0.5338,1.6426,0,38.0
-0.55693,0.601,0.028048,8.3829e-20,231,0.28397,1.1826,0,38.0
-0.51573,1.0302,0.1053,-4.8875000000000004e-20,233,0.32087,1.3362,0,38.0
-0.37911,1.3373,0.16163,-7.1705e-20,238,0.42578,1.7727,0,38.0
-0.60938,0.55313,0.052797,-1.2599e-20,272,0.089562,1.1377,0,38.0
-0.55572,1.0483,0.16995,1.5592e-20,274,0.1015,1.289,0,38.0
-0.65668,0.0,0.0,0.0,292,0.0,1.0,0,38.0
-0.38091,0.0,0.0,0.0,313,1.0,0.0,0,38.0
-0.39938,-0.028209,0.23478,-2.9111999999999996e-21,319,1.212,0.095424,0,38.0
-0.38602,-0.041495,0.2366,-2.0782000000000002e-20,320,1.2925,0.0,0,38.0
-0.39231,-0.075941,0.23492,-4.9581e-20,324,1.4555,0.0,0,38.0
-0.40978,-0.06051,0.255,1.5761e-20,325,1.4519,0.11435,0,38.0
-0.4432,-0.086957,0.18955,4.5253e-20,333,1.8155,0.14304,0,38.0
-0.43504,-0.15813,0.079155,1.0275e-20,338,2.1297,0.0,0,38.0
-0.43039,-0.14194,-0.20372,-1.6633000000000002e-20,348,2.7283,0.0,0,38.0
-0.41304,0.0,0.0,0.0,355,0.98769,0.15643,0,38.0
-0.50555,0.016398,0.085644,-1.4383e-20,367,2.1071,0.33402,0,38.0
-0.42326,-0.032349,0.23417,9.216899999999999e-21,378,1.1826,0.28397,0,38.0
-0.42503,-0.030864,0.26019,1.2658e-20,379,1.258,0.30208,0,38.0
-0.43473,-0.019393,0.26795,-5.8733e-21,381,1.4172,0.34035,0,38.0
-0.48384,0.10766,0.1848,4.4209e-20,406,1.7344,0.56364,0,38.0
-0.54174,0.28231,0.021211,2.4560999999999997e-21,410,2.137,0.69452,0,38.0
-0.55444,0.45812,-0.16296,-2.9227e-20,413,2.4799,0.80599,0,38.0
-0.54386,0.52089,-0.23086,5.7179e-20,414,2.6029,0.84595,0,38.0
-0.44284,0.0,0.0,0.0,418,0.92388,0.38268,0,38.0
-0.52388,0.34146,0.052203,3.0414e-20,430,1.973,0.81724,0,38.0
-0.43889,-0.033733,0.16327,5.5360999999999994e-21,441,1.0838,0.5522,0,38.0
-0.4406,0.038023,0.2024,2.0304e-20,444,1.2989,0.66178,0,38.0
-0.52707,0.6444,-0.071881,-4.4188e-21,453,2.1054,1.0726,0,38.0
-0.45042,0.0,0.0,0.0,460,0.85264,0.5225,0,38.0
-0.46558,0.31356,0.094829,3.024e-20,469,1.5546,0.95244,0,38.0
-0.44328,-0.027386,0.098144,-9.116799999999999e-21,483,0.98382,0.71472,0,38.0
-0.43702,0.033833,0.11798,3.6796e-21,485,1.1114,0.8074,0,38.0
-0.4792,0.77448,-0.031248,-1.3743999999999999e-21,493,1.7261,1.2538,0,38.0
-0.42186,0.042002,-0.43197,-5.6017e-20,523,3.187,0.23587,0,38.0
-0.28934,-0.045118,-0.59276,2.1776e-20,528,3.8141,0.0,0,38.0
-0.26008,0.013445,-0.58467,-3.3704e-20,532,4.2681,0.0,0,38.0
-0.24018,0.045805,-0.61009,-4.216e-20,533,4.2628,0.23492,0,38.0
-0.28235,0.32385,-0.093216,4.1253e-20,540,5.282,0.0,0,38.0
-0.22912,0.31605,0.0090449,-6.3577e-20,543,5.5544,0.23377,0,38.0
-0.19018,0.48132,0.33948,2.8317e-20,547,6.1409,0.23326,0,38.0
-0.18297,0.62818,0.49728,9.0149e-20,548,6.4555,0.0,0,38.0
-0.10703,0.68483,0.55695,1.3568e-21,554,7.4555,0.0,0,38.0
-0.13294,0.60297,0.5231,2.5223999999999998e-21,561,8.5669,0.23111,0,38.0
-0.18779,0.64876,0.2308,-1.1877e-20,565,9.382,0.23039,0,38.0
-0.13705,0.79454,-0.38334,-9.3218e-21,570,10.726,0.0,0,38.0
-0.066536,0.81653,-0.4347,-7.226599999999999e-21,626,12.738,0.454,0,38.0
-0.18642,0.30979,-0.54867,-1.6973e-20,641,4.1971,0.69968,0,38.0
-0.13205,0.19378,-0.49897,4.5885e-21,643,4.6868,0.69847,0,38.0
-0.10008,0.42389,0.33077,-2.5299e-20,649,6.3905,0.6943,0,38.0
-0.094095,0.60912,0.5554,9.5093e-21,653,7.7527,0.69096,0,38.0
-0.08424,0.90356,-0.466,6.545299999999999e-21,662,11.654,0.68139,0,38.0
-0.39176,0.63487,-0.46739,8.5672e-20,675,3.2568,0.92918,0,38.0
-0.27122,0.58361,-0.51375,-5.1865e-20,677,3.6808,0.9279,0,38.0
-0.069208,0.21384,-0.33231,-4.7206e-20,683,5.1561,0.92345,0,38.0
-0.43443,0.84697,-0.38859,1.9242e-20,712,2.9753,1.1514,0,38.0
-0.14933,0.64272,-0.44383,6.804e-21,717,4.0596,1.1477,0,38.0
-0.02676,0.29211,0.028251,7.2108e-20,724,5.9526,1.1414,0,38.0
-0.2006,0.85749,0.15588,1.06e-20,733,9.2192,1.1304,0,38.0
-0.058785,0.64093,-0.33231,2.5166e-20,757,4.4592,1.3602,0,38.0
0.006893,0.38784,-0.21611,-2.3823e-20,760,5.2716,1.3574,0,38.0
-0.026359,0.52023,0.42391,2.9334e-21,766,7.19,1.3508,0,38.0
-0.10835,0.69881,0.46436,-3.6917000000000004e-20,769,8.319,1.347,0,38.0
-0.14407,1.0646,-0.38906,-1.9140000000000002e-20,774,10.499,1.3395,0,38.0
-0.24391,1.0048,-0.37164,-5.0302e-20,791,3.3928,1.5691,0,38.0
-0.14644,0.88466,-0.35421,-1.1757e-20,793,3.8541,1.5676,0,38.0
0.0024171,0.61519,-0.21284,-1.149e-20,797,4.8843,1.5643,0,38.0
0.033347,0.3791,0.044685,-3.954e-20,801,6.0767,1.5606,0,38.0
-0.069809,0.99976,-0.39845,2.4473e-21,814,11.41,1.5437,0,38.0
-0.31725,1.1753,-0.2836,9.0447e-20,828,2.8331,1.7658,0,38.0
-0.16038,1.0208,-0.27518,5.0594e-20,871,3.586,1.9485,0,38.0
-0.083079,0.91214,-0.24194,-1.2823e-21,873,4.0873,1.9478,0,38.0
0.012762,0.76164,-0.12364,-9.8621e-21,876,4.9116,1.9466,0,38.0
0.051868,0.64727,-0.028397,-1.1609e-20,878,5.5135,1.9457,0,38.0
0.056204,0.73876,0.20462,-5.279199999999999e-21,961,6.7218,2.3126,0,38.0
0.017642,0.87787,-0.034941,-6.810799999999999e-21,996,5.0613,2.5172,0,38.0
0.049129,0.85434,0.063969,-2.7327e-21,998,5.6893,2.5172,0,38.0
0.01229,0.94304,0.24089,-2.9175999999999996e-21,1003,7.4758,2.5172,0,38.0
-0.063641,1.1972,-0.21747,-1.8147999999999998e-21,1049,10.099,2.736,0,38.0
-0.034668,1.0738,-0.25486,-1.3885e-20,1051,11.109,2.736,0,38.0
-0.057223,1.2567,-0.078439,9.163199999999999e-21,1087,9.1598,2.97,0,38.0
-0.0079229,0.96853,-0.21601,6.725599999999999e-21,1093,12.196,2.97,0,38.0
0.00070214,0.96278,-0.0097713,1.2124e-20,1116,5.0613,3.2202,0,38.0
0.019084,1.0587,0.082235,5.4089e-22,1201,6.7218,3.7739,0,38.0
-0.013628,1.1564,-0.049977,1.7284e-21,1247,9.1598,4.08,0,38.0
-0.005556,1.0598,-0.13717,4.9909e-22,1251,11.109,4.08,0,38.0
0.0037984,1.0676,0.033242,1.8451999999999998e-22,1321,6.7218,4.7572,0,38.0
0.0089285,1.0012,-0.099116,0.0,1333,12.196,4.7572,0,38.0
-0.13517,1.1498,0.11448,3.7739e-20,2145,-4.3934e-16,3.1819,0,38.0
-0.099863,1.1198,0.086086,-1.9061e-20,2175,-4.2301e-16,3.807,0,38.0
-0.080031,1.1025,0.070895,-9.7798e-21,2195,-4.1015e-16,4.2993,0,38.0
0.069872,0.93105,0.28558,4.6992e-20,2456,-1.5845,1.5845,0,38.0
0.038456,0.89046,0.46843,-5.0332e-20,2468,-1.1532,1.1532,0,38.0
-0.095012,0.93564,0.61407,-4.5513e-20,2475,-0.89178,1.0442,0,38.0
-0.17935,0.8579,0.66289,1.2336999999999998e-21,2479,-0.78951,0.92446,0,38.0
-0.26376,0.0,0.0,0.0,2484,-0.64945,0.76041,0,38.0
-0.09947,1.0092,0.51636,7.8533e-20,2499,-0.90709,1.2487,0,38.0
-0.23537,1.0776,0.58959,4.3679e-21,2522,-0.71792,1.1717,0,38.0
-0.44027,0.0,0.0,0.0,2527,-0.5225,0.85264,0,38.0
-0.059857,1.0645,0.26611,-1.7988e-20,2533,-1.0726,2.1054,0,38.0
-0.40993,1.0385,0.564,-1.9985e-20,2545,-0.5522,1.0838,0,38.0
-0.57016,0.0,0.0,0.0,2569,-0.38268,0.92388,0,38.0
-0.40264,1.2353,0.48565,4.3791999999999996e-21,2585,-0.42475,1.3071,0,38.0
-0.51658,1.0838,0.44595,-6.4982e-20,2587,-0.37591,1.1568,0,38.0
-0.66006,0.0,0.0,0.0,2632,-0.15643,0.98769,0,38.0
-0.21317,1.2087,0.21335,-6.3831e-20,2639,-0.17623,2.2362,0,38.0
-0.30387,1.2707,0.27786,-1.0353e-20,2643,-0.14304,1.8155,0,38.0
-0.49826,1.2754,0.32816,-1.6231000000000002e-19,2648,-0.10781,1.369,0,38.0
-0.5898,0.99353,0.23691,3.6223e-20,2650,-0.095424,1.212,0,38.0
-0.6242,0.72192,0.15143,6.4103e-20,2651,-0.089562,1.1377,0,38.0
0.24874,0.77415,0.014714,-1.3592999999999998e-22,2660,-2.5997,0.0,0,38.0
0.3129,0.68604,0.019279,-1.4317e-22,2668,-2.1297,0.0,0,38.0
0.40893,0.51927,0.090517,-4.1953e-20,2679,-1.6271,0.12817,0,38.0
0.48639,0.34925,0.032944,-1.246e-21,2684,-1.3725,0.0,0,38.0
0.52696,0.20257,0.035709,1.4436e-20,2688,-1.2153,0.0,0,38.0
0.56134,0.049424,0.023718,-1.3277e-21,2692,-1.0692,0.0,0,38.0
0.57157,0.0,0.0,0.0,2695,-1.0,0.0,0,38.0
0.45469,0.3797,0.20172,3.9020000000000005e-20,2711,-1.3568,0.21499,0,38.0
0.50075,0.15291,0.22336,-2.7596e-20,2714,-1.1273,0.17859,0,38.0
0.52485,0.0,0.0,0.0,2716,-0.98769,0.15643,0,38.0
0.36847,0.55919,0.21151,-8.7305e-20,2729,-1.5885,0.38151,0,38.0
0.1994,0.82528,0.11641,-6.3153999999999995e-21,2740,-2.6029,0.84595,0,38.0
0.29013,0.68691,0.20404,1.4514e-20,2747,-1.8296,0.59459,0,38.0
0.33682,0.59069,0.26669,5.8093e-20,2750,-1.5541,0.50503,0,38.0
0.37929,0.45509,0.35489,-4.8317e-20,2753,-1.3071,0.42475,0,38.0
0.39841,0.23835,0.3921,9.7153e-20,2756,-1.0857,0.35279,0,38.0
0.41202,0.0,0.0,0.0,2758,-0.95106,0.30902,0,38.0
0.2541,0.67337,0.36138,-1.3969000000000002e-20,2792,-1.456,0.74178,0,38.0
0.24729,0.3639,0.52108,-1.9081e-19,2798,-1.0172,0.51827,0,38.0
0.2458,0.0,0.0,0.0,2800,-0.89101,0.45399,0,38.0
0.18351,0.80308,0.28161,8.3968e-22,2809,-1.7284,1.0589,0,38.0
0.20486,0.72276,0.39925,1.5682e-20,2813,-1.393,0.85347,0,38.0
0.20109,0.63507,0.52856,6.5626e-20,2816,-1.1717,0.71792,0,38.0
0.064138,0.51166,0.59647,2.5578e-19,2840,-0.92341,0.67086,0,38.0
0.045883,0.0,0.0,0.0,2842,-0.80902,0.58779,0,38.0
0.091804,0.93552,0.17407,2.6658e-20,2844,-2.2843,1.9505,0,38.0
0.095899,0.83243,0.45321,-5.0410000000000005e-20,2855,-1.2411,1.0599,0,38.0
0.055515,0.78269,0.59417,-1.2132e-20,2858,-1.0442,0.89178,0,38.0
0.13841,0.90577,0.0069118,9.2289e-22,2912,-4.3358,0.0,0,38.0
0.16471,0.87446,0.0383,-5.261299999999999e-21,2951,-3.5732,0.46918,0,38.0
0.15368,0.88452,0.06613,-1.4141e-20,3011,-3.47,0.92747,0,38.0
0.054313,0.98526,0.077851,2.8670999999999998e-21,3372,-3.8187,3.4878,0,38.0
-0.020636,1.051,0.099426,1.1954999999999999e-21,4180,-1.5637,4.1771,0,38.0
-0.34112,0.0,0.0,0.0,4394,0.64945,-0.76041,0,38.0
-0.3783,0.0,0.0,0.0,4402,0.45399,-0.89101,0,38.0
-0.41226,0.0,0.0,0.0,4406,0.30902,-0.95106,0,38.0
-0.44952,0.0,0.0,0.0,4410,0.15643,-0.98769,0,38.0
-0.41979,0.70556,-0.1079,-2.3498e-20,4436,0.095424,-1.212,0,38.0
-0.34407,0.22719,0.0013538,4.4066999999999994e-21,4441,0.67593,-1.1031,0,38.0
-0.34399,0.48115,-0.016007,1.3705e-20,4453,0.62391,-1.2246,0,38.0
-0.36502,1.1208,-0.26897,1.3266e-19,4459,-8.2717e-17,-1.3725,0,38.0
-0.32516,1.0443,-0.13441,-3.1435e-20,4477,0.47729,-1.4687,0,38.0
-0.30251,0.29016,0.024311,-1.6885e-20,4483,1.1532,-1.1532,0,38.0
-0.30866,0.77603,-0.041755,-1.7750000000000002e-20,4485,0.85347,-1.393,0,38.0
-0.2189,1.2105,-0.27416,-2.8561e-20,4514,-1.8199e-16,-1.8196,0,38.0
-0.14639,1.1654,-0.22474,5.5686e-20,4558,-2.7552e-16,-2.2408,0,38.0
-0.21044,1.1055,-0.065215,1.8442e-20,4559,1.5316,-1.7937,0,38.0
-0.16186,1.1899,-0.078964,-3.3028999999999995e-21,4615,2.1213,-2.1213,0,38.0
-0.34841,0.0,0.0,0.0,4627,0.98769,-0.15643,0,38.0
-0.32483,0.0,0.0,0.0,4631,0.95106,-0.30902,0,38.0
-0.31482,0.0,0.0,0.0,4635,0.89101,-0.45399,0,38.0
-0.3241,0.0,0.0,0.0,4641,0.76041,-0.64945,0,38.0
-0.33006,-0.0017363,0.090235,-3.1980000000000005e-20,4646,1.0857,-0.35279,0,38.0
-0.32515,-0.01785,-0.007242,1.2045e-20,4651,0.86777,-0.74111,0,38.0
-0.35402,-0.020659,0.17096,-6.1747999999999996e-21,4653,1.201,-0.19028,0,38.0
-0.31994,-0.023368,0.054226,-3.8071999999999995e-21,4657,1.0838,-0.5522,0,38.0
-0.33071,-0.041113,0.11947,-5.8872e-22,4664,1.2306,-0.39989,0,38.0
-0.32228,-0.0015607,0.0099459,1.0607e-21,4669,0.98326,-0.83971,0,38.0
-0.3169,-0.050482,0.070281,9.363399999999999e-21,4675,1.2246,-0.62391,0,38.0
-0.35588,-0.089873,0.17896,1.7255e-20,4680,1.4391,-0.22804,0,38.0
-0.32775,-0.082678,0.12048,1.522e-21,4682,1.3864,-0.45054,0,38.0
-0.31432,0.056185,0.027515,7.494799999999999e-21,4687,1.1075,-0.94578,0,38.0
-0.38478,-0.16403,0.15516,-1.0585999999999999e-21,4715,1.8155,-0.14304,0,38.0
-0.26868,-0.017874,0.066729,3.0734e-20,4729,1.7142,-0.87328,0,38.0
-0.34453,-0.21533,0.057939,1.5372999999999999e-21,4743,2.1071,-0.33402,0,38.0
-0.27399,-0.13479,0.043389,2.9791e-20,4745,2.0308,-0.65999,0,38.0
-0.23791,0.042379,0.048496,5.4656e-20,4747,1.9027,-0.96929,0,38.0
-0.23182,0.37353,0.037912,5.1191e-20,4749,1.7261,-1.2538,0,38.0
-0.22695,-0.091223,-0.036317,7.8119e-22,4772,2.3614,-0.76747,0,38.0
-0.21016,-0.064118,-0.068318,5.1641e-20,4781,2.4799,-0.80599,0,38.0
-0.14851,0.28181,-0.16173,4.3954e-21,4818,2.9753,-1.1514,0,38.0
-0.24773,-0.11472,-0.41289,2.6871e-20,4825,3.3622,-0.47016,0,38.0
-0.13739,0.73255,-0.093224,-2.4926999999999998e-21,4830,2.9641,-1.5704,0,38.0
-0.14413,1.1006,-0.072094,-1.9965e-21,4832,2.6869,-1.9499,0,38.0
-0.2231,0.12413,-0.40137,-6.001e-21,4846,3.7419,-0.70079,0,38.0
-0.17397,0.61577,-0.1639,1.2066000000000001e-20,4849,3.5057,-1.3635,0,38.0
-0.27177,0.059559,-0.52155,-2.5437e-20,4864,4.2628,-0.23492,0,38.0
-0.27107,0.31057,-0.3477,-3.5380000000000003e-20,4866,4.1971,-0.69968,0,38.0
-0.24518,0.61446,-0.19308,-5.9644999999999995e-21,4868,4.0596,-1.1477,0,38.0
-0.21178,0.90595,-0.08547,2.2568e-20,4870,3.8541,-1.5676,0,38.0
-0.32164,0.37546,-0.24389,5.0736000000000003e-20,4885,4.728,-0.4678,0,38.0
-0.28415,0.91768,-0.017641,1.2797e-20,4889,4.4592,-1.3602,0,38.0
-0.20866,1.2252,0.025804,-3.816799999999999e-21,4892,4.0873,-1.9478,0,38.0
-0.32467,0.8764,0.042634,-1.6114e-20,4898,4.812,-1.1452,0,38.0
-0.34464,0.83246,0.13303,5.1546e-21,4907,5.1561,-0.92345,0,38.0
-0.33568,0.78092,0.24188,-5.740799999999999e-21,4916,5.492,-0.6965,0,38.0
-0.25017,1.2439,0.23428,-1.6288000000000002e-20,4921,5.0459,-1.7602,0,38.0
-0.28752,1.0417,0.37875,2.5679e-20,4928,5.6516,-1.1424,0,38.0
-0.25739,0.87115,0.47721,4.5209e-20,4936,6.08,-0.69506,0,38.0
-0.2202,1.1671,0.39364,5.5980999999999996e-21,4940,5.762,-1.5616,0,38.0
-0.20393,0.95359,0.52348,-5.7365e-20,4947,6.3357,-0.91989,0,38.0
-0.17452,1.157,0.38692,-2.6093000000000002e-20,4951,5.9608,-1.7579,0,38.0
-0.083162,0.75387,0.48165,1.0155e-20,4986,7.7527,-0.69096,0,38.0
-0.093104,0.62528,0.46554,-3.1305e-20,5005,8.5472,-0.46122,0,38.0
-0.051504,0.71193,0.37415,-1.1244e-20,5008,8.3977,-1.1332,0,38.0
-0.021462,0.75786,0.27463,1.9808000000000002e-20,5021,8.5295,-1.7514,0,38.0
-0.07806,0.55929,0.30016,-1.7135e-20,5027,9.2813,-0.91101,0,38.0
-0.046352,0.61662,-0.13097,7.878700000000001e-20,5059,10.499,-1.3395,0,38.0
-0.078303,0.80584,-0.47308,6.5749e-21,5075,11.684,-0.45582,0,38.0
-0.019959,0.72179,-0.30417,3.2689e-20,5081,11.32,-1.7443,0,38.0
-0.07825,0.8073,-0.48091,9.101499999999999e-21,5095,12.738,-0.454,0,38.0
-0.11535,1.2043,0.15082,-1.9205999999999997e-21,5561,5.0613,-2.97,0,38.0
-0.10629,1.1801,0.17599,-2.1357e-20,5591,5.3695,-2.97,0,38.0
-0.09478,1.1503,0.19687,-4.0030999999999995e-21,5621,5.6893,-2.97,0,38.0
-0.072802,1.1251,0.15284,5.267799999999999e-21,5623,5.6893,-3.4878,0,38.0
-0.037651,1.0001,0.21827,-3.4906e-21,5741,7.0919,-2.97,0,38.0
-0.018725,1.0217,0.10894,-1.0374999999999998e-21,5746,7.0919,-4.4072,0,38.0
-0.016118,1.0252,0.091876,-2.4234e-21,5747,7.0919,-4.7572,0,38.0
-0.0097191,1.0336,0.051299,4.4868e-22,5750,7.0919,-5.9596,0,38.0
-0.011632,0.9232,0.18886,2.0322e-21,5801,7.874,-2.97,0,38.0
-0.0050464,0.96019,0.12698,3.3094999999999996e-21,5804,7.874,-3.7739,0,38.0
0.010878,0.77142,0.12662,-4.0917e-21,5889,9.1598,-2.5172,0,38.0
0.019702,0.91601,0.042899,-3.2685999999999996e-21,5895,9.1598,-4.08,0,38.0
0.018798,0.68768,0.014675,1.4984e-22,5949,10.099,-2.5172,0,38.0
0.032505,0.84397,-0.026648,-9.561e-22,5953,10.099,-3.4878,0,38.0
0.023653,0.96883,-0.017196,7.476599999999999e-22,5958,10.099,-5.1314,0,38.0
0.029195,0.75118,-0.14388,-3.1604999999999997e-22,6011,11.109,-2.97,0,38.0
0.035168,0.93255,-0.10882,-3.6758e-22,6015,11.109,-4.08,0,38.0
0.0057426,0.83812,-0.31358,-2.2891e-20,6070,12.196,-2.736,0,38.0
0.026033,1.0471,-0.1004,0.0,6077,12.196,-4.7572,0,38.0
0.021021,1.0449,-0.042361,8.357899999999999e-22,6080,12.196,-5.9596,0,38.0
-0.063032,1.0896,-0.23277,5.882e-20,6745,-0.57975,-2.4134,0,38.0
0.087711,0.93043,-0.25604,-4.0022e-20,6748,-1.5316,-1.7937,0,38.0
0.11842,0.86846,-0.33571,-6.835000000000001e-20,6789,-1.3571,-1.3571,0,38.0
0.10558,0.83909,-0.43184,4.5021e-20,6819,-1.1532,-1.1532,0,38.0
0.038814,0.77267,-0.6003,4.858e-20,6859,-0.91393,-0.91393,0,38.0
-0.10363,0.91491,-0.59604,7.5055e-20,6860,-0.76021,-1.0465,0,38.0
-0.32431,0.97367,-0.47235,-1.8193e-20,6873,-0.46551,-1.1238,0,38.0
-0.41459,0.93124,-0.2859,4.4298000000000004e-20,6876,-0.19028,-1.201,0,38.0
-0.47396,0.32628,-0.059906,-4.3737e-20,6897,-0.083909,-1.066,0,38.0
-0.13702,0.0,0.0,0.0,6898,-0.64945,-0.76041,0,38.0
-0.2935,0.0,0.0,0.0,6901,-0.5225,-0.85264,0,38.0
-0.40683,0.0,0.0,0.0,6903,-0.38268,-0.92388,0,38.0
-0.48239,0.0,0.0,0.0,6906,-0.15643,-0.98769,0,38.0
-0.48484,0.0,0.0,0.0,6907,-0.078459,-0.99692,0,38.0
0.14619,0.88727,-0.16033,-1.8108e-20,6923,-2.3204,-1.6853,0,38.0
0.21602,0.81279,-0.091309,7.4564e-21,6929,-2.6029,-0.84595,0,38.0
0.33128,0.64981,-0.11944,-1.1608e-20,6991,-1.87,-0.44916,0,38.0
0.26149,0.722,-0.23868,6.047199999999999e-22,6994,-1.7142,-0.87328,0,38.0
0.1947,0.79041,-0.29736,4.6855e-20,6996,-1.5553,-1.1297,0,38.0
0.4157,0.5141,-0.036692,4.8973e-20,7016,-1.6271,-0.12817,0,38.0
0.36386,0.57003,-0.21542,-6.1502e-20,7019,-1.5541,-0.50503,0,38.0
0.25715,0.65927,-0.38868,5.5624e-20,7031,-1.3165,-0.80663,0,38.0
0.4714,0.36798,-0.13649,-4.0522e-20,7044,-1.3568,-0.21499,0,38.0
0.42558,0.37209,-0.31991,-5.3795e-20,7055,-1.2306,-0.39989,0,38.0
0.25519,0.5506,-0.5117,7.0969e-20,7058,-1.1031,-0.67593,0,38.0
0.11274,0.6974,-0.58342,8.5164e-20,7060,-0.98326,-0.83971,0,38.0
0.52227,0.14199,-0.15686,1.8598e-20,7071,-1.1273,-0.17859,0,38.0
0.38753,0.15889,-0.2849,-1.4036000000000002e-19,7083,-0.98812,-0.40929,0,38.0
0.54809,0.0,0.0,0.0,7089,-0.98769,-0.15643,0,38.0
0.511,0.0,0.0,0.0,7090,-0.97237,-0.23345,0,38.0
0.23021,0.0,0.0,0.0,7094,-0.85264,-0.5225,0,38.0
0.045308,0.0,0.0,0.0,7096,-0.76041,-0.64945,0,38.0
0.17021,0.87071,-0.020233,6.472899999999999e-21,7368,-3.5732,-0.46918,0,38.0
0.16,0.88208,-0.062861,1.6452e-20,7371,-3.3916,-1.1488,0,38.0
0.077007,0.97371,-0.067628,-2.9557999999999997e-21,8062,-4.1311,-3.4878,0,38.0
0.0010113,1.0489,-0.12735,1.2878e-20,8451,-1.1464,-3.8396,0,38.0
-0.039769,1.0911,-0.12493,1.8003e-20,8570,-0.23491,-3.8016,0,38.0
-0.024934,1.0806,-0.095783,-3.1502999999999996e-21,8573,-0.23383,-4.5663,0,38.0
-0.4186,0.0,0.0,0.0,82,0.70711,0.70711,0,39.0
-0.40786,-0.0064771,0.044277,-4.2813000000000004e-20,87,0.85936,0.85936,0,39.0
-0.40439,0.18276,0.025371,2.5127e-20,92,0.89178,1.0442,0,39.0
-0.39282,0.68825,0.028419,3.6956999999999996e-21,101,1.2866,1.2866,0,39.0
-0.36043,1.3028,0.00075095,-6.7742999999999996e-21,112,1.5316,1.7937,0,39.0
-0.30255,1.3095,-0.046364,-5.8411999999999996e-21,120,1.8605,2.1789,0,39.0
-0.42681,0.077088,0.014953,-6.192399999999999e-21,126,0.71472,0.98382,0,39.0
-0.45871,0.0,0.0,0.0,145,0.5225,0.85264,0,39.0
-0.42591,0.4314,0.0097787,-2.6379e-20,149,0.71792,1.1717,0,39.0
-0.37182,1.2487,0.066423,-5.7124e-20,155,1.0047,1.6399,0,39.0
-0.45593,0.23408,-0.0018905,2.0633e-20,168,0.5522,1.0838,0,39.0
-0.45188,0.73254,0.038637,-1.5108e-20,191,0.52598,1.2698,0,39.0
-0.52575,0.0,0.0,0.0,208,0.30902,0.95106,0,39.0
-0.49297,0.45316,0.010138,5.1314e-20,210,0.37591,1.1568,0,39.0
-0.38132,1.3088,0.1493,1.1053e-20,216,0.5338,1.6426,0,39.0
-0.51239,0.57365,0.032989,8.3273e-20,231,0.28397,1.1826,0,39.0
-0.47455,1.0023,0.1137,-4.6430000000000003e-20,233,0.32087,1.3362,0,39.0
-0.34895,1.3303,0.17737,-6.591e-20,238,0.42578,1.7727,0,39.0
-0.56634,0.53158,0.054168,-2.2514e-20,272,0.089562,1.1377,0,39.0
-0.51607,1.0238,0.17442,1.1741e-20,274,0.1015,1.289,0,39.0
-0.61448,0.0,0.0,0.0,292,0.0,1.0,0,39.0
-0.37314,0.0,0.0,0.0,313,1.0,0.0,0,39.0
-0.38399,-0.022878,0.23845,-1.3420000000000001e-21,319,1.212,0.095424,0,39.0
-0.37705,-0.036244,0.25593,-1.0903e-20,320,1.2925,0.0,0,39.0
-0.38238,-0.067609,0.28148,-2.5485e-20,324,1.4555,0.0,0,39.0
-0.39133,-0.049657,0.29847,1.7553e-20,325,1.4519,0.11435,0,39.0
-0.42186,-0.066341,0.2899,4.3213e-20,333,1.8155,0.14304,0,39.0
-0.43242,-0.12984,0.23653,5.1570999999999995e-21,338,2.1297,0.0,0,39.0
-0.46491,-0.087162,0.010155,-1.1334e-20,348,2.7283,0.0,0,39.0
-0.39301,0.0,0.0,0.0,355,0.98769,0.15643,0,39.0
-0.47738,0.048869,0.22316,-8.813299999999999e-21,367,2.1071,0.33402,0,39.0
-0.39553,-0.026183,0.22942,3.0480999999999996e-21,378,1.1826,0.28397,0,39.0
-0.39577,-0.023699,0.26709,4.238099999999999e-21,379,1.258,0.30208,0,39.0
-0.40117,-0.01021,0.30094,-6.1798999999999995e-21,381,1.4172,0.34035,0,39.0
-0.43408,0.11424,0.25836,4.8943e-20,406,1.7344,0.56364,0,39.0
-0.4976,0.29424,0.1428,8.6057e-21,410,2.137,0.69452,0,39.0
-0.54159,0.47623,-0.012564,2.7552e-20,413,2.4799,0.80599,0,39.0
-0.54816,0.54577,-0.078806,3.3753e-20,414,2.6029,0.84595,0,39.0
-0.4072,0.0,0.0,0.0,418,0.92388,0.38268,0,39.0
-0.46912,0.33073,0.14765,3.5720000000000004e-20,430,1.973,0.81724,0,39.0
-0.39903,-0.032194,0.15019,3.4497999999999994e-21,441,1.0838,0.5522,0,39.0
-0.39383,0.028834,0.21385,1.8635e-21,444,1.2989,0.66178,0,39.0
-0.48249,0.60634,0.028075,-1.8773000000000002e-20,453,2.1054,1.0726,0,39.0
-0.40828,0.0,0.0,0.0,460,0.85264,0.5225,0,39.0
-0.40559,0.27331,0.13616,2.6394000000000002e-20,469,1.5546,0.95244,0,39.0
-0.39979,-0.032044,0.088645,-8.4642e-21,483,0.98382,0.71472,0,39.0
-0.39063,0.016098,0.11548,1.0081000000000001e-20,485,1.1114,0.8074,0,39.0
-0.42576,0.71594,0.025185,1.8595e-20,493,1.7261,1.2538,0,39.0
-0.4908,0.14378,-0.26403,-6.0224e-20,523,3.187,0.23587,0,39.0
-0.33585,0.077577,-0.50564,3.4577e-20,528,3.8141,0.0,0,39.0
-0.26065,0.11629,-0.60856,-2.7577e-22,532,4.2681,0.0,0,39.0
-0.26753,0.2427,-0.60874,-4.8459e-20,533,4.2628,0.23492,0,39.0
-0.22192,0.20297,-0.49009,3.4751000000000003e-20,540,5.282,0.0,0,39.0
-0.19425,0.2287,-0.40388,-3.5788e-20,543,5.5544,0.23377,0,39.0
-0.20493,0.37993,-0.035576,-1.7748e-20,547,6.1409,0.23326,0,39.0
-0.22874,0.55246,0.22136,1.4969e-19,548,6.4555,0.0,0,39.0
-0.13319,0.71798,0.53652,-2.6372e-20,554,7.4555,0.0,0,39.0
-0.096259,0.69628,0.53635,5.8605e-21,561,8.5669,0.23111,0,39.0
-0.12749,0.64949,0.50326,-1.1877e-20,565,9.382,0.23039,0,39.0
-0.17146,0.70194,-0.027178,-1.4245e-20,570,10.726,0.0,0,39.0
-0.078745,0.87513,-0.46144,1.2018999999999999e-21,626,12.738,0.454,0,39.0
-0.2541,0.54284,-0.57535,-5.4668e-20,641,4.1971,0.69968,0,39.0
-0.15994,0.45971,-0.54765,4.1722e-20,643,4.6868,0.69847,0,39.0
-0.1126,0.34681,0.0068863,-3.5668000000000003e-20,649,6.3905,0.6943,0,39.0
-0.079669,0.6248,0.494,1.3807e-21,653,7.7527,0.69096,0,39.0
-0.13766,0.92809,-0.42968,7.109099999999999e-21,662,11.654,0.68139,0,39.0
-0.47821,0.74545,-0.39285,6.6981e-20,675,3.2568,0.92918,0,39.0
-0.36888,0.74691,-0.51485,-4.907e-20,677,3.6808,0.9279,0,39.0
-0.082829,0.44742,-0.44525,-2.6019e-20,683,5.1561,0.92345,0,39.0
-0.49422,0.91689,-0.30417,3.8938e-20,712,2.9753,1.1514,0,39.0
-0.23391,0.82008,-0.50556,2.4860999999999997e-21,717,4.0596,1.1477,0,39.0
-0.030931,0.34101,-0.24354,6.6482e-20,724,5.9526,1.1414,0,39.0
-0.1215,0.72127,0.48955,1.1139e-20,733,9.2192,1.1304,0,39.0
-0.12785,0.80415,-0.4204,2.9882e-20,757,4.4592,1.3602,0,39.0
-0.029096,0.59988,-0.30605,-3.1848e-20,760,5.2716,1.3574,0,39.0
-0.01392,0.47514,0.24525,8.4771e-21,766,7.19,1.3508,0,39.0
-0.05009,0.64477,0.48728,-3.2357e-20,769,8.319,1.347,0,39.0
-0.19387,1.0058,-0.09246,-2.9807000000000003e-20,774,10.499,1.3395,0,39.0
-0.3151,1.1195,-0.38344,-5.1558e-20,791,3.3928,1.5691,0,39.0
-0.22194,1.0106,-0.40953,-2.5725e-20,793,3.8541,1.5676,0,39.0
-0.054107,0.75955,-0.31181,-3.4443e-20,797,4.8843,1.5643,0,39.0
0.019325,0.47,-0.13995,-1.8342e-20,801,6.0767,1.5606,0,39.0
-0.12552,1.0824,-0.3779,-2.8952999999999997e-21,814,11.41,1.5437,0,39.0
-0.35498,1.2504,-0.25859,8.3881e-20,828,2.8331,1.7658,0,39.0
-0.21525,1.1109,-0.30964,5.7258e-20,871,3.586,1.9485,0,39.0
-0.14079,0.99799,-0.30997,1.6630000000000001e-21,873,4.0873,1.9478,0,39.0
-0.03886,0.83432,-0.2339,-1.8458e-20,876,4.9116,1.9466,0,39.0
0.011701,0.73618,-0.14294,-1.566e-20,878,5.5135,1.9457,0,39.0
0.057925,0.69956,0.089809,-5.115e-21,961,6.7218,2.3126,0,39.0
-0.017996,0.89231,-0.13376,-5.272299999999999e-22,996,5.0613,2.5172,0,39.0
0.022625,0.83808,-0.049673,1.4292999999999998e-21,998,5.6893,2.5172,0,39.0
0.049073,0.769,0.20923,-1.196e-21,1003,7.4758,2.5172,0,39.0
-0.078141,1.2539,-0.087727,2.8663999999999997e-22,1049,10.099,2.736,0,39.0
-0.060969,1.1811,-0.23319,-2.5411e-20,1051,11.109,2.736,0,39.0
-0.032726,1.1965,0.098456,4.0712999999999996e-22,1087,9.1598,2.97,0,39.0
-0.023119,1.0504,-0.23238,1.0521e-20,1093,12.196,2.97,0,39.0
-0.019261,0.95695,-0.075595,1.1721000000000001e-20,1116,5.0613,3.2202,0,39.0
0.025628,0.98779,0.063422,-7.9978e-22,1201,6.7218,3.7739,0,39.0
-0.00056438,1.1562,0.025772,-1.4741999999999998e-21,1247,9.1598,4.08,0,39.0
-0.011658,1.1169,-0.11472,3.8433e-22,1251,11.109,4.08,0,39.0
0.0084159,1.0292,0.030501,1.1201e-21,1321,6.7218,4.7572,0,39.0
0.0033394,1.0426,-0.1029,0.0,1333,12.196,4.7572,0,39.0
-0.12375,1.1534,0.12111,3.6126e-20,2145,-4.3934e-16,3.1819,0,39.0
-0.091583,1.1243,0.090254,-1.8573e-20,2175,-4.2301e-16,3.807,0,39.0
-0.073485,1.1071,0.073473,-9.6363e-21,2195,-4.1015e-16,4.2993,0,39.0
0.078744,0.9291,0.28732,4.5267e-20,2456,-1.5845,1.5845,0,39.0
0.049649,0.88685,0.46884,-4.9021e-20,2468,-1.1532,1.1532,0,39.0
-0.080472,0.93035,0.61332,-4.4231e-20,2475,-0.89178,1.0442,0,39.0
-0.16319,0.85154,0.66005,1.745e-21,2479,-0.78951,0.92446,0,39.0
-0.24583,0.0,0.0,0.0,2484,-0.64945,0.76041,0,39.0
-0.084489,1.0042,0.51728,7.648e-20,2499,-0.90709,1.2487,0,39.0
-0.21677,1.0706,0.58972,3.651199999999999e-21,2522,-0.71792,1.1717,0,39.0
-0.41693,0.0,0.0,0.0,2527,-0.5225,0.85264,0,39.0
-0.047256,1.0625,0.26999,-1.7107e-20,2533,-1.0726,2.1054,0,39.0
-0.38631,1.0281,0.56172,-2.0601e-20,2545,-0.5522,1.0838,0,39.0
-0.54099,0.0,0.0,0.0,2569,-0.38268,0.92388,0,39.0
-0.37724,1.225,0.48788,3.0434999999999997e-21,2585,-0.42475,1.3071,0,39.0
-0.48747,1.0697,0.44444,-6.2607e-20,2587,-0.37591,1.1568,0,39.0
-0.62238,0.0,0.0,0.0,2632,-0.15643,0.98769,0,39.0
-0.19472,1.2068,0.22203,-5.931800000000001e-20,2639,-0.17623,2.2362,0,39.0
-0.28026,1.2649,0.28676,-9.6546e-21,2643,-0.14304,1.8155,0,39.0
-0.46561,1.2597,0.33308,-1.5308000000000002e-19,2648,-0.10781,1.369,0,39.0
-0.55254,0.97267,0.23744,4.0198e-20,2650,-0.095424,1.212,0,39.0
-0.58519,0.70245,0.15055,6.4974e-20,2651,-0.089562,1.1377,0,39.0
0.24713,0.77416,0.015094,-2.9971999999999996e-22,2660,-2.5997,0.0,0,39.0
0.31127,0.68605,0.019229,-3.0392e-23,2668,-2.1297,0.0,0,39.0
0.40845,0.51898,0.089576,-4.2788e-20,2679,-1.6271,0.12817,0,39.0
0.48477,0.34926,0.031217,-1.2211e-21,2684,-1.3725,0.0,0,39.0
0.52536,0.20258,0.03326,1.1158e-20,2688,-1.2153,0.0,0,39.0
0.55976,0.049426,0.021343,-1.2834e-21,2692,-1.0692,0.0,0,39.0
0.57,0.0,0.0,0.0,2695,-1.0,0.0,0,39.0
0.45552,0.37904,0.2,3.8864e-20,2711,-1.3568,0.21499,0,39.0
0.50177,0.15228,0.22055,-2.6313e-20,2714,-1.1273,0.17859,0,39.0
0.52594,0.0,0.0,0.0,2716,-0.98769,0.15643,0,39.0
0.37035,0.55829,0.21065,-8.5515e-20,2729,-1.5885,0.38151,0,39.0
0.20145,0.82478,0.11708,-6.551599999999999e-21,2740,-2.6029,0.84595,0,39.0
0.29291,0.6859,0.20389,1.5812000000000002e-20,2747,-1.8296,0.59459,0,39.0
0.33989,0.58947,0.2659,5.8034e-20,2750,-1.5541,0.50503,0,39.0
0.38268,0.45371,0.3532,-4.9069e-20,2753,-1.3071,0.42475,0,39.0
0.40221,0.23698,0.3891,9.5337e-20,2756,-1.0857,0.35279,0,39.0
0.41597,0.0,0.0,0.0,2758,-0.95106,0.30902,0,39.0
0.25969,0.67145,0.3608,-1.4759e-20,2792,-1.456,0.74178,0,39.0
0.2542,0.36158,0.51779,-1.8705000000000002e-19,2798,-1.0172,0.51827,0,39.0
0.25299,0.0,0.0,0.0,2800,-0.89101,0.45399,0,39.0
0.18956,0.80139,0.28213,1.2496e-23,2809,-1.7284,1.0589,0,39.0
0.21177,0.72046,0.39884,1.6093e-20,2813,-1.393,0.85347,0,39.0
0.20873,0.63236,0.52702,6.3867e-20,2816,-1.1717,0.71792,0,39.0
0.074654,0.50803,0.59286,2.5078000000000003e-19,2840,-0.92341,0.67086,0,39.0
0.05686,0.0,0.0,0.0,2842,-0.80902,0.58779,0,39.0
0.097714,0.93485,0.17574,2.5517e-20,2844,-2.2843,1.9505,0,39.0
0.1056,0.82927,0.45328,-4.8837e-20,2855,-1.2411,1.0599,0,39.0
0.0664,0.77882,0.59291,-1.2122e-20,2858,-1.0442,0.89178,0,39.0
0.13689,0.90577,0.0074692,4.950599999999999e-22,2912,-4.3358,0.0,0,39.0
0.1644,0.87437,0.038952,-5.523e-21,2951,-3.5732,0.46918,0,39.0
0.15461,0.88435,0.066875,-1.3493e-20,3011,-3.47,0.92747,0,39.0
0.057583,0.98566,0.078822,2.8467999999999996e-21,3372,-3.8187,3.4878,0,39.0
-0.014374,1.0527,0.10158,8.6621e-22,4180,-1.5637,4.1771,0,39.0
-0.38964,0.0,0.0,0.0,4394,0.64945,-0.76041,0,39.0
-0.42756,0.0,0.0,0.0,4402,0.45399,-0.89101,0,39.0
-0.4612,0.0,0.0,0.0,4406,0.30902,-0.95106,0,39.0
-0.49707,0.0,0.0,0.0,4410,0.15643,-0.98769,0,39.0
-0.46417,0.73073,-0.1056,-3.4145e-20,4436,0.095424,-1.212,0,39.0
-0.39247,0.25437,0.0083431,3.5683e-21,4441,0.67593,-1.1031,0,39.0
-0.39181,0.51532,-0.0066849,1.5159e-20,4453,0.62391,-1.2246,0,39.0
-0.40329,1.1401,-0.26343,1.4298000000000002e-19,4459,-8.2717e-17,-1.3725,0,39.0
-0.36733,1.0698,-0.12168,-3.176e-20,4477,0.47729,-1.4687,0,39.0
-0.35622,0.33889,0.03952,-1.5008e-20,4483,1.1532,-1.1532,0,39.0
-0.35578,0.81472,-0.025824,-2.2708000000000002e-20,4485,0.85347,-1.393,0,39.0
-0.24755,1.2167,-0.26322,-3.0891e-20,4514,-1.8199e-16,-1.8196,0,39.0
-0.16914,1.1669,-0.21419,6.1052e-20,4558,-2.7552e-16,-2.2408,0,39.0
-0.24033,1.1119,-0.02772,2.6536e-20,4559,1.5316,-1.7937,0,39.0
-0.15848,1.1514,-0.04844,-1.7851999999999998e-21,4615,2.1213,-2.1213,0,39.0
-0.35302,0.0,0.0,0.0,4627,0.98769,-0.15643,0,39.0
-0.3424,0.0,0.0,0.0,4631,0.95106,-0.30902,0,39.0
-0.34578,0.0,0.0,0.0,4635,0.89101,-0.45399,0,39.0
-0.3694,0.0,0.0,0.0,4641,0.76041,-0.64945,0,39.0
-0.34866,-0.007396,0.082793,-1.61e-20,4646,1.0857,-0.35279,0,39.0
-0.37001,-0.017037,-0.015701,1.7557e-20,4651,0.86777,-0.74111,0,39.0
-0.35944,-0.022247,0.17804,-3.9597e-21,4653,1.201,-0.19028,0,39.0
-0.3528,-0.028396,0.046695,-8.8506e-21,4657,1.0838,-0.5522,0,39.0
-0.35135,-0.047619,0.13159,4.765e-22,4664,1.2306,-0.39989,0,39.0
-0.36912,0.01251,0.0050174,2.8242999999999997e-21,4669,0.98326,-0.83971,0,39.0
-0.35339,-0.051016,0.080429,1.0869e-20,4675,1.2246,-0.62391,0,39.0
-0.3632,-0.090856,0.22642,1.7895999999999997e-21,4680,1.4391,-0.22804,0,39.0
-0.35157,-0.090139,0.15892,1.4795999999999998e-21,4682,1.3864,-0.45054,0,39.0
-0.36497,0.086462,0.031991,7.7351e-21,4687,1.1075,-0.94578,0,39.0
-0.3867,-0.1535,0.26449,-8.506199999999999e-21,4715,1.8155,-0.14304,0,39.0
-0.31723,-0.0072808,0.14656,2.3335e-20,4729,1.7142,-0.87328,0,39.0
-0.36467,-0.21354,0.22072,8.7004e-21,4743,2.1071,-0.33402,0,39.0
-0.30917,-0.15669,0.18886,2.2158000000000002e-20,4745,2.0308,-0.65999,0,39.0
-0.28406,0.052452,0.15077,6.4605e-20,4747,1.9027,-0.96929,0,39.0
-0.28153,0.42641,0.097574,6.5954e-20,4749,1.7261,-1.2538,0,39.0
-0.25634,-0.13605,0.14666,5.5734999999999995e-21,4772,2.3614,-0.76747,0,39.0
-0.23422,-0.12101,0.12175,7.0392e-20,4781,2.4799,-0.80599,0,39.0
-0.11416,0.14708,-0.025966,8.170599999999999e-21,4818,2.9753,-1.1514,0,39.0
-0.26904,-0.15948,-0.24485,3.4496e-20,4825,3.3622,-0.47016,0,39.0
-0.082936,0.6248,-0.033756,-2.2652e-20,4830,2.9641,-1.5704,0,39.0
-0.11128,1.0299,-0.045282,5.426899999999999e-21,4832,2.6869,-1.9499,0,39.0
-0.175,-0.05313,-0.35538,-5.9392e-21,4846,3.7419,-0.70079,0,39.0
-0.077444,0.4047,-0.14055,4.709e-21,4849,3.5057,-1.3635,0,39.0
-0.24043,0.034065,-0.58764,2.8658e-20,4864,4.2628,-0.23492,0,39.0
-0.17509,0.071553,-0.4649,-2.1776e-20,4866,4.1971,-0.69968,0,39.0
-0.11964,0.33821,-0.29064,-1.7e-20,4868,4.0596,-1.1477,0,39.0
-0.096486,0.68497,-0.15211,6.9242e-21,4870,3.8541,-1.5676,0,39.0
-0.2201,0.15822,-0.53229,2.9448e-20,4885,4.728,-0.4678,0,39.0
-0.16353,0.67044,-0.2058,2.5764e-20,4889,4.4592,-1.3602,0,39.0
-0.1228,1.0733,-0.084069,1.9423e-21,4892,4.0873,-1.9478,0,39.0
-0.21723,0.63484,-0.22225,-2.8963e-20,4898,4.812,-1.1452,0,39.0
-0.26611,0.61528,-0.19579,5.499099999999999e-21,4907,5.1561,-0.92345,0,39.0
-0.29647,0.60051,-0.12543,4.3142e-21,4916,5.492,-0.6965,0,39.0
-0.21156,1.1438,0.040873,-5.805e-20,4921,5.0459,-1.7602,0,39.0
-0.29184,0.93035,0.10222,3.1186e-20,4928,5.6516,-1.1424,0,39.0
-0.30046,0.79014,0.19533,6.737399999999999e-21,4936,6.08,-0.69506,0,39.0
-0.24659,1.1656,0.22609,4.1193e-20,4940,5.762,-1.5616,0,39.0
-0.26997,0.95157,0.35298,-5.3866e-20,4947,6.3357,-0.91989,0,39.0
-0.21015,1.2265,0.28525,-1.3079e-20,4951,5.9608,-1.7579,0,39.0
-0.11005,0.85439,0.52448,1.5336000000000002e-20,4986,7.7527,-0.69096,0,39.0
-0.083454,0.75224,0.48744,-1.2052e-20,5005,8.5472,-0.46122,0,39.0
-0.063225,0.82927,0.42108,-7.9353e-21,5008,8.3977,-1.1332,0,39.0
-0.037854,0.86106,0.33171,1.163e-20,5021,8.5295,-1.7514,0,39.0
-0.062882,0.69458,0.39661,-8.8913e-21,5027,9.2813,-0.91101,0,39.0
-0.050625,0.58719,0.15184,8.9318e-20,5059,10.499,-1.3395,0,39.0
-0.10424,0.75201,-0.3562,1.3347e-20,5075,11.684,-0.45582,0,39.0
-0.023,0.64092,-0.095952,3.6626e-20,5081,11.32,-1.7443,0,39.0
-0.075261,0.82214,-0.47056,1.3975e-20,5095,12.738,-0.454,0,39.0
-0.10598,1.2341,0.084486,2.0363e-23,5561,5.0613,-2.97,0,39.0
-0.10421,1.2244,0.11652,-1.9554e-20,5591,5.3695,-2.97,0,39.0
-0.099517,1.2068,0.14771,-5.7669e-21,5621,5.6893,-2.97,0,39.0
-0.076011,1.1671,0.11814,6.3239e-21,5623,5.6893,-3.4878,0,39.0
-0.055803,1.0743,0.22354,-5.7872999999999995e-21,5741,7.0919,-2.97,0,39.0
-0.027954,1.0579,0.1145,-1.1687999999999999e-21,5746,7.0919,-4.4072,0,39.0
-0.024162,1.0553,0.09753,-1.7691e-21,5747,7.0919,-4.7572,0,39.0
-0.015149,1.0494,0.0564,7.4497e-22,5750,7.0919,-5.9596,0,39.0
-0.029546,0.99289,0.21945,2.1473999999999997e-21,5801,7.874,-2.97,0,39.0
-0.018517,1.0075,0.15157,3.119e-21,5804,7.874,-3.7739,0,39.0
-0.0043645,0.84459,0.2014,-3.739699999999999e-21,5889,9.1598,-2.5172,0,39.0
0.0080288,0.94009,0.091959,-4.0705999999999996e-21,5895,9.1598,-4.08,0,39.0
0.008535,0.75459,0.122,2.6553e-22,5949,10.099,-2.5172,0,39.0
0.020904,0.85852,0.056931,-6.7468e-22,5953,10.099,-3.4878,0,39.0
0.017308,0.96183,0.019537,3.3192e-22,5958,10.099,-5.1314,0,39.0
0.024306,0.74743,-0.024034,-1.6803999999999999e-21,6011,11.109,-2.97,0,39.0
0.03044,0.8948,-0.041098,-7.5081e-22,6015,11.109,-4.08,0,39.0
0.014835,0.75755,-0.20309,-2.0624e-20,6070,12.196,-2.736,0,39.0
0.029049,0.98119,-0.089264,0.0,6077,12.196,-4.7572,0,39.0
0.021678,1.0137,-0.041256,7.217699999999999e-22,6080,12.196,-5.9596,0,39.0
-0.080954,1.0907,-0.22639,6.3007e-20,6745,-0.57975,-2.4134,0,39.0
0.074846,0.93229,-0.25372,-4.2666e-20,6748,-1.5316,-1.7937,0,39.0
0.10509,0.87129,-0.33441,-7.0381e-20,6789,-1.3571,-1.3571,0,39.0
0.091039,0.8428,-0.43141,4.6362e-20,6819,-1.1532,-1.1532,0,39.0
0.022288,0.77773,-0.60222,4.9679000000000003e-20,6859,-0.91393,-0.91393,0,39.0
-0.12433,0.92191,-0.5975,7.7007e-20,6860,-0.76021,-1.0465,0,39.0
-0.3538,0.98615,-0.47445,-1.9289e-20,6873,-0.46551,-1.1238,0,39.0
-0.45224,0.95013,-0.2864,4.6311e-20,6876,-0.19028,-1.201,0,39.0
-0.51643,0.33901,-0.060898,-4.8695e-20,6897,-0.083909,-1.066,0,39.0
-0.15799,0.0,0.0,0.0,6898,-0.64945,-0.76041,0,39.0
-0.31982,0.0,0.0,0.0,6901,-0.5225,-0.85264,0,39.0
-0.43888,0.0,0.0,0.0,6903,-0.38268,-0.92388,0,39.0
-0.5227,0.0,0.0,0.0,6906,-0.15643,-0.98769,0,39.0
-0.5275,0.0,0.0,0.0,6907,-0.078459,-0.99692,0,39.0
0.13754,0.88805,-0.15887,-1.8277e-20,6923,-2.3204,-1.6853,0,39.0
0.21076,0.81331,-0.09062,7.2081e-21,6929,-2.6029,-0.84595,0,39.0
0.32633,0.65059,-0.11968,-1.0346e-20,6991,-1.87,-0.44916,0,39.0
0.25311,0.7236,-0.23853,-2.1238e-22,6994,-1.7142,-0.87328,0,39.0
0.1839,0.79261,-0.29675,4.8071e-20,6996,-1.5553,-1.1297,0,39.0
0.4129,0.51442,-0.037634,4.8119e-20,7016,-1.6271,-0.12817,0,39.0
0.35749,0.57129,-0.21622,-6.1578e-20,7019,-1.5541,-0.50503,0,39.0
0.24671,0.66177,-0.38942,5.7321e-20,7031,-1.3165,-0.80663,0,39.0
0.46733,0.36866,-0.13821,-4.0712e-20,7044,-1.3568,-0.21499,0,39.0
0.41885,0.37354,-0.32204,-5.4934e-20,7055,-1.2306,-0.39989,0,39.0
0.24402,0.55352,-0.51384,7.2867e-20,7058,-1.1031,-0.67593,0,39.0
0.098116,0.70166,-0.58546,8.708e-20,7060,-0.98326,-0.83971,0,39.0
0.51808,0.14263,-0.15968,1.9932e-20,7071,-1.1273,-0.17859,0,39.0
0.37892,0.16027,-0.28771,-1.4235e-19,7083,-0.98812,-0.40929,0,39.0
0.54386,0.0,0.0,0.0,7089,-0.98769,-0.15643,0,39.0
0.50538,0.0,0.0,0.0,7090,-0.97237,-0.23345,0,39.0
0.21809,0.0,0.0,0.0,7094,-0.85264,-0.5225,0,39.0
0.029109,0.0,0.0,0.0,7096,-0.76041,-0.64945,0,39.0
0.16741,0.8708,-0.019577,6.196699999999999e-21,7368,-3.5732,-0.46918,0,39.0
0.15533,0.88228,-0.062032,1.6948e-20,7371,-3.3916,-1.1488,0,39.0
0.071229,0.97331,-0.066797,-2.9566999999999998e-21,8062,-4.1311,-3.4878,0,39.0
-0.0094166,1.0469,-0.12442,1.2745000000000001e-20,8451,-1.1464,-3.8396,0,39.0
-0.050902,1.0871,-0.12096,1.9568000000000002e-20,8570,-0.23491,-3.8016,0,39.0
-0.033525,1.0765,-0.093943,-3.4244e-21,8573,-0.23383,-4.5663,0,39.0
-0.36669,0.0,0.0,0.0,82,0.70711,0.70711,0,40.0
-0.3577,-0.014828,0.040853,-4.0407e-20,87,0.85936,0.85936,0,40.0
-0.35335,0.15304,0.028356,2.7561e-20,92,0.89178,1.0442,0,40.0
-0.33376,0.61753,0.046318,1.0282999999999998e-21,101,1.2866,1.2866,0,40.0
-0.31691,1.2771,0.040694,-1.9217999999999998e-21,112,1.5316,1.7937,0,40.0
-0.27843,1.3191,-0.005021,-5.698099999999999e-21,120,1.8605,2.1789,0,40.0
-0.37511,0.06086,0.018612,-7.3082e-21,126,0.71472,0.98382,0,40.0
-0.40481,0.0,0.0,0.0,145,0.5225,0.85264,0,40.0
-0.37374,0.39138,0.018042,-2.4656000000000002e-20,149,0.71792,1.1717,0,40.0
-0.32494,1.2126,0.090354,-4.9094000000000003e-20,155,1.0047,1.6399,0,40.0
-0.40236,0.20869,0.0041139,1.9787e-20,168,0.5522,1.0838,0,40.0
-0.39926,0.68824,0.04727,-1.2667e-20,191,0.52598,1.2698,0,40.0
-0.46926,0.0,0.0,0.0,208,0.30902,0.95106,0,40.0
-0.43805,0.42069,0.015302,5.0311e-20,210,0.37591,1.1568,0,40.0
-0.33787,1.2826,0.16655,1.0034e-20,216,0.5338,1.6426,0,40.0
-0.45731,0.53933,0.037027,8.0435e-20,231,0.28397,1.1826,0,40.0
-0.42311,0.9615,0.12088,-4.328e-20,233,0.32087,1.3362,0,40.0
-0.30968,1.3119,0.19458,-5.9687e-20,238,0.42578,1.7727,0,40.0
-0.51082,0.50427,0.054732,-2.9443e-20,272,0.089562,1.1377,0,40.0
-0.46458,0.98754,0.17726,8.438199999999999e-21,274,0.1015,1.289,0,40.0
-0.5586,0.0,0.0,0.0,292,0.0,1.0,0,40.0
-0.35563,0.0,0.0,0.0,313,1.0,0.0,0,40.0
-0.35909,-0.026639,0.1888,-1.8323999999999997e-21,319,1.212,0.095424,0,40.0
-0.36007,-0.044931,0.20848,1.5057e-21,320,1.2925,0.0,0,40.0
-0.36331,-0.079301,0.25538,3.7143999999999996e-21,324,1.4555,0.0,0,40.0
-0.36245,-0.060344,0.27396,1.4835e-20,325,1.4519,0.11435,0,40.0
-0.38111,-0.082532,0.325,2.7795e-20,333,1.8155,0.14304,0,40.0
-0.39947,-0.14104,0.33571,-2.2216e-21,338,2.1297,0.0,0,40.0
-0.44742,-0.080519,0.22065,-3.646e-21,348,2.7283,0.0,0,40.0
-0.36059,0.0,0.0,0.0,355,0.98769,0.15643,0,40.0
-0.41603,0.028928,0.3122,-1.4801999999999998e-21,367,2.1071,0.33402,0,40.0
-0.3583,-0.025353,0.18716,-1.8092999999999998e-21,378,1.1826,0.28397,0,40.0
-0.35749,-0.02628,0.22787,-2.7110999999999997e-21,379,1.258,0.30208,0,40.0
-0.35836,-0.020092,0.27916,-4.7333999999999994e-21,381,1.4172,0.34035,0,40.0
-0.37036,0.087355,0.286,4.0408e-20,406,1.7344,0.56364,0,40.0
-0.42086,0.25954,0.23046,1.0545e-20,410,2.137,0.69452,0,40.0
-0.47443,0.43849,0.12351,5.9821e-20,413,2.4799,0.80599,0,40.0
-0.49115,0.5071,0.072787,7.3326e-21,414,2.6029,0.84595,0,40.0
-0.36179,0.0,0.0,0.0,418,0.92388,0.38268,0,40.0
-0.39155,0.28485,0.21053,2.9205e-20,430,1.973,0.81724,0,40.0
-0.3527,-0.030787,0.12308,1.8557999999999997e-21,441,1.0838,0.5522,0,40.0
-0.34298,0.01264,0.19627,-1.4075e-20,444,1.2989,0.66178,0,40.0
-0.40557,0.52732,0.10965,-2.3904e-20,453,2.1054,1.0726,0,40.0
-0.3589,0.0,0.0,0.0,460,0.85264,0.5225,0,40.0
-0.33925,0.21949,0.15252,1.6853e-20,469,1.5546,0.95244,0,40.0
-0.35103,-0.034577,0.073922,-7.3432e-21,483,0.98382,0.71472,0,40.0
-0.34074,-8.0255e-05,0.10148,1.4588e-20,485,1.1114,0.8074,0,40.0
-0.35552,0.62707,0.068067,2.5135e-20,493,1.7261,1.2538,0,40.0
-0.50934,0.17432,-0.038496,-5.1739e-20,523,3.187,0.23587,0,40.0
-0.39686,0.14715,-0.33412,4.1078e-20,528,3.8141,0.0,0,40.0
-0.31051,0.23684,-0.51614,1.9905e-20,532,4.2681,0.0,0,40.0
-0.33479,0.37629,-0.54795,-4.9273e-20,533,4.2628,0.23492,0,40.0
-0.18208,0.28412,-0.62965,1.3640000000000003e-20,540,5.282,0.0,0,40.0
-0.1581,0.33212,-0.59456,-2.7808e-20,543,5.5544,0.23377,0,40.0
-0.1684,0.31194,-0.4433,-3.6043e-20,547,6.1409,0.23326,0,40.0
-0.21769,0.41785,-0.21767,1.7119000000000002e-19,548,6.4555,0.0,0,40.0
-0.18336,0.67254,0.35886,-6.0069e-20,554,7.4555,0.0,0,40.0
-0.094953,0.73803,0.52736,9.443299999999998e-21,561,8.5669,0.23111,0,40.0
-0.090172,0.73214,0.52036,-7.0506e-21,565,9.382,0.23039,0,40.0
-0.14066,0.66072,0.35987,-9.451799999999999e-21,570,10.726,0.0,0,40.0
-0.1184,0.89094,-0.44164,1.2660000000000001e-20,626,12.738,0.454,0,40.0
-0.34518,0.68088,-0.56168,-7.3475e-20,641,4.1971,0.69968,0,40.0
-0.22309,0.64723,-0.58913,7.1778e-20,643,4.6868,0.69847,0,40.0
-0.10197,0.34018,-0.34786,-3.3775e-20,649,6.3905,0.6943,0,40.0
-0.093315,0.56489,0.33487,-2.2743e-21,653,7.7527,0.69096,0,40.0
-0.19091,0.86968,-0.13683,2.4282e-21,662,11.654,0.68139,0,40.0
-0.51363,0.75989,-0.2309,3.1828e-20,675,3.2568,0.92918,0,40.0
-0.45257,0.82673,-0.42131,-2.7997e-20,677,3.6808,0.9279,0,40.0
-0.12522,0.66095,-0.50311,-1.3612e-20,683,5.1561,0.92345,0,40.0
-0.49631,0.89393,-0.15829,4.6609e-20,712,2.9753,1.1514,0,40.0
-0.32309,0.95228,-0.50998,4.3199e-22,717,4.0596,1.1477,0,40.0
-0.045429,0.54086,-0.35623,3.8130000000000004e-20,724,5.9526,1.1414,0,40.0
-0.066768,0.71029,0.5096,1.0823e-20,733,9.2192,1.1304,0,40.0
-0.20143,0.94425,-0.47908,3.3176e-20,757,4.4592,1.3602,0,40.0
-0.079024,0.75703,-0.39339,-3.1029e-20,760,5.2716,1.3574,0,40.0
-0.016732,0.42709,-0.018592,6.749399999999999e-21,766,7.19,1.3508,0,40.0
-0.027675,0.60983,0.37072,-2.955e-20,769,8.319,1.347,0,40.0
-0.1499,0.85424,0.3299,-5.1276e-20,774,10.499,1.3395,0,40.0
-0.36547,1.2014,-0.33556,-4.7951e-20,791,3.3928,1.5691,0,40.0
-0.29046,1.128,-0.41308,-4.5351e-20,793,3.8541,1.5676,0,40.0
-0.11349,0.88156,-0.3972,-4.1217e-20,797,4.8843,1.5643,0,40.0
-0.0091155,0.63607,-0.24038,-6.762099999999999e-22,801,6.0767,1.5606,0,40.0
-0.177,1.0511,-0.1172,-1.4584e-20,814,11.41,1.5437,0,40.0
-0.36328,1.2889,-0.19276,6.6268e-20,828,2.8331,1.7658,0,40.0
-0.25854,1.2048,-0.3021,6.007700000000001e-20,871,3.586,1.9485,0,40.0
-0.19256,1.0988,-0.33867,5.047499999999999e-21,873,4.0873,1.9478,0,40.0
-0.08892,0.92358,-0.31432,-2.5358e-20,876,4.9116,1.9466,0,40.0
-0.032661,0.81738,-0.25,-1.2243e-20,878,5.5135,1.9457,0,40.0
0.037094,0.73841,-0.028112,-3.1896e-21,961,6.7218,2.3126,0,40.0
-0.054031,0.9438,-0.20791,5.029599999999999e-21,996,5.0613,2.5172,0,40.0
-0.010497,0.86733,-0.15089,4.279199999999999e-21,998,5.6893,2.5172,0,40.0
0.050155,0.72921,0.097557,-4.9898e-21,1003,7.4758,2.5172,0,40.0
-0.047405,1.1118,0.15625,3.6490999999999996e-21,1049,10.099,2.736,0,40.0
-0.079015,1.2383,-0.10414,-2.4769e-20,1051,11.109,2.736,0,40.0
0.014506,0.99067,0.23071,-1.3669e-22,1087,9.1598,2.97,0,40.0
-0.04303,1.1506,-0.22284,1.9236000000000002e-20,1093,12.196,2.97,0,40.0
-0.041813,0.98257,-0.13066,9.9536e-21,1116,5.0613,3.2202,0,40.0
0.020644,0.94511,0.011506,-2.2244999999999997e-21,1201,6.7218,3.7739,0,40.0
0.019172,1.1048,0.09266,-3.4273999999999995e-21,1247,9.1598,4.08,0,40.0
-0.010714,1.1656,-0.059813,-3.8109e-22,1251,11.109,4.08,0,40.0
0.0079716,1.0006,0.0077346,2.0015e-21,1321,6.7218,4.7572,0,40.0
0.00087035,1.0856,-0.088772,0.0,1333,12.196,4.7572,0,40.0
-0.10607,1.1516,0.13074,3.3792e-20,2145,-4.3934e-16,3.1819,0,40.0
-0.077792,1.1252,0.097722,-1.7691e-20,2175,-4.2301e-16,3.807,0,40.0
-0.06193,1.1091,0.079305,-9.286099999999999e-21,2195,-4.1015e-16,4.2993,0,40.0
0.092777,0.92272,0.28589,4.2983e-20,2456,-1.5845,1.5845,0,40.0
0.068037,0.87738,0.46423,-4.7349e-20,2468,-1.1532,1.1532,0,40.0
-0.056233,0.91775,0.60677,-4.3250000000000003e-20,2475,-0.89178,1.0442,0,40.0
-0.13538,0.83767,0.65083,1.1558e-21,2479,-0.78951,0.92446,0,40.0
-0.21434,0.0,0.0,0.0,2484,-0.64945,0.76041,0,40.0
-0.060838,0.99192,0.51369,7.2929e-20,2499,-0.90709,1.2487,0,40.0
-0.18745,1.0551,0.58501,3.6027e-21,2522,-0.71792,1.1717,0,40.0
-0.37882,0.0,0.0,0.0,2527,-0.5225,0.85264,0,40.0
-0.028631,1.0549,0.27253,-1.5954e-20,2533,-1.0726,2.1054,0,40.0
-0.34942,1.0085,0.55455,-2.0303e-20,2545,-0.5522,1.0838,0,40.0
-0.49644,0.0,0.0,0.0,2569,-0.38268,0.92388,0,40.0
-0.34014,1.2045,0.48682,2.1444e-21,2585,-0.42475,1.3071,0,40.0
-0.44456,1.0456,0.43912,-5.9231e-20,2587,-0.37591,1.1568,0,40.0
-0.56979,0.0,0.0,0.0,2632,-0.15643,0.98769,0,40.0
-0.16879,1.1971,0.23166,-5.3956e-20,2639,-0.17623,2.2362,0,40.0
-0.24787,1.2501,0.29564,-9.0817e-21,2643,-0.14304,1.8155,0,40.0
-0.42112,1.2322,0.33601,-1.4191000000000002e-19,2648,-0.10781,1.369,0,40.0
-0.50187,0.94152,0.23573,4.2358e-20,2650,-0.095424,1.212,0,40.0
-0.53227,0.67557,0.14807,6.4426e-20,2651,-0.089562,1.1377,0,40.0
0.24699,0.77421,0.011407,-5.0535e-22,2660,-2.5997,0.0,0,40.0
0.31116,0.68611,0.013999,1.4832e-22,2668,-2.1297,0.0,0,40.0
0.4102,0.51811,0.081645,-4.4263000000000004e-20,2679,-1.6271,0.12817,0,40.0
0.48485,0.34929,0.021085,-1.082e-21,2684,-1.3725,0.0,0,40.0
0.52552,0.2026,0.021857,5.0893e-21,2688,-1.2153,0.0,0,40.0
0.56001,0.049434,0.013224,-1.0671999999999998e-21,2692,-1.0692,0.0,0,40.0
0.57025,0.0,0.0,0.0,2695,-1.0,0.0,0,40.0
0.45964,0.37701,0.18998,3.9006e-20,2711,-1.3568,0.21499,0,40.0
0.50679,0.15036,0.20956,-2.4134e-20,2714,-1.1273,0.17859,0,40.0
0.53128,0.0,0.0,0.0,2716,-0.98769,0.15643,0,40.0
0.37563,0.55559,0.20296,-8.313e-20,2729,-1.5885,0.38151,0,40.0
0.20622,0.82278,0.11419,-6.8834e-21,2740,-2.6029,0.84595,0,40.0
0.29913,0.6828,0.19821,1.8015e-20,2747,-1.8296,0.59459,0,40.0
0.34697,0.58585,0.25843,5.851400000000001e-20,2750,-1.5541,0.50503,0,40.0
0.39092,0.44958,0.34347,-5.1663e-20,2753,-1.3071,0.42475,0,40.0
0.41216,0.23305,0.37817,9.2533e-20,2756,-1.0857,0.35279,0,40.0
0.42653,0.0,0.0,0.0,2758,-0.95106,0.30902,0,40.0
0.27041,0.66594,0.35396,-1.6471e-20,2792,-1.456,0.74178,0,40.0
0.26934,0.35543,0.50699,-1.8131e-19,2798,-1.0172,0.51827,0,40.0
0.26906,0.0,0.0,0.0,2800,-0.89101,0.45399,0,40.0
0.20014,0.79623,0.27805,-1.3512e-21,2809,-1.7284,1.0589,0,40.0
0.22435,0.71399,0.39242,1.7455e-20,2813,-1.393,0.85347,0,40.0
0.22346,0.62486,0.51815,6.0765e-20,2816,-1.1717,0.71792,0,40.0
0.095326,0.49939,0.5823,2.426e-19,2840,-0.92341,0.67086,0,40.0
0.078796,0.0,0.0,0.0,2842,-0.80902,0.58779,0,40.0
0.10751,0.93122,0.1752,2.4022e-20,2844,-2.2843,1.9505,0,40.0
0.12202,0.82082,0.44796,-4.6039e-20,2855,-1.2411,1.0599,0,40.0
0.085758,0.76887,0.58499,-1.2599e-20,2858,-1.0442,0.89178,0,40.0
0.13676,0.9058,0.0060136,-7.3112e-23,2912,-4.3358,0.0,0,40.0
0.1659,0.87384,0.036989,-5.8806e-21,2951,-3.5732,0.46918,0,40.0
0.15777,0.88327,0.065099,-1.2650000000000002e-20,3011,-3.47,0.92747,0,40.0
0.063842,0.98458,0.079107,2.8147e-21,3372,-3.8187,3.4878,0,40.0
-0.0039443,1.0518,0.1046,4.698599999999999e-22,4180,-1.5637,4.1771,0,40.0
-0.44301,0.0,0.0,0.0,4394,0.64945,-0.76041,0,40.0
-0.48261,0.0,0.0,0.0,4402,0.45399,-0.89101,0,40.0
-0.51766,0.0,0.0,0.0,4406,0.30902,-0.95106,0,40.0
-0.55396,0.0,0.0,0.0,4410,0.15643,-0.98769,0,40.0
-0.51786,0.76537,-0.10456,-4.3161e-20,4436,0.095424,-1.212,0,40.0
-0.44511,0.28438,0.013365,4.4241999999999994e-21,4441,0.67593,-1.1031,0,40.0
-0.44463,0.55807,0.0009624,1.6017e-20,4453,0.62391,-1.2246,0,40.0
-0.45002,1.1716,-0.25956,1.5536e-19,4459,-8.2717e-17,-1.3725,0,40.0
-0.41585,1.1096,-0.10976,-3.2671e-20,4477,0.47729,-1.4687,0,40.0
-0.41519,0.39997,0.040687,-1.0564e-20,4483,1.1532,-1.1532,0,40.0
-0.40834,0.86893,-0.012929,-2.5982e-20,4485,0.85347,-1.393,0,40.0
-0.28216,1.2328,-0.25197,-3.3570000000000005e-20,4514,-1.8199e-16,-1.8196,0,40.0
-0.19695,1.177,-0.2021,6.7005e-20,4558,-2.7552e-16,-2.2408,0,40.0
-0.28732,1.1456,0.012698,3.1276e-20,4559,1.5316,-1.7937,0,40.0
-0.17857,1.1381,0.0030674,-2.8766999999999996e-21,4615,2.1213,-2.1213,0,40.0
-0.355,0.0,0.0,0.0,4627,0.98769,-0.15643,0,40.0
-0.36542,0.0,0.0,0.0,4631,0.95106,-0.30902,0,40.0
-0.38615,0.0,0.0,0.0,4635,0.89101,-0.45399,0,40.0
-0.42144,0.0,0.0,0.0,4641,0.76041,-0.64945,0,40.0
-0.37179,-0.02081,0.029939,8.317899999999999e-21,4646,1.0857,-0.35279,0,40.0
-0.42026,-0.018447,-0.032429,2.0134e-20,4651,0.86777,-0.74111,0,40.0
-0.36264,-0.03406,0.12126,-2.3141e-22,4653,1.201,-0.19028,0,40.0
-0.39316,-0.034996,-0.001206,-1.2445e-20,4657,1.0838,-0.5522,0,40.0
-0.37672,-0.056974,0.078865,1.5012999999999998e-21,4664,1.2306,-0.39989,0,40.0
-0.42016,0.026965,-0.016594,4.0172e-21,4669,0.98326,-0.83971,0,40.0
-0.39785,-0.042085,0.037808,1.0489e-20,4675,1.2246,-0.62391,0,40.0
-0.36781,-0.10228,0.19654,-1.5292e-20,4680,1.4391,-0.22804,0,40.0
-0.38078,-0.091857,0.124,4.0588e-22,4682,1.3864,-0.45054,0,40.0
-0.41987,0.12334,0.015209,6.461699999999999e-21,4687,1.1075,-0.94578,0,40.0
-0.37532,-0.16509,0.30024,-7.3177e-21,4715,1.8155,-0.14304,0,40.0
-0.38356,0.060291,0.16648,1.0492e-20,4729,1.7142,-0.87328,0,40.0
-0.37127,-0.21645,0.31972,1.2616e-20,4743,2.1071,-0.33402,0,40.0
-0.35491,-0.13066,0.26887,1.1232e-20,4745,2.0308,-0.65999,0,40.0
-0.354,0.13803,0.20019,6.5544e-20,4747,1.9027,-0.96929,0,40.0
-0.35298,0.52913,0.13348,7.1201e-20,4749,1.7261,-1.2538,0,40.0
-0.30097,-0.10651,0.29174,8.0447e-21,4772,2.3614,-0.76747,0,40.0
-0.27635,-0.094329,0.28733,7.7431e-20,4781,2.4799,-0.80599,0,40.0
-0.12654,0.13926,0.1559,1.0533000000000001e-20,4818,2.9753,-1.1514,0,40.0
-0.29855,-0.15835,0.00784,1.1951999999999998e-22,4825,3.3622,-0.47016,0,40.0
-0.077616,0.62397,0.068412,-4.2617e-20,4830,2.9641,-1.5704,0,40.0
-0.11371,1.0075,0.017953,8.3267e-21,4832,2.6869,-1.9499,0,40.0
-0.18624,-0.10293,-0.14432,-4.517199999999999e-21,4846,3.7419,-0.70079,0,40.0
-0.034588,0.29274,0.00074216,-2.0435e-21,4849,3.5057,-1.3635,0,40.0
-0.27152,0.11784,-0.47187,5.9872e-20,4864,4.2628,-0.23492,0,40.0
-0.1588,-0.0076033,-0.35013,-1.6874e-20,4866,4.1971,-0.69968,0,40.0
-0.0507,0.1291,-0.2006,-2.8651e-20,4868,4.0596,-1.1477,0,40.0
-0.011965,0.50839,-0.095846,1.4468e-20,4870,3.8541,-1.5676,0,40.0
-0.18282,0.12384,-0.55606,-1.8504e-20,4885,4.728,-0.4678,0,40.0
-0.044064,0.39026,-0.25976,1.9001e-20,4889,4.4592,-1.3602,0,40.0
-0.030714,0.90349,-0.11946,5.2113999999999996e-21,4892,4.0873,-1.9478,0,40.0
-0.091619,0.33346,-0.37487,-3.0477e-20,4898,4.812,-1.1452,0,40.0
-0.14499,0.32758,-0.45511,2.0156e-20,4907,5.1561,-0.92345,0,40.0
-0.19088,0.34757,-0.4783,1.9238e-21,4916,5.492,-0.6965,0,40.0
-0.1091,0.91944,-0.14863,-7.659400000000001e-20,4921,5.0459,-1.7602,0,40.0
-0.20515,0.68117,-0.23377,2.6624e-20,4928,5.6516,-1.1424,0,40.0
-0.25524,0.58417,-0.21642,-3.7669e-20,4936,6.08,-0.69506,0,40.0
-0.19964,1.0001,-0.0405,7.1952e-20,4940,5.762,-1.5616,0,40.0
-0.27182,0.8036,0.0065517,-1.2697000000000001e-20,4947,6.3357,-0.91989,0,40.0
-0.19629,1.1574,0.074796,1.3704e-20,4951,5.9608,-1.7579,0,40.0
-0.16656,0.91669,0.50089,1.8974000000000002e-20,4986,7.7527,-0.69096,0,40.0
-0.10059,0.83577,0.52119,7.55e-22,5005,8.5472,-0.46122,0,40.0
-0.090857,0.9363,0.46413,-8.1029e-21,5008,8.3977,-1.1332,0,40.0
-0.05994,0.96546,0.37072,8.3493e-21,5021,8.5295,-1.7514,0,40.0
-0.063384,0.81256,0.42919,-4.9988e-21,5027,9.2813,-0.91101,0,40.0
-0.042652,0.68327,0.30583,6.6758e-20,5059,10.499,-1.3395,0,40.0
-0.12728,0.6684,-0.035759,1.5799000000000002e-20,5075,11.684,-0.45582,0,40.0
-0.02574,0.633,0.13245,3.4208e-20,5081,11.32,-1.7443,0,40.0
-0.094135,0.78207,-0.39046,2.5063e-20,5095,12.738,-0.454,0,40.0
-0.075244,1.2237,0.0033095,6.9966e-22,5561,5.0613,-2.97,0,40.0
-0.080747,1.2333,0.033423,-1.1980000000000001e-20,5591,5.3695,-2.97,0,40.0
-0.084596,1.2353,0.068418,-5.817299999999999e-21,5621,5.6893,-2.97,0,40.0
-0.065395,1.1891,0.062912,5.6139e-21,5623,5.6893,-3.4878,0,40.0
-0.067986,1.1503,0.19859,-9.091699999999999e-21,5741,7.0919,-2.97,0,40.0
-0.031859,1.0932,0.10348,-1.182e-21,5746,7.0919,-4.4072,0,40.0
-0.02743,1.0848,0.089035,-9.4565e-22,5747,7.0919,-4.7572,0,40.0
-0.017384,1.0656,0.053491,8.9491e-22,5750,7.0919,-5.9596,0,40.0
-0.044731,1.0695,0.2245,2.2276e-21,5801,7.874,-2.97,0,40.0
-0.02804,1.0601,0.15542,2.631e-21,5804,7.874,-3.7739,0,40.0
-0.018718,0.92453,0.24876,-3.8797999999999995e-21,5889,9.1598,-2.5172,0,40.0
-0.0015913,0.97876,0.12382,-4.53e-21,5895,9.1598,-4.08,0,40.0
-0.0016936,0.83299,0.1947,3.4595e-22,5949,10.099,-2.5172,0,40.0
0.010101,0.89764,0.11985,-3.2842999999999997e-22,5953,10.099,-3.4878,0,40.0
0.011325,0.97193,0.05221,-5.5432e-23,5958,10.099,-5.1314,0,40.0
0.01664,0.79002,0.075012,-2.4733999999999997e-21,6011,11.109,-2.97,0,40.0
0.023362,0.89379,0.027222,-7.2253e-22,6015,11.109,-4.08,0,40.0
0.014791,0.71581,-0.056553,-1.981e-20,6070,12.196,-2.736,0,40.0
0.027983,0.93985,-0.046957,0.0,6077,12.196,-4.7572,0,40.0
0.021128,0.98956,-0.024213,4.730999999999999e-22,6080,12.196,-5.9596,0,40.0
-0.10259,1.0983,-0.21961,6.8101e-20,6745,-0.57975,-2.4134,0,40.0
0.059697,0.93891,-0.25395,-4.6198e-20,6748,-1.5316,-1.7937,0,40.0
0.088877,0.87937,-0.33713,-7.2823e-20,6789,-1.3571,-1.3571,0,40.0
0.072525,0.85252,-0.43605,4.8061e-20,6819,-1.1532,-1.1532,0,40.0
-0.00080118,0.78987,-0.61087,5.2052e-20,6859,-0.91393,-0.91393,0,40.0
-0.15286,0.93726,-0.60479,7.9991e-20,6860,-0.76021,-1.0465,0,40.0
-0.39356,1.0084,-0.48094,-2.0243e-20,6873,-0.46551,-1.1238,0,40.0
-0.5004,0.97952,-0.2896,4.9276e-20,6876,-0.19028,-1.201,0,40.0
-0.57022,0.35555,-0.062605,-5.3509e-20,6897,-0.083909,-1.066,0,40.0
-0.18906,0.0,0.0,0.0,6898,-0.64945,-0.76041,0,40.0
-0.35751,0.0,0.0,0.0,6901,-0.5225,-0.85264,0,40.0
-0.48303,0.0,0.0,0.0,6903,-0.38268,-0.92388,0,40.0
-0.57493,0.0,0.0,0.0,6906,-0.15643,-0.98769,0,40.0
-0.58164,0.0,0.0,0.0,6907,-0.078459,-0.99692,0,40.0
0.12798,0.89177,-0.16001,-1.8480000000000002e-20,6923,-2.3204,-1.6853,0,40.0
0.20569,0.81542,-0.093493,6.8779e-21,6929,-2.6029,-0.84595,0,40.0
0.32152,0.65302,-0.12559,-8.4792e-21,6991,-1.87,-0.44916,0,40.0
0.2435,0.72843,-0.24356,-1.4961999999999999e-21,6994,-1.7142,-0.87328,0,40.0
0.17102,0.79906,-0.30081,4.9446e-20,6996,-1.5553,-1.1297,0,40.0
0.41112,0.51538,-0.045574,4.6753000000000003e-20,7016,-1.6271,-0.12817,0,40.0
0.35037,0.57504,-0.22372,-6.1239e-20,7019,-1.5541,-0.50503,0,40.0
0.23347,0.66876,-0.39663,5.9661e-20,7031,-1.3165,-0.80663,0,40.0
0.46336,0.37076,-0.14827,-4.0703e-20,7044,-1.3568,-0.21499,0,40.0
0.41033,0.37789,-0.33266,-5.6142e-20,7055,-1.2306,-0.39989,0,40.0
0.22855,0.56148,-0.52379,7.7781e-20,7058,-1.1031,-0.67593,0,40.0
0.077649,0.71232,-0.59463,9.1334e-20,7060,-0.98326,-0.83971,0,40.0
0.51349,0.14457,-0.1707,2.2204e-20,7071,-1.1273,-0.17859,0,40.0
0.36632,0.16387,-0.29593,-1.4443000000000002e-19,7083,-0.98812,-0.40929,0,40.0
0.53905,0.0,0.0,0.0,7089,-0.98769,-0.15643,0,40.0
0.49797,0.0,0.0,0.0,7090,-0.97237,-0.23345,0,40.0
0.19962,0.0,0.0,0.0,7094,-0.85264,-0.5225,0,40.0
0.0045378,0.0,0.0,0.0,7096,-0.76041,-0.64945,0,40.0
0.16562,0.87141,-0.021529,5.8338e-21,7368,-3.5732,-0.46918,0,40.0
0.15106,0.88372,-0.063637,1.7608e-20,7371,-3.3916,-1.1488,0,40.0
0.065312,0.97428,-0.066604,-2.9706999999999996e-21,8062,-4.1311,-3.4878,0,40.0
-0.021844,1.0481,-0.12011,1.2758e-20,8451,-1.1464,-3.8396,0,40.0
-0.064885,1.0868,-0.11386,2.1737e-20,8570,-0.23491,-3.8016,0,40.0
-0.044241,1.0746,-0.089028,-3.8276e-21,8573,-0.23383,-4.5663,0,40.0
-0.32285,0.0,0.0,0.0,82,0.70711,0.70711,0,41.0
-0.31569,-0.018179,0.034113,-3.6339e-20,87,0.85936,0.85936,0,41.0
-0.3108,0.1306,0.026098,2.8748e-20,92,0.89178,1.0442,0,41.0
-0.28251,0.54735,0.050987,-4.5982e-21,101,1.2866,1.2866,0,41.0
-0.26887,1.2317,0.0741,-5.0191e-22,112,1.5316,1.7937,0,41.0
-0.2444,1.3098,0.039199,-5.1137999999999994e-21,120,1.8605,2.1789,0,41.0
-0.33101,0.050355,0.018958,-8.1737e-21,126,0.71472,0.98382,0,41.0
-0.35803,0.0,0.0,0.0,145,0.5225,0.85264,0,41.0
-0.32871,0.35608,0.021877,-2.1632e-20,149,0.71792,1.1717,0,41.0
-0.28064,1.1662,0.10799,-4.7422e-20,155,1.0047,1.6399,0,41.0
-0.35544,0.18843,0.0071359,1.9594000000000002e-20,168,0.5522,1.0838,0,41.0
-0.35213,0.64483,0.052174,-1.1906e-20,191,0.52598,1.2698,0,41.0
-0.41806,0.0,0.0,0.0,208,0.30902,0.95106,0,41.0
-0.38837,0.39154,0.018176,4.7804e-20,210,0.37591,1.1568,0,41.0
-0.29682,1.2489,0.17993,9.3457e-21,216,0.5338,1.6426,0,41.0
-0.4066,0.50714,0.039063,7.609700000000001e-20,231,0.28397,1.1826,0,41.0
-0.37528,0.9183,0.12484,-4.0353e-20,233,0.32087,1.3362,0,41.0
-0.27176,1.2867,0.20883,-5.4667e-20,238,0.42578,1.7727,0,41.0
-0.45788,0.4784,0.054335,-3.1521e-20,272,0.089562,1.1377,0,41.0
-0.41517,0.9489,0.17765,6.597399999999999e-21,274,0.1015,1.289,0,41.0
-0.50422,0.0,0.0,0.0,292,0.0,1.0,0,41.0
-0.34624,0.0,0.0,0.0,313,1.0,0.0,0,41.0
-0.34237,-0.034915,0.093177,-4.5425e-21,319,1.212,0.095424,0,41.0
-0.35238,-0.059216,0.10242,1.5173e-20,320,1.2925,0.0,0,41.0
-0.35428,-0.10019,0.15841,3.5655e-20,324,1.4555,0.0,0,41.0
-0.34276,-0.084728,0.18245,1.2858e-20,325,1.4519,0.11435,0,41.0
-0.34689,-0.12846,0.28244,5.170799999999999e-21,333,1.8155,0.14304,0,41.0
-0.36653,-0.1864,0.35071,-1.0182e-20,338,2.1297,0.0,0,41.0
-0.39297,-0.13187,0.38511,4.6771999999999996e-21,348,2.7283,0.0,0,41.0
-0.33407,0.0,0.0,0.0,355,0.98769,0.15643,0,41.0
-0.34964,-0.040949,0.33309,7.436599999999999e-21,367,2.1071,0.33402,0,41.0
-0.32847,-0.028063,0.11132,-6.013599999999999e-21,378,1.1826,0.28397,0,41.0
-0.32715,-0.036071,0.14628,-9.550499999999999e-21,379,1.258,0.30208,0,41.0
-0.32432,-0.045354,0.20288,-4.1257e-21,381,1.4172,0.34035,0,41.0
-0.31364,0.030883,0.25854,2.4927000000000002e-20,406,1.7344,0.56364,0,41.0
-0.33689,0.17963,0.26852,9.2144e-21,410,2.137,0.69452,0,41.0
-0.37959,0.35267,0.21936,6.2195e-20,413,2.4799,0.80599,0,41.0
-0.39754,0.42014,0.18843,-9.5513e-21,414,2.6029,0.84595,0,41.0
-0.32233,0.0,0.0,0.0,418,0.92388,0.38268,0,41.0
-0.3141,0.20789,0.22842,1.4533e-20,430,1.973,0.81724,0,41.0
-0.31416,-0.029181,0.082888,6.004599999999999e-22,441,1.0838,0.5522,0,41.0
-0.30223,-0.0083613,0.14973,-2.5679e-20,444,1.2989,0.66178,0,41.0
-0.32002,0.42678,0.15474,-1.9522e-20,453,2.1054,1.0726,0,41.0
-0.31657,0.0,0.0,0.0,460,0.85264,0.5225,0,41.0
-0.28318,0.16063,0.13837,3.8258e-21,469,1.5546,0.95244,0,41.0
-0.31043,-0.034229,0.053666,-6.1184e-21,483,0.98382,0.71472,0,41.0
-0.30035,-0.012226,0.075834,1.6581e-20,485,1.1114,0.8074,0,41.0
-0.28703,0.52972,0.086182,1.7548e-20,493,1.7261,1.2538,0,41.0
-0.46013,0.1299,0.19623,-2.9765e-20,523,3.187,0.23587,0,41.0
-0.42138,0.14051,-0.070197,4.1272e-20,528,3.8141,0.0,0,41.0
-0.36655,0.26128,-0.32606,3.8857e-20,532,4.2681,0.0,0,41.0
-0.4046,0.41023,-0.37721,-2.8888e-20,533,4.2628,0.23492,0,41.0
-0.19486,0.43336,-0.60305,-9.9038e-23,540,5.282,0.0,0,41.0
-0.16614,0.5206,-0.60262,-3.3046e-20,543,5.5544,0.23377,0,41.0
-0.13575,0.45483,-0.57333,-9.750699999999999e-22,547,6.1409,0.23326,0,41.0
-0.16064,0.38553,-0.55282,9.892900000000001e-20,548,6.4555,0.0,0,41.0
-0.20631,0.55022,-0.039272,-9.7322e-20,554,7.4555,0.0,0,41.0
-0.12632,0.71038,0.43215,1.7731e-20,561,8.5669,0.23111,0,41.0
-0.087795,0.77162,0.51463,-3.8460000000000004e-21,565,9.382,0.23039,0,41.0
-0.092719,0.72796,0.48396,-3.6777e-21,570,10.726,0.0,0,41.0
-0.16579,0.84443,-0.19793,1.5627e-20,626,12.738,0.454,0,41.0
-0.42753,0.72936,-0.42856,-6.2622e-20,641,4.1971,0.69968,0,41.0
-0.30852,0.75756,-0.57231,8.9828e-20,643,4.6868,0.69847,0,41.0
-0.09166,0.52098,-0.47115,-1.8587e-20,649,6.3905,0.6943,0,41.0
-0.11057,0.47212,-0.00045765,4.569399999999999e-22,653,7.7527,0.69096,0,41.0
-0.16337,0.78566,0.28619,-4.703099999999999e-21,662,11.654,0.68139,0,41.0
-0.4767,0.68971,-0.032151,-4.7093999999999994e-21,675,3.2568,0.92918,0,41.0
-0.4802,0.80498,-0.22774,4.0840000000000004e-21,677,3.6808,0.9279,0,41.0
-0.1878,0.8078,-0.56237,-1.0132e-20,683,5.1561,0.92345,0,41.0
-0.43796,0.79331,0.00070395,3.9303e-20,712,2.9753,1.1514,0,41.0
-0.39637,1.015,-0.41711,-1.812e-21,717,4.0596,1.1477,0,41.0
-0.077019,0.71381,-0.42511,1.9140000000000002e-20,724,5.9526,1.1414,0,41.0
-0.047796,0.68643,0.42955,1.1712e-20,733,9.2192,1.1304,0,41.0
-0.27648,1.0674,-0.47899,3.451e-20,757,4.4592,1.3602,0,41.0
-0.13478,0.89027,-0.46542,-3.1676e-20,760,5.2716,1.3574,0,41.0
-0.024463,0.50199,-0.23368,5.3276e-22,766,7.19,1.3508,0,41.0
-0.02818,0.53032,0.15692,-3.1632e-20,769,8.319,1.347,0,41.0
-0.079313,0.78249,0.49548,-5.2151000000000003e-20,774,10.499,1.3395,0,41.0
-0.37933,1.214,-0.22848,-3.615e-20,791,3.3928,1.5691,0,41.0
-0.3408,1.2078,-0.3503,-6.2717e-20,793,3.8541,1.5676,0,41.0
-0.17411,1.0083,-0.44334,-4.1774000000000003e-20,797,4.8843,1.5643,0,41.0
-0.045753,0.76534,-0.33072,7.7632e-21,801,6.0767,1.5606,0,41.0
-0.13729,0.91614,0.28238,-1.6101e-20,814,11.41,1.5437,0,41.0
-0.33844,1.2702,-0.10093,4.1004e-20,828,2.8331,1.7658,0,41.0
-0.28403,1.2814,-0.25089,5.5896e-20,871,3.586,1.9485,0,41.0
-0.23551,1.2009,-0.32365,8.363e-21,873,4.0873,1.9478,0,41.0
-0.13623,1.029,-0.35663,-3.3028e-20,876,4.9116,1.9466,0,41.0
-0.075199,0.91226,-0.32549,-5.358e-21,878,5.5135,1.9457,0,41.0
0.0085569,0.78962,-0.14155,-5.5112e-21,961,6.7218,2.3126,0,41.0
-0.087431,1.0167,-0.2518,1.0289e-20,996,5.0613,2.5172,0,41.0
-0.042887,0.92865,-0.2227,6.233299999999999e-21,998,5.6893,2.5172,0,41.0
0.034001,0.75523,-0.01936,-7.18e-21,1003,7.4758,2.5172,0,41.0
0.0036967,0.88515,0.29876,3.7367999999999995e-21,1049,10.099,2.736,0,41.0
-0.055578,1.1019,0.15697,-1.3572e-20,1051,11.109,2.736,0,41.0
0.040545,0.83438,0.20726,1.4274999999999999e-21,1087,9.1598,2.97,0,41.0
-0.063149,1.2298,-0.13016,2.3468000000000002e-20,1093,12.196,2.97,0,41.0
-0.063228,1.0282,-0.16617,7.774799999999999e-21,1116,5.0613,3.2202,0,41.0
0.0085303,0.93761,-0.048813,-3.1403999999999998e-21,1201,6.7218,3.7739,0,41.0
0.032838,1.0213,0.11171,-2.564e-21,1247,9.1598,4.08,0,41.0
-0.00058845,1.1762,0.02865,-1.9187e-21,1251,11.109,4.08,0,41.0
0.0028941,0.98947,-0.024981,2.5533e-21,1321,6.7218,4.7572,0,41.0
0.0015364,1.1224,-0.052187,0.0,1333,12.196,4.7572,0,41.0
-0.08707,1.145,0.14098,3.1343e-20,2145,-4.3934e-16,3.1819,0,41.0
-0.062465,1.1221,0.10661,-1.6651e-20,2175,-4.2301e-16,3.807,0,41.0
-0.048809,1.1079,0.086902,-8.829e-21,2195,-4.1015e-16,4.2993,0,41.0
0.10811,0.91354,0.28169,4.0747e-20,2456,-1.5845,1.5845,0,41.0
0.088549,0.86449,0.45581,-4.5757000000000003e-20,2468,-1.1532,1.1532,0,41.0
-0.028979,0.90104,0.59607,-4.2801e-20,2475,-0.89178,1.0442,0,41.0
-0.10361,0.81988,0.63763,-3.4029e-22,2479,-0.78951,0.92446,0,41.0
-0.17802,0.0,0.0,0.0,2484,-0.64945,0.76041,0,41.0
-0.035003,0.97559,0.5065,6.8846e-20,2499,-0.90709,1.2487,0,41.0
-0.15542,1.0351,0.57664,4.1059e-21,2522,-0.71792,1.1717,0,41.0
-0.33644,0.0,0.0,0.0,2527,-0.5225,0.85264,0,41.0
-0.0090693,1.0435,0.2731,-1.4828e-20,2533,-1.0726,2.1054,0,41.0
-0.30936,0.98477,0.54431,-1.9297000000000002e-20,2545,-0.5522,1.0838,0,41.0
-0.4487,0.0,0.0,0.0,2569,-0.38268,0.92388,0,41.0
-0.30144,1.1791,0.4827,1.8997e-21,2585,-0.42475,1.3071,0,41.0
-0.39953,1.0178,0.43131,-5.5794e-20,2587,-0.37591,1.1568,0,41.0
-0.5166,0.0,0.0,0.0,2632,-0.15643,0.98769,0,41.0
-0.14239,1.1822,0.23986,-4.9143e-20,2639,-0.17623,2.2362,0,41.0
-0.21542,1.2299,0.30226,-8.769399999999999e-21,2643,-0.14304,1.8155,0,41.0
-0.3768,1.1998,0.33609,-1.3182e-19,2648,-0.10781,1.369,0,41.0
-0.45156,0.90816,0.23218,4.2144e-20,2650,-0.095424,1.212,0,41.0
-0.47983,0.64832,0.14464,6.2612e-20,2651,-0.089562,1.1377,0,41.0
0.24828,0.77425,0.0046214,-6.9622e-22,2660,-2.5997,0.0,0,41.0
0.3125,0.68615,0.0049665,3.4539999999999995e-22,2668,-2.1297,0.0,0,41.0
0.41353,0.51686,0.068812,-4.5944e-20,2679,-1.6271,0.12817,0,41.0
0.48637,0.34932,0.005221,-8.6312e-22,2684,-1.3725,0.0,0,41.0
0.52711,0.20261,0.0045092,-2.1718999999999998e-21,2688,-1.2153,0.0,0,41.0
0.56165,0.049443,0.0015008,-7.332399999999999e-22,2692,-1.0692,0.0,0,41.0
0.5719,0.0,0.0,0.0,2695,-1.0,0.0,0,41.0
0.46572,0.37412,0.17428,3.9363000000000003e-20,2711,-1.3568,0.21499,0,41.0
0.51413,0.14765,0.19328,-2.1622e-20,2714,-1.1273,0.17859,0,41.0
0.53906,0.0,0.0,0.0,2716,-0.98769,0.15643,0,41.0
0.38274,0.55177,0.19048,-8.074300000000001e-20,2729,-1.5885,0.38151,0,41.0
0.21232,0.81977,0.10849,-7.2204e-21,2740,-2.6029,0.84595,0,41.0
0.307,0.67838,0.18849,2.0513e-20,2747,-1.8296,0.59459,0,41.0
0.35597,0.58074,0.24624,5.9358e-20,2750,-1.5541,0.50503,0,41.0
0.40158,0.44375,0.32825,-5.5308e-20,2753,-1.3071,0.42475,0,41.0
0.42527,0.22756,0.36216,8.9458e-20,2756,-1.0857,0.35279,0,41.0
0.44053,0.0,0.0,0.0,2758,-0.95106,0.30902,0,41.0
0.28322,0.65825,0.34263,-1.8614e-20,2792,-1.456,0.74178,0,41.0
0.28832,0.34706,0.49147,-1.7509e-19,2798,-1.0172,0.51827,0,41.0
0.28935,0.0,0.0,0.0,2800,-0.89101,0.45399,0,41.0
0.21231,0.78892,0.27045,-2.8797e-21,2809,-1.7284,1.0589,0,41.0
0.23907,0.70499,0.38166,1.9371e-20,2813,-1.393,0.85347,0,41.0
0.24112,0.61451,0.50426,5.7165e-20,2816,-1.1717,0.71792,0,41.0
0.12032,0.48796,0.56753,2.3344e-19,2840,-0.92341,0.67086,0,41.0
0.10549,0.0,0.0,0.0,2842,-0.80902,0.58779,0,41.0
0.11846,0.92553,0.1726,2.2572e-20,2844,-2.2843,1.9505,0,41.0
0.1406,0.80922,0.43864,-4.2783e-20,2855,-1.2411,1.0599,0,41.0
0.10819,0.75538,0.57247,-1.3413e-20,2858,-1.0442,0.89178,0,41.0
0.13796,0.90583,0.0029253,-6.2385e-22,2912,-4.3358,0.0,0,41.0
0.16873,0.87298,0.032929,-6.2382999999999995e-21,2951,-3.5732,0.46918,0,41.0
0.1622,0.88152,0.061274,-1.1845e-20,3011,-3.47,0.92747,0,41.0
0.071211,0.98229,0.07865,2.7852e-21,3372,-3.8187,3.4878,0,41.0
0.0076063,1.0487,0.10772,9.6281e-23,4180,-1.5637,4.1771,0,41.0
-0.48648,0.0,0.0,0.0,4394,0.64945,-0.76041,0,41.0
-0.52879,0.0,0.0,0.0,4402,0.45399,-0.89101,0,41.0
-0.56674,0.0,0.0,0.0,4406,0.30902,-0.95106,0,41.0
-0.60525,0.0,0.0,0.0,4410,0.15643,-0.98769,0,41.0
-0.56677,0.80025,-0.10498,-4.8238000000000003e-20,4436,0.095424,-1.212,0,41.0
-0.48794,0.30962,0.015978,6.971099999999999e-21,4441,0.67593,-1.1031,0,41.0
-0.48839,0.59834,0.0055218,1.6234e-20,4453,0.62391,-1.2246,0,41.0
-0.49287,1.2068,-0.25826,1.6668e-19,4459,-8.2717e-17,-1.3725,0,41.0
-0.45768,1.1524,-0.10145,-3.4129e-20,4477,0.47729,-1.4687,0,41.0
-0.46225,0.45451,0.031061,-5.1074999999999994e-21,4483,1.1532,-1.1532,0,41.0
-0.45177,0.92356,-0.0055029,-2.6741e-20,4485,0.85347,-1.393,0,41.0
-0.31336,1.2543,-0.2435,-3.5895000000000004e-20,4514,-1.8199e-16,-1.8196,0,41.0
-0.22218,1.1929,-0.19188,7.2034e-20,4558,-2.7552e-16,-2.2408,0,41.0
-0.33699,1.1941,0.04532,3.1640000000000004e-20,4559,1.5316,-1.7937,0,41.0
-0.21496,1.1506,0.059,-5.6086999999999995e-21,4615,2.1213,-2.1213,0,41.0
-0.36736,0.0,0.0,0.0,4627,0.98769,-0.15643,0,41.0
-0.39727,0.0,0.0,0.0,4631,0.95106,-0.30902,0,41.0
-0.42892,0.0,0.0,0.0,4635,0.89101,-0.45399,0,41.0
-0.46579,0.0,0.0,0.0,4641,0.76041,-0.64945,0,41.0
-0.40211,-0.03344,-0.047573,2.8101e-20,4646,1.0857,-0.35279,0,41.0
-0.46214,-0.020634,-0.04802,1.8741e-20,4651,0.86777,-0.74111,0,41.0
-0.37556,-0.046133,0.016318,4.2266e-21,4653,1.201,-0.19028,0,41.0
-0.4331,-0.038139,-0.067527,-1.2754e-20,4657,1.0838,-0.5522,0,41.0
-0.4088,-0.058813,-0.019128,1.7493999999999998e-21,4664,1.2306,-0.39989,0,41.0
-0.4609,0.036788,-0.042989,4.4963e-21,4669,0.98326,-0.83971,0,41.0
-0.44069,-0.024224,-0.037225,2.3398e-21,4675,1.2246,-0.62391,0,41.0
-0.38361,-0.10846,0.095032,-3.5211e-20,4680,1.4391,-0.22804,0,41.0
-0.41754,-0.0767,0.029388,3.0416999999999995e-21,4682,1.3864,-0.45054,0,41.0
-0.46287,0.15364,-0.01247,3.7935e-21,4687,1.1075,-0.94578,0,41.0
-0.37528,-0.18359,0.2468,-4.9778999999999995e-21,4715,1.8155,-0.14304,0,41.0
-0.45413,0.16021,0.13045,-4.1914e-21,4729,1.7142,-0.87328,0,41.0
-0.39,-0.20583,0.32136,1.5332e-20,4743,2.1071,-0.33402,0,41.0
-0.41896,-0.042295,0.25659,-2.0247e-22,4745,2.0308,-0.65999,0,41.0
-0.4343,0.26691,0.19226,5.259e-20,4747,1.9027,-0.96929,0,41.0
-0.42657,0.64523,0.14242,6.7315e-20,4749,1.7261,-1.2538,0,41.0
-0.36672,0.012044,0.34526,1.0347e-20,4772,2.3614,-0.76747,0,41.0
-0.33924,0.030572,0.36434,9.676e-20,4781,2.4799,-0.80599,0,41.0
-0.17338,0.278,0.29259,1.5081e-20,4818,2.9753,-1.1514,0,41.0
-0.29758,-0.16407,0.28424,-2.3973e-20,4825,3.3622,-0.47016,0,41.0
-0.11781,0.72425,0.16985,-5.4014e-20,4830,2.9641,-1.5704,0,41.0
-0.14836,1.029,0.096071,5.5311e-21,4832,2.6869,-1.9499,0,41.0
-0.19623,-0.10847,0.141,3.2988999999999996e-21,4846,3.7419,-0.70079,0,41.0
-0.043739,0.34834,0.16661,-7.672e-21,4849,3.5057,-1.3635,0,41.0
-0.31196,0.13408,-0.26086,7.0627e-20,4864,4.2628,-0.23492,0,41.0
-0.17108,-0.01932,-0.10294,-2.8728e-20,4866,4.1971,-0.69968,0,41.0
-0.038373,0.072503,0.028847,-3.1615000000000004e-20,4868,4.0596,-1.1477,0,41.0
0.012263,0.47972,0.041764,2.4862e-20,4870,3.8541,-1.5676,0,41.0
-0.19742,0.16701,-0.41006,-3.9881e-20,4885,4.728,-0.4678,0,41.0
0.010882,0.23275,-0.1207,3.1491999999999996e-21,4889,4.4592,-1.3602,0,41.0
0.021104,0.80228,-0.065444,6.550199999999999e-21,4892,4.0873,-1.9478,0,41.0
-0.033815,0.16678,-0.28601,-3.4416e-20,4898,4.812,-1.1452,0,41.0
-0.084709,0.19791,-0.44501,4.0463e-20,4907,5.1561,-0.92345,0,41.0
-0.12517,0.26488,-0.5565,-2.1942e-20,4916,5.492,-0.6965,0,41.0
0.0034107,0.65363,-0.21816,-6.2849e-20,4921,5.0459,-1.7602,0,41.0
-0.088108,0.39222,-0.45178,3.6975e-20,4928,5.6516,-1.1424,0,41.0
-0.15692,0.3788,-0.54767,-1.8679e-20,4936,6.08,-0.69506,0,41.0
-0.084111,0.69972,-0.28557,7.4701e-20,4940,5.762,-1.5616,0,41.0
-0.18226,0.54167,-0.39788,1.6116e-20,4947,6.3357,-0.91989,0,41.0
-0.10831,0.91508,-0.18064,3.3733e-20,4951,5.9608,-1.7579,0,41.0
-0.23261,0.87495,0.28442,7.0755e-21,4986,7.7527,-0.69096,0,41.0
-0.15114,0.87257,0.48939,1.2790000000000001e-20,5005,8.5472,-0.46122,0,41.0
-0.14482,1.0277,0.45912,-1.023e-20,5008,8.3977,-1.1332,0,41.0
-0.094986,1.08,0.38638,7.9e-21,5021,8.5295,-1.7514,0,41.0
-0.084312,0.90735,0.4713,-3.680299999999999e-21,5027,9.2813,-0.91101,0,41.0
-0.039085,0.80478,0.35139,3.7839e-20,5059,10.499,-1.3395,0,41.0
-0.10675,0.6539,0.30459,8.4674e-21,5075,11.684,-0.45582,0,41.0
-0.022117,0.72787,0.25625,2.1991e-20,5081,11.32,-1.7443,0,41.0
-0.1174,0.70588,-0.12011,3.9246e-20,5095,12.738,-0.454,0,41.0
-0.030105,1.1633,-0.066711,-2.2716e-22,5561,5.0613,-2.97,0,41.0
-0.037544,1.1895,-0.052404,9.9884e-22,5591,5.3695,-2.97,0,41.0
-0.046916,1.2134,-0.027635,-2.6631999999999997e-21,5621,5.6893,-2.97,0,41.0
-0.040094,1.1781,-0.0031628,2.1803e-21,5623,5.6893,-3.4878,0,41.0
-0.069099,1.2169,0.13521,-1.2947e-20,5741,7.0919,-2.97,0,41.0
-0.028823,1.1212,0.075766,-1.0055999999999999e-21,5746,7.0919,-4.4072,0,41.0
-0.024649,1.1081,0.066622,-3.5848e-23,5747,7.0919,-4.7572,0,41.0
-0.015707,1.0784,0.042885,8.6589e-22,5750,7.0919,-5.9596,0,41.0
-0.056239,1.1504,0.19935,2.0428e-21,5801,7.874,-2.97,0,41.0
-0.032239,1.1127,0.13657,1.766e-21,5804,7.874,-3.7739,0,41.0
-0.034158,1.0122,0.27275,-4.677499999999999e-21,5889,9.1598,-2.5172,0,41.0
-0.0084028,1.0253,0.13741,-4.8128e-21,5895,9.1598,-4.08,0,41.0
-0.012095,0.91256,0.24238,4.3486e-22,5949,10.099,-2.5172,0,41.0
0.0012158,0.95114,0.15962,2.4682e-23,5953,10.099,-3.4878,0,41.0
0.0071493,0.99393,0.07528,-3.8298e-22,5958,10.099,-5.1314,0,41.0
0.0094358,0.85042,0.14674,-2.8367999999999997e-21,6011,11.109,-2.97,0,41.0
0.016975,0.9184,0.081662,-5.9649999999999995e-22,6015,11.109,-4.08,0,41.0
0.012244,0.74238,0.071242,-1.8504e-20,6070,12.196,-2.736,0,41.0
0.025431,0.92803,0.0038272,0.0,6077,12.196,-4.7572,0,41.0
0.020446,0.97853,0.00081464,2.2534e-22,6080,12.196,-5.9596,0,41.0
-0.12203,1.1106,-0.21435,7.2677e-20,6745,-0.57975,-2.4134,0,41.0
0.04633,0.94847,-0.25672,-4.9669e-20,6748,-1.5316,-1.7937,0,41.0
0.07408,0.89047,-0.34318,-7.4987e-20,6789,-1.3571,-1.3571,0,41.0
0.054889,0.86557,-0.44452,4.9650000000000005e-20,6819,-1.1532,-1.1532,0,41.0
-0.024504,0.80576,-0.62392,5.5106e-20,6859,-0.91393,-0.91393,0,41.0
-0.18179,0.95675,-0.61592,8.3205e-20,6860,-0.76021,-1.0465,0,41.0
-0.4332,1.0343,-0.49003,-2.0787e-20,6873,-0.46551,-1.1238,0,41.0
-0.54646,1.0114,-0.29458,5.2447e-20,6876,-0.19028,-1.201,0,41.0
-0.62128,0.37151,-0.064567,-5.6898e-20,6897,-0.083909,-1.066,0,41.0
-0.22226,0.0,0.0,0.0,6898,-0.64945,-0.76041,0,41.0
-0.39686,0.0,0.0,0.0,6901,-0.5225,-0.85264,0,41.0
-0.52783,0.0,0.0,0.0,6903,-0.38268,-0.92388,0,41.0
-0.62544,0.0,0.0,0.0,6906,-0.15643,-0.98769,0,41.0
-0.63313,0.0,0.0,0.0,6907,-0.078459,-0.99692,0,41.0
0.12006,0.8974,-0.16349,-1.8657e-20,6923,-2.3204,-1.6853,0,41.0
0.20213,0.81853,-0.099183,6.555299999999999e-21,6929,-2.6029,-0.84595,0,41.0
0.31803,0.65641,-0.13562,-6.497899999999999e-21,6991,-1.87,-0.44916,0,41.0
0.23515,0.73516,-0.25245,-2.9157e-21,6994,-1.7142,-0.87328,0,41.0
0.15944,0.80799,-0.30848,5.0581e-20,6996,-1.5553,-1.1297,0,41.0
0.41068,0.51671,-0.058414,4.52e-20,7016,-1.6271,-0.12817,0,41.0
0.34425,0.58023,-0.23594,-6.0519e-20,7019,-1.5541,-0.50503,0,41.0
0.22083,0.67832,-0.40841,6.2004e-20,7031,-1.3165,-0.80663,0,41.0
0.46034,0.3737,-0.16399,-4.0446000000000003e-20,7044,-1.3568,-0.21499,0,41.0
0.40204,0.38396,-0.34896,-5.7024e-20,7055,-1.2306,-0.39989,0,41.0
0.21268,0.5723,-0.53889,8.4513e-20,7058,-1.1031,-0.67593,0,41.0
0.056577,0.72649,-0.60847,9.6862e-20,7060,-0.98326,-0.83971,0,41.0
0.50939,0.14731,-0.18701,2.4788e-20,7071,-1.1273,-0.17859,0,41.0
0.35274,0.1687,-0.30736,-1.4596e-19,7083,-0.98812,-0.40929,0,41.0
0.53456,0.0,0.0,0.0,7089,-0.98769,-0.15643,0,41.0
0.49039,0.0,0.0,0.0,7090,-0.97237,-0.23345,0,41.0
0.17938,0.0,0.0,0.0,7094,-0.85264,-0.5225,0,41.0
-0.022189,0.0,0.0,0.0,7096,-0.76041,-0.64945,0,41.0
0.16523,0.87235,-0.025582,5.4862e-21,7368,-3.5732,-0.46918,0,41.0
0.14827,0.886,-0.067269,1.8249000000000002e-20,7371,-3.3916,-1.1488,0,41.0
0.060809,0.97637,-0.067126,-2.994e-21,8062,-4.1311,-3.4878,0,41.0
-0.032889,1.0522,-0.11566,1.2913e-20,8451,-1.1464,-3.8396,0,41.0
-0.077904,1.0905,-0.10568,2.3887e-20,8570,-0.23491,-3.8016,0,41.0
-0.054204,1.0756,-0.082425,-4.2457999999999994e-21,8573,-0.23383,-4.5663,0,41.0
-0.29935,0.0,0.0,0.0,82,0.70711,0.70711,0,42.0
-0.29405,-0.015662,0.023482,-3.1935e-20,87,0.85936,0.85936,0,42.0
-0.28906,0.12093,0.017405,2.9223e-20,92,0.89178,1.0442,0,42.0
-0.25196,0.49432,0.039118,-1.2407e-20,101,1.2866,1.2866,0,42.0
-0.22818,1.1772,0.091914,-3.2166999999999997e-21,112,1.5316,1.7937,0,42.0
-0.20835,1.2827,0.075247,-4.0565e-21,120,1.8605,2.1789,0,42.0
-0.30737,0.048446,0.015312,-8.500199999999999e-21,126,0.71472,0.98382,0,42.0
-0.33183,0.0,0.0,0.0,145,0.5225,0.85264,0,42.0
-0.30392,0.33497,0.019748,-1.8108e-20,149,0.71792,1.1717,0,42.0
-0.25097,1.1214,0.11412,-5.3704e-20,155,1.0047,1.6399,0,42.0
-0.32874,0.17872,0.0062401,2.0039e-20,168,0.5522,1.0838,0,42.0
-0.32413,0.61411,0.051884,-1.3055000000000001e-20,191,0.52598,1.2698,0,42.0
-0.38677,0.0,0.0,0.0,208,0.30902,0.95106,0,42.0
-0.35822,0.3735,0.017963,4.4394000000000004e-20,210,0.37591,1.1568,0,42.0
-0.26995,1.2168,0.1856,9.251499999999999e-21,216,0.5338,1.6426,0,42.0
-0.37481,0.48568,0.038545,7.1324e-20,231,0.28397,1.1826,0,42.0
-0.34491,0.88448,0.12446,-3.8497e-20,233,0.32087,1.3362,0,42.0
-0.24609,1.2611,0.21612,-5.2361e-20,238,0.42578,1.7727,0,42.0
-0.42265,0.46085,0.053089,-2.8234e-20,272,0.089562,1.1377,0,42.0
-0.3821,0.91828,0.17548,6.6880000000000005e-21,274,0.1015,1.289,0,42.0
-0.46682,0.0,0.0,0.0,292,0.0,1.0,0,42.0
-0.35479,0.0,0.0,0.0,313,1.0,0.0,0,42.0
-0.34452,-0.03774,-0.026316,-8.244699999999999e-21,319,1.212,0.095424,0,42.0
-0.36225,-0.06389,-0.033818,2.5329e-20,320,1.2925,0.0,0,42.0
-0.3653,-0.10782,0.014954,6.0792e-20,324,1.4555,0.0,0,42.0
-0.34506,-0.10133,0.043461,1.6823e-20,325,1.4519,0.11435,0,42.0
-0.34248,-0.17056,0.16205,-1.1623e-20,333,1.8155,0.14304,0,42.0
-0.36883,-0.21893,0.2635,-1.5925e-20,338,2.1297,0.0,0,42.0
-0.3535,-0.20064,0.45037,1.4586e-20,348,2.7283,0.0,0,42.0
-0.32697,0.0,0.0,0.0,355,0.98769,0.15643,0,42.0
-0.31113,-0.13331,0.26747,1.2007000000000001e-20,367,2.1071,0.33402,0,42.0
-0.31847,-0.02851,0.012935,-9.4137e-21,378,1.1826,0.28397,0,42.0
-0.31723,-0.044223,0.035109,-1.6134e-20,379,1.258,0.30208,0,42.0
-0.31278,-0.07161,0.083421,-6.1768e-21,381,1.4172,0.34035,0,42.0
-0.28231,-0.040532,0.17207,1.1399e-20,406,1.7344,0.56364,0,42.0
-0.27118,0.064976,0.23986,7.165199999999999e-21,410,2.137,0.69452,0,42.0
-0.28501,0.21817,0.25608,3.6749e-20,413,2.4799,0.80599,0,42.0
-0.29586,0.28304,0.24902,-1.4262e-20,414,2.6029,0.84595,0,42.0
-0.30159,0.0,0.0,0.0,418,0.92388,0.38268,0,42.0
-0.25698,0.10738,0.18922,-5.463899999999999e-21,430,1.973,0.81724,0,42.0
-0.29516,-0.026579,0.03044,-1.2885e-22,441,1.0838,0.5522,0,42.0
-0.28286,-0.03092,0.076367,-3.2691e-20,444,1.2989,0.66178,0,42.0
-0.24675,0.31335,0.15062,-7.211699999999999e-21,453,2.1054,1.0726,0,42.0
-0.29328,0.0,0.0,0.0,460,0.85264,0.5225,0,42.0
-0.25032,0.10255,0.08999,-1.0740000000000001e-20,469,1.5546,0.95244,0,42.0
-0.28972,-0.031039,0.027203,-5.058299999999999e-21,483,0.98382,0.71472,0,42.0
-0.28069,-0.019491,0.038108,1.6746e-20,485,1.1114,0.8074,0,42.0
-0.23623,0.44217,0.072196,-2.0350999999999998e-21,493,1.7261,1.2538,0,42.0
-0.37061,0.0068055,0.39177,9.5602e-21,523,3.187,0.23587,0,42.0
-0.38019,0.063918,0.23805,2.8985e-20,528,3.8141,0.0,0,42.0
-0.37622,0.21179,-0.021569,5.3311e-20,532,4.2681,0.0,0,42.0
-0.41959,0.36148,-0.088849,1.1114e-20,533,4.2628,0.23492,0,42.0
-0.24056,0.47482,-0.51932,-1.381e-20,540,5.282,0.0,0,42.0
-0.21017,0.60955,-0.59452,-3.9739000000000003e-20,543,5.5544,0.23377,0,42.0
-0.14058,0.60946,-0.58735,3.8198e-20,547,6.1409,0.23326,0,42.0
-0.13033,0.53605,-0.58551,2.1905e-20,548,6.4555,0.0,0,42.0
-0.16236,0.47348,-0.45427,-8.4341e-20,554,7.4555,0.0,0,42.0
-0.16339,0.61197,0.12243,3.4961000000000003e-20,561,8.5669,0.23111,0,42.0
-0.11771,0.74563,0.43394,-5.6479e-21,565,9.382,0.23039,0,42.0
-0.077373,0.80156,0.489,-1.3872e-22,570,10.726,0.0,0,42.0
-0.15734,0.7808,0.20306,7.5093e-22,626,12.738,0.454,0,42.0
-0.44725,0.67807,-0.18008,-2.1906e-20,641,4.1971,0.69968,0,42.0
-0.38436,0.77936,-0.41888,7.5066e-20,643,4.6868,0.69847,0,42.0
-0.10511,0.69067,-0.51519,-4.190699999999999e-21,649,6.3905,0.6943,0,42.0
-0.098351,0.46845,-0.3428,-3.7566e-21,653,7.7527,0.69096,0,42.0
-0.10278,0.77267,0.48608,-2.9024999999999998e-21,662,11.654,0.68139,0,42.0
-0.38215,0.56125,0.14133,-2.4783e-20,675,3.2568,0.92918,0,42.0
-0.42981,0.69891,-0.001741,2.8286e-20,677,3.6808,0.9279,0,42.0
-0.2659,0.91358,-0.55113,-9.835e-21,683,5.1561,0.92345,0,42.0
-0.3394,0.64852,0.12608,2.5031e-20,712,2.9753,1.1514,0,42.0
-0.41425,0.96756,-0.22371,-2.6461999999999997e-21,717,4.0596,1.1477,0,42.0
-0.11928,0.84708,-0.49439,1.216e-20,724,5.9526,1.1414,0,42.0
-0.052619,0.60595,0.25081,1.5286e-20,733,9.2192,1.1304,0,42.0
-0.33596,1.1315,-0.38853,2.8378e-20,757,4.4592,1.3602,0,42.0
-0.19732,1.0203,-0.49234,-2.8742e-20,760,5.2716,1.3574,0,42.0
-0.03574,0.66572,-0.32111,1.4463e-21,766,7.19,1.3508,0,42.0
-0.03425,0.49812,-0.12376,-3.7636e-20,769,8.319,1.347,0,42.0
-0.045783,0.76111,0.45876,-5.1710000000000006e-20,774,10.499,1.3395,0,42.0
-0.34373,1.1336,-0.088127,-1.6465e-20,791,3.3928,1.5691,0,42.0
-0.3508,1.2021,-0.21963,-6.4446e-20,793,3.8541,1.5676,0,42.0
-0.23457,1.1298,-0.43544,-3.0946e-20,797,4.8843,1.5643,0,42.0
-0.084456,0.88249,-0.4031,1.1734000000000001e-20,801,6.0767,1.5606,0,42.0
-0.073745,0.83053,0.46678,-8.8393e-21,814,11.41,1.5437,0,42.0
-0.28281,1.1898,-0.0079288,1.5482e-20,828,2.8331,1.7658,0,42.0
-0.2815,1.311,-0.16138,4.1723e-20,871,3.586,1.9485,0,42.0
-0.26059,1.2792,-0.26055,9.917499999999999e-21,873,4.0873,1.9478,0,42.0
-0.17991,1.141,-0.35762,-4.1258000000000004e-20,876,4.9116,1.9466,0,42.0
-0.11609,1.0205,-0.364,5.8251e-21,878,5.5135,1.9457,0,42.0
-0.019283,0.85791,-0.22961,-7.7119e-21,961,6.7218,2.3126,0,42.0
-0.11646,1.0996,-0.2641,1.5633000000000002e-20,996,5.0613,2.5172,0,42.0
-0.072518,1.0074,-0.26332,7.881e-21,998,5.6893,2.5172,0,42.0
0.012276,0.80048,-0.1275,-7.409399999999999e-21,1003,7.4758,2.5172,0,42.0
0.028895,0.75883,0.24503,1.7629e-21,1049,10.099,2.736,0,42.0
-0.0062733,0.90441,0.31652,-1.3014e-20,1051,11.109,2.736,0,42.0
0.043095,0.78253,0.10814,1.4088999999999998e-21,1087,9.1598,2.97,0,42.0
-0.051129,1.1524,0.094254,1.2285e-20,1093,12.196,2.97,0,42.0
-0.081209,1.0834,-0.17891,5.2998e-21,1116,5.0613,3.2202,0,42.0
-0.005737,0.95793,-0.10046,-3.6387e-21,1201,6.7218,3.7739,0,42.0
0.036527,0.95035,0.077415,-2.203e-22,1247,9.1598,4.08,0,42.0
0.018549,1.116,0.11565,-2.2543999999999997e-21,1251,11.109,4.08,0,42.0
-0.004368,0.99596,-0.05712,2.802e-21,1321,6.7218,4.7572,0,42.0
0.0082645,1.1357,0.0066733,0.0,1333,12.196,4.7572,0,42.0
-0.072221,1.1353,0.14923,2.9406e-20,2145,-4.3934e-16,3.1819,0,42.0
-0.050042,1.116,0.11468,-1.5711e-20,2175,-4.2301e-16,3.807,0,42.0
-0.037942,1.1039,0.094353,-8.372e-21,2195,-4.1015e-16,4.2993,0,42.0
0.11987,0.90397,0.27585,3.9161e-20,2456,-1.5845,1.5845,0,42.0
0.1048,0.85157,0.44583,-4.4670000000000006e-20,2468,-1.1532,1.1532,0,42.0
-0.0069797,0.88468,0.58412,-4.3002e-20,2475,-0.89178,1.0442,0,42.0
-0.077393,0.80289,0.62395,-2.3123999999999997e-21,2479,-0.78951,0.92446,0,42.0
-0.14763,0.0,0.0,0.0,2484,-0.64945,0.76041,0,42.0
-0.014819,0.95951,0.49764,6.5385e-20,2499,-0.90709,1.2487,0,42.0
-0.13032,1.0158,0.56688,5.4093e-21,2522,-0.71792,1.1717,0,42.0
-0.30214,0.0,0.0,0.0,2527,-0.5225,0.85264,0,42.0
0.0054854,1.0314,0.27157,-1.4059e-20,2533,-1.0726,2.1054,0,42.0
-0.27782,0.96327,0.53377,-1.7407e-20,2545,-0.5522,1.0838,0,42.0
-0.41157,0.0,0.0,0.0,2569,-0.38268,0.92388,0,42.0
-0.27244,1.1555,0.4766,2.386e-21,2585,-0.42475,1.3071,0,42.0
-0.36548,0.99355,0.42315,-5.3166e-20,2587,-0.37591,1.1568,0,42.0
-0.47802,0.0,0.0,0.0,2632,-0.15643,0.98769,0,42.0
-0.12324,1.1659,0.24444,-4.6327e-20,2639,-0.17623,2.2362,0,42.0
-0.19243,1.2096,0.30481,-8.7583e-21,2643,-0.14304,1.8155,0,42.0
-0.34555,1.1713,0.33329,-1.2558000000000002e-19,2648,-0.10781,1.369,0,42.0
-0.4161,0.88154,0.22777,3.9572e-20,2650,-0.095424,1.212,0,42.0
-0.44289,0.62796,0.14119,5.993700000000001e-20,2651,-0.089562,1.1377,0,42.0
0.24985,0.77424,-0.0034321,-8.229199999999999e-22,2660,-2.5997,0.0,0,42.0
0.31409,0.68614,-0.0054336,5.0791e-22,2668,-2.1297,0.0,0,42.0
0.41664,0.51553,0.054534,-4.7296e-20,2679,-1.6271,0.12817,0,42.0
0.48795,0.34931,-0.012097,-6.2133e-22,2684,-1.3725,0.0,0,42.0
0.52866,0.20261,-0.014104,-8.666499999999999e-21,2688,-1.2153,0.0,0,42.0
0.56318,0.049439,-0.010658,-3.6929e-22,2692,-1.0692,0.0,0,42.0
0.57342,0.0,0.0,0.0,2695,-1.0,0.0,0,42.0
0.47114,0.37113,0.15713,3.9798e-20,2711,-1.3568,0.21499,0,42.0
0.52077,0.14487,0.17609,-1.9440000000000003e-20,2714,-1.1273,0.17859,0,42.0
0.54613,0.0,0.0,0.0,2716,-0.98769,0.15643,0,42.0
0.38886,0.54782,0.17655,-7.8941e-20,2729,-1.5885,0.38151,0,42.0
0.21738,0.81653,0.10153,-7.468399999999999e-21,2740,-2.6029,0.84595,0,42.0
0.31355,0.67381,0.17735,2.2595e-20,2747,-1.8296,0.59459,0,42.0
0.36359,0.57548,0.23261,6.028700000000001e-20,2750,-1.5541,0.50503,0,42.0
0.41083,0.43777,0.31162,-5.8926e-20,2753,-1.3071,0.42475,0,42.0
0.43698,0.22199,0.34538,8.6918e-20,2756,-1.0857,0.35279,0,42.0
0.45312,0.0,0.0,0.0,2758,-0.95106,0.30902,0,42.0
0.29379,0.65039,0.32985,-2.0567e-20,2792,-1.456,0.74178,0,42.0
0.30503,0.33869,0.4754,-1.7004e-19,2798,-1.0172,0.51827,0,42.0
0.30737,0.0,0.0,0.0,2800,-0.89101,0.45399,0,42.0
0.22199,0.78138,0.26136,-4.1344999999999995e-21,2809,-1.7284,1.0589,0,42.0
0.2511,0.69585,0.36944,2.1272e-20,2813,-1.393,0.85347,0,42.0
0.25601,0.60404,0.48906,5.4061e-20,2816,-1.1717,0.71792,0,42.0
0.14191,0.4768,0.55249,2.2576e-19,2840,-0.92341,0.67086,0,42.0
0.12874,0.0,0.0,0.0,2842,-0.80902,0.58779,0,42.0
0.12695,0.91929,0.16867,2.1547e-20,2844,-2.2843,1.9505,0,42.0
0.15547,0.79755,0.42782,-3.9985e-20,2855,-1.2411,1.0599,0,42.0
0.12674,0.74195,0.55869,-1.4318e-20,2858,-1.0442,0.89178,0,42.0
0.13944,0.90583,-0.00096274,-1.0187e-21,2912,-4.3358,0.0,0,42.0
0.1714,0.87199,0.027871,-6.499599999999999e-21,2951,-3.5732,0.46918,0,42.0
0.16601,0.87955,0.056436,-1.1276e-20,3011,-3.47,0.92747,0,42.0
0.077158,0.97938,0.077597,2.7594999999999997e-21,3372,-3.8187,3.4878,0,42.0
0.016742,1.0441,0.11017,-1.4255e-22,4180,-1.5637,4.1771,0,42.0
-0.5083,0.0,0.0,0.0,4394,0.64945,-0.76041,0,42.0
-0.55415,0.0,0.0,0.0,4402,0.45399,-0.89101,0,42.0
-0.59578,0.0,0.0,0.0,4406,0.30902,-0.95106,0,42.0
-0.63776,0.0,0.0,0.0,4410,0.15643,-0.98769,0,42.0
-0.59854,0.82587,-0.10682,-4.7659e-20,4436,0.095424,-1.212,0,42.0
-0.51001,0.32315,0.01529,1.0775e-20,4441,0.67593,-1.1031,0,42.0
-0.51197,0.6253,0.0056493,1.5679e-20,4453,0.62391,-1.2246,0,42.0
-0.52124,1.2361,-0.25993,1.7379e-19,4459,-8.2717e-17,-1.3725,0,42.0
-0.48243,1.1871,-0.099,-3.5793e-20,4477,0.47729,-1.4687,0,42.0
-0.4839,0.48639,0.014876,-5.9868e-22,4483,1.1532,-1.1532,0,42.0
-0.47496,0.96433,-0.0053301,-2.4733e-20,4485,0.85347,-1.393,0,42.0
-0.33371,1.2751,-0.24002,-3.7248e-20,4514,-1.8199e-16,-1.8196,0,42.0
-0.23895,1.21,-0.18628,7.4843e-20,4558,-2.7552e-16,-2.2408,0,42.0
-0.37575,1.2435,0.061798,2.7941e-20,4559,1.5316,-1.7937,0,42.0
-0.25598,1.1829,0.10354,-8.9259e-21,4615,2.1213,-2.1213,0,42.0
-0.39116,0.0,0.0,0.0,4627,0.98769,-0.15643,0,42.0
-0.4291,0.0,0.0,0.0,4631,0.95106,-0.30902,0,42.0
-0.45983,0.0,0.0,0.0,4635,0.89101,-0.45399,0,42.0
-0.48921,0.0,0.0,0.0,4641,0.76041,-0.64945,0,42.0
-0.43075,-0.039099,-0.11813,3.5484e-20,4646,1.0857,-0.35279,0,42.0
-0.48357,-0.023372,-0.05645,1.6132e-20,4651,0.86777,-0.74111,0,42.0
-0.39784,-0.048149,-0.10097,7.570899999999999e-21,4653,1.201,-0.19028,0,42.0
-0.45906,-0.037502,-0.12476,-1.0668e-20,4657,1.0838,-0.5522,0,42.0
-0.43717,-0.05008,-0.1248,1.4495999999999998e-21,4664,1.2306,-0.39989,0,42.0
-0.47957,0.037787,-0.063547,4.8256999999999996e-21,4669,0.98326,-0.83971,0,42.0
-0.46637,-0.0060607,-0.11459,-8.457e-21,4675,1.2246,-0.62391,0,42.0
-0.40998,-0.094297,-0.044078,-5.3658e-20,4680,1.4391,-0.22804,0,42.0
-0.44937,-0.04702,-0.087389,9.3511e-21,4682,1.3864,-0.45054,0,42.0
-0.48109,0.16639,-0.040089,6.906699999999999e-22,4687,1.1075,-0.94578,0,42.0
-0.40121,-0.17292,0.11515,-1.432e-20,4715,1.8155,-0.14304,0,42.0
-0.5053,0.24878,0.060367,-1.5983e-20,4729,1.7142,-0.87328,0,42.0
-0.4381,-0.14479,0.22363,1.7848e-20,4743,2.1071,-0.33402,0,42.0
-0.48879,0.078377,0.17335,-1.1394e-20,4745,2.0308,-0.65999,0,42.0
-0.50122,0.38361,0.14235,2.3477000000000002e-20,4747,1.9027,-0.96929,0,42.0
-0.48101,0.73824,0.1254,5.2397e-20,4749,1.7261,-1.2538,0,42.0
-0.45162,0.1803,0.31315,1.2208000000000001e-20,4772,2.3614,-0.76747,0,42.0
-0.42558,0.21417,0.35252,1.0691e-19,4781,2.4799,-0.80599,0,42.0
-0.25155,0.50158,0.36417,1.1148e-20,4818,2.9753,-1.1514,0,42.0
-0.2873,-0.13022,0.49784,1.1729e-20,4825,3.3622,-0.47016,0,42.0
-0.18726,0.86118,0.25696,-5.597e-20,4830,2.9641,-1.5704,0,42.0
-0.20096,1.0782,0.16726,-1.4587999999999998e-21,4832,2.6869,-1.9499,0,42.0
-0.1957,-0.056716,0.4106,1.1910000000000001e-20,4846,3.7419,-0.70079,0,42.0
-0.090716,0.53676,0.27903,-1.3924e-20,4849,3.5057,-1.3635,0,42.0
-0.31568,0.087638,0.055266,5.9931e-20,4864,4.2628,-0.23492,0,42.0
-0.16971,-0.027048,0.2131,-4.5479e-20,4866,4.1971,-0.69968,0,42.0
-0.048075,0.16537,0.2587,-2.7058000000000002e-20,4868,4.0596,-1.1477,0,42.0
-0.014152,0.59779,0.16569,1.6067e-20,4870,3.8541,-1.5676,0,42.0
-0.21667,0.14241,-0.15583,-3.4391e-20,4885,4.728,-0.4678,0,42.0
0.017511,0.25025,0.098451,-7.9364e-21,4889,4.4592,-1.3602,0,42.0
0.016278,0.80141,0.034926,6.0474e-21,4892,4.0873,-1.9478,0,42.0
-0.022116,0.13412,-0.044095,-3.9787e-20,4898,4.812,-1.1452,0,42.0
-0.074081,0.18054,-0.24869,5.1133e-20,4907,5.1561,-0.92345,0,42.0
-0.11349,0.29179,-0.42826,-3.7643e-20,4916,5.492,-0.6965,0,42.0
0.060243,0.50892,-0.11932,-3.6984e-20,4921,5.0459,-1.7602,0,42.0
-0.035575,0.29006,-0.38221,5.506e-20,4928,5.6516,-1.1424,0,42.0
-0.1066,0.39134,-0.55155,2.0192e-20,4936,6.08,-0.69506,0,42.0
0.010639,0.43973,-0.31986,7.3479e-20,4940,5.762,-1.5616,0,42.0
-0.095311,0.40917,-0.548,-3.0183000000000003e-20,4947,6.3357,-0.91989,0,42.0
0.001578,0.61128,-0.30257,2.8176e-20,4951,5.9608,-1.7579,0,42.0
-0.22927,0.70158,-0.16245,-2.0649e-20,4986,7.7527,-0.69096,0,42.0
-0.2139,0.80866,0.24455,2.4816e-20,5005,8.5472,-0.46122,0,42.0
-0.2116,1.0219,0.2794,-6.8562e-21,5008,8.3977,-1.1332,0,42.0
-0.14647,1.176,0.32715,1.235e-20,5021,8.5295,-1.7514,0,42.0
-0.13669,0.97849,0.46937,-4.0691999999999995e-21,5027,9.2813,-0.91101,0,42.0
-0.050765,0.90167,0.3898,2.2742e-20,5059,10.499,-1.3395,0,42.0
-0.074939,0.73819,0.42947,3.7412999999999994e-21,5075,11.684,-0.45582,0,42.0
-0.024168,0.83621,0.30391,1.1214e-20,5081,11.32,-1.7443,0,42.0
-0.10765,0.67442,0.22838,3.0712e-20,5095,12.738,-0.454,0,42.0
0.007152,1.0688,-0.0902,-3.0392999999999998e-21,5561,5.0613,-2.97,0,42.0
0.0057788,1.0968,-0.10149,1.1173e-20,5591,5.3695,-2.97,0,42.0
-0.0006999,1.1307,-0.10266,2.1472999999999997e-21,5621,5.6893,-2.97,0,42.0
-0.0095779,1.1276,-0.057435,-2.8700999999999996e-21,5623,5.6893,-3.4878,0,42.0
-0.051812,1.2452,0.027377,-1.4324e-20,5741,7.0919,-2.97,0,42.0
-0.019721,1.1334,0.03391,-5.5464e-22,5746,7.0919,-4.4072,0,42.0
-0.017141,1.1184,0.032889,6.2052e-22,5747,7.0919,-4.7572,0,42.0
-0.011876,1.0846,0.026402,6.389599999999999e-22,5750,7.0919,-5.9596,0,42.0
-0.060525,1.2244,0.13158,1.0434999999999998e-21,5801,7.874,-2.97,0,42.0
-0.030304,1.1568,0.091725,5.3122e-22,5804,7.874,-3.7739,0,42.0
-0.055048,1.1119,0.27291,-6.4044999999999995e-21,5889,9.1598,-2.5172,0,42.0
-0.013773,1.0753,0.13153,-4.769e-21,5895,9.1598,-4.08,0,42.0
-0.026581,0.9985,0.26967,5.5242e-22,5949,10.099,-2.5172,0,42.0
-0.00818,1.0129,0.17843,5.9981e-22,5953,10.099,-3.4878,0,42.0
0.0034036,1.0229,0.08623,-6.7235e-22,5958,10.099,-5.1314,0,42.0
0.00045983,0.9174,0.19402,-3.2868999999999996e-21,6011,11.109,-2.97,0,42.0
0.010108,0.95835,0.11812,-5.1462e-22,6015,11.109,-4.08,0,42.0
0.0076681,0.81259,0.15365,-1.5145e-20,6070,12.196,-2.736,0,42.0
0.021106,0.93953,0.048492,0.0,6077,12.196,-4.7572,0,42.0
0.018389,0.98081,0.025954,9.4995e-24,6080,12.196,-5.9596,0,42.0
-0.13497,1.1239,-0.21207,7.5551e-20,6745,-0.57975,-2.4134,0,42.0
0.037427,0.95832,-0.26129,-5.2177000000000003e-20,6748,-1.5316,-1.7937,0,42.0
0.063733,0.90154,-0.35091,-7.629800000000001e-20,6789,-1.3571,-1.3571,0,42.0
0.041894,0.87838,-0.45453,5.0707e-20,6819,-1.1532,-1.1532,0,42.0
-0.04348,0.82109,-0.63782,5.8035e-20,6859,-0.91393,-0.91393,0,42.0
-0.20438,0.97507,-0.62786,8.5791e-20,6860,-0.76021,-1.0465,0,42.0
-0.46307,1.0569,-0.49926,-2.0788e-20,6873,-0.46551,-1.1238,0,42.0
-0.57896,1.0372,-0.30004,5.494100000000001e-20,6876,-0.19028,-1.201,0,42.0
-0.65668,0.38245,-0.066254,-5.7816e-20,6897,-0.083909,-1.066,0,42.0
-0.24971,0.0,0.0,0.0,6898,-0.64945,-0.76041,0,42.0
-0.42828,0.0,0.0,0.0,6901,-0.5225,-0.85264,0,42.0
-0.56219,0.0,0.0,0.0,6903,-0.38268,-0.92388,0,42.0
-0.6615,0.0,0.0,0.0,6906,-0.15643,-0.98769,0,42.0
-0.6689,0.0,0.0,0.0,6907,-0.078459,-0.99692,0,42.0
0.11506,0.90338,-0.16836,-1.8757e-20,6923,-2.3204,-1.6853,0,42.0
0.2002,0.82175,-0.10616,6.318699999999999e-21,6929,-2.6029,-0.84595,0,42.0
0.3159,0.65982,-0.14705,-4.9062999999999994e-21,6991,-1.87,-0.44916,0,42.0
0.22939,0.74193,-0.26278,-4.107899999999999e-21,6994,-1.7142,-0.87328,0,42.0
0.15135,0.81695,-0.31768,5.1168e-20,6996,-1.5553,-1.1297,0,42.0
0.41076,0.518,-0.072691,4.3786e-20,7016,-1.6271,-0.12817,0,42.0
0.33983,0.58545,-0.24957,-5.957e-20,7019,-1.5541,-0.50503,0,42.0
0.21121,0.68782,-0.42155,6.3728e-20,7031,-1.3165,-0.80663,0,42.0
0.45807,0.37667,-0.18112,-3.9975e-20,7044,-1.3568,-0.21499,0,42.0
0.39519,0.3901,-0.36652,-5.730800000000001e-20,7055,-1.2306,-0.39989,0,42.0
0.19963,0.58304,-0.55502,9.1308e-20,7058,-1.1031,-0.67593,0,42.0
0.039531,0.74029,-0.6232,1.0221e-19,7060,-0.98326,-0.83971,0,42.0
0.50582,0.15008,-0.20419,2.6985e-20,7071,-1.1273,-0.17859,0,42.0
0.34074,0.17346,-0.3189,-1.4646e-19,7083,-0.98812,-0.40929,0,42.0
0.53053,0.0,0.0,0.0,7089,-0.98769,-0.15643,0,42.0
0.48358,0.0,0.0,0.0,7090,-0.97237,-0.23345,0,42.0
0.16173,0.0,0.0,0.0,7094,-0.85264,-0.5225,0,42.0
-0.044952,0.0,0.0,0.0,7096,-0.76041,-0.64945,0,42.0
0.1656,0.87333,-0.030645,5.2388999999999994e-21,7368,-3.5732,-0.46918,0,42.0
0.14692,0.88845,-0.071956,1.8703e-20,7371,-3.3916,-1.1488,0,42.0
0.058087,0.97899,-0.068246,-3.024e-21,8062,-4.1311,-3.4878,0,42.0
-0.040485,1.0582,-0.11234,1.3174e-20,8451,-1.1464,-3.8396,0,42.0
-0.087344,1.097,-0.098742,2.54e-20,8570,-0.23491,-3.8016,0,42.0
-0.06168,1.0791,-0.07604,-4.559699999999999e-21,8573,-0.23383,-4.5663,0,42.0
-0.30286,0.0,0.0,0.0,82,0.70711,0.70711,0,43.0
-0.29926,-0.0080724,0.011883,-2.8786e-20,87,0.85936,0.85936,0,43.0
-0.29514,0.12675,0.0044781,2.8939e-20,92,0.89178,1.0442,0,43.0
-0.25091,0.47263,0.012429,-2.0618e-20,101,1.2866,1.2866,0,43.0
-0.20603,1.1296,0.088444,-9.8925e-21,112,1.5316,1.7937,0,43.0
-0.17939,1.2436,0.093073,-2.7630999999999996e-21,120,1.8605,2.1789,0,43.0
-0.31159,0.0556,0.0089995,-7.314199999999999e-21,126,0.71472,0.98382,0,43.0
-0.33427,0.0,0.0,0.0,145,0.5225,0.85264,0,43.0
-0.30726,0.33388,0.012369,-1.5098e-20,149,0.71792,1.1717,0,43.0
-0.24506,1.092,0.10657,-6.6938e-20,155,1.0047,1.6399,0,43.0
-0.33053,0.18206,0.0018441,2.08e-20,168,0.5522,1.0838,0,43.0
-0.32405,0.60478,0.046594,-1.5611000000000002e-20,191,0.52598,1.2698,0,43.0
-0.38484,0.0,0.0,0.0,208,0.30902,0.95106,0,43.0
-0.35679,0.37143,0.014798,4.0981e-20,210,0.37591,1.1568,0,43.0
-0.26584,1.1959,0.18176,9.8275e-21,216,0.5338,1.6426,0,43.0
-0.37159,0.48086,0.03568,6.7316e-20,231,0.28397,1.1826,0,43.0
-0.34145,0.86984,0.11996,-3.8128e-20,233,0.32087,1.3362,0,43.0
-0.24088,1.2424,0.21408,-5.3515e-20,238,0.42578,1.7727,0,43.0
-0.4157,0.45645,0.051366,-2.0651000000000002e-20,272,0.089562,1.1377,0,43.0
-0.37551,0.90447,0.17146,8.577099999999999e-21,274,0.1015,1.289,0,43.0
-0.45755,0.0,0.0,0.0,292,0.0,1.0,0,43.0
-0.37176,0.0,0.0,0.0,313,1.0,0.0,0,43.0
-0.35829,-0.031318,-0.13434,-1.0218e-20,319,1.212,0.095424,0,43.0
-0.37866,-0.054604,-0.15871,2.6495e-20,320,1.2925,0.0,0,43.0
-0.384,-0.094905,-0.13065,6.3803e-20,324,1.4555,0.0,0,43.0
-0.3613,-0.098161,-0.10202,2.3455000000000002e-20,325,1.4519,0.11435,0,43.0
-0.36392,-0.17897,-0.0029654,-1.1527e-20,333,1.8155,0.14304,0,43.0
-0.4047,-0.20067,0.098945,-1.6014e-20,338,2.1297,0.0,0,43.0
-0.37466,-0.20232,0.37362,1.9155e-20,348,2.7283,0.0,0,43.0
-0.33631,0.0,0.0,0.0,355,0.98769,0.15643,0,43.0
-0.31666,-0.19759,0.11947,7.534699999999999e-21,367,2.1071,0.33402,0,43.0
-0.32653,-0.02371,-0.082024,-1.016e-20,378,1.1826,0.28397,0,43.0
-0.32591,-0.044433,-0.076318,-1.8844e-20,379,1.258,0.30208,0,43.0
-0.32252,-0.085099,-0.048272,-9.566e-21,381,1.4172,0.34035,0,43.0
-0.2837,-0.10078,0.040696,7.1561e-21,406,1.7344,0.56364,0,43.0
-0.2454,-0.050917,0.1341,7.373099999999999e-21,410,2.137,0.69452,0,43.0
-0.22213,0.059023,0.206,-1.004e-20,413,2.4799,0.80599,0,43.0
-0.21913,0.11219,0.22439,-2.0143e-21,414,2.6029,0.84595,0,43.0
-0.30226,0.0,0.0,0.0,418,0.92388,0.38268,0,43.0
-0.236,0.0070904,0.088858,-2.6225e-20,430,1.973,0.81724,0,43.0
-0.29877,-0.023491,-0.022934,6.5934e-22,441,1.0838,0.5522,0,43.0
-0.2883,-0.049198,-0.0088045,-3.2479e-20,444,1.2989,0.66178,0,43.0
-0.20431,0.20215,0.087797,9.904899999999999e-21,453,2.1054,1.0726,0,43.0
-0.29373,0.0,0.0,0.0,460,0.85264,0.5225,0,43.0
-0.24839,0.057059,0.013361,-2.3061e-20,469,1.5546,0.95244,0,43.0
-0.29405,-0.026258,0.00031991,-4.4924999999999996e-21,483,0.98382,0.71472,0,43.0
-0.28688,-0.020706,-0.0041833,1.6130000000000002e-20,485,1.1114,0.8074,0,43.0
-0.21576,0.3829,0.02547,-2.8179e-20,493,1.7261,1.2538,0,43.0
-0.30607,-0.13107,0.47601,5.2919000000000004e-20,523,3.187,0.23587,0,43.0
-0.30907,-0.048416,0.5073,2.6968e-21,528,3.8141,0.0,0,43.0
-0.32222,0.097104,0.32765,5.327e-20,532,4.2681,0.0,0,43.0
-0.35941,0.22815,0.24379,4.13e-20,533,4.2628,0.23492,0,43.0
-0.28756,0.43195,-0.27655,-3.0508e-20,540,5.282,0.0,0,43.0
-0.27558,0.61437,-0.45522,-3.1527e-20,543,5.5544,0.23377,0,43.0
-0.18112,0.679,-0.5812,7.1956e-20,547,6.1409,0.23326,0,43.0
-0.14047,0.62255,-0.58187,-3.3126e-20,548,6.4555,0.0,0,43.0
-0.11593,0.58524,-0.55404,-3.4825e-20,554,7.4555,0.0,0,43.0
-0.15092,0.53175,-0.30655,3.5459000000000003e-20,561,8.5669,0.23111,0,43.0
-0.15716,0.65078,0.13748,-2.1728e-20,565,9.382,0.23039,0,43.0
-0.09385,0.82982,0.49305,3.6606e-21,570,10.726,0.0,0,43.0
-0.10876,0.77352,0.44348,-7.211599999999999e-21,626,12.738,0.454,0,43.0
-0.38447,0.53838,0.10007,2.0154e-20,641,4.1971,0.69968,0,43.0
-0.39668,0.69553,-0.13992,2.4963e-20,643,4.6868,0.69847,0,43.0
-0.14344,0.80704,-0.56362,5.847e-21,649,6.3905,0.6943,0,43.0
-0.080275,0.62306,-0.44668,-7.8249e-21,653,7.7527,0.69096,0,43.0
-0.073214,0.79838,0.49183,-1.1783e-22,662,11.654,0.68139,0,43.0
-0.2642,0.36808,0.25906,-2.5623e-20,675,3.2568,0.92918,0,43.0
-0.32249,0.52388,0.19446,3.5303e-20,677,3.6808,0.9279,0,43.0
-0.33613,0.93223,-0.4033,-8.148699999999999e-21,683,5.1561,0.92345,0,43.0
-0.23071,0.46873,0.19038,8.7449e-21,712,2.9753,1.1514,0,43.0
-0.35666,0.82303,0.0041568,7.7602e-22,717,4.0596,1.1477,0,43.0
-0.17762,0.97045,-0.522,1.4963e-20,724,5.9526,1.1414,0,43.0
-0.062604,0.53139,-0.057559,1.9464e-20,733,9.2192,1.1304,0,43.0
-0.34568,1.0784,-0.20108,1.0012e-20,757,4.4592,1.3602,0,43.0
-0.2627,1.1157,-0.43865,-1.3743e-20,760,5.2716,1.3574,0,43.0
-0.056439,0.79341,-0.38845,5.379299999999999e-21,766,7.19,1.3508,0,43.0
-0.035798,0.60827,-0.288,-3.0034e-20,769,8.319,1.347,0,43.0
-0.038105,0.70312,0.34964,-6.0958e-20,774,10.499,1.3395,0,43.0
-0.26438,0.97829,0.040509,4.0636999999999995e-21,791,3.3928,1.5691,0,43.0
-0.30496,1.0886,-0.053926,-4.6861e-20,793,3.8541,1.5676,0,43.0
-0.28158,1.1997,-0.34579,2.5705e-22,797,4.8843,1.5643,0,43.0
-0.13011,1.0063,-0.44085,1.125e-20,801,6.0767,1.5606,0,43.0
-0.040471,0.79326,0.44518,-7.4849e-21,814,11.41,1.5437,0,43.0
-0.209,1.067,0.058572,-1.5277999999999998e-21,828,2.8331,1.7658,0,43.0
-0.2448,1.2688,-0.051785,1.9650000000000002e-20,871,3.586,1.9485,0,43.0
-0.255,1.2958,-0.15255,8.078199999999999e-21,873,4.0873,1.9478,0,43.0
-0.2149,1.2391,-0.30726,-4.5498e-20,876,4.9116,1.9466,0,43.0
-0.15742,1.1348,-0.36219,2.5202000000000002e-20,878,5.5135,1.9457,0,43.0
-0.046653,0.9433,-0.28328,-1.0550000000000001e-20,961,6.7218,2.3126,0,43.0
-0.1396,1.1821,-0.24258,2.0563e-20,996,5.0613,2.5172,0,43.0
-0.10027,1.0942,-0.27244,9.5121e-21,998,5.6893,2.5172,0,43.0
-0.01046,0.8654,-0.20823,-8.4239e-21,1003,7.4758,2.5172,0,43.0
0.032554,0.7105,0.11813,4.681599999999999e-22,1049,10.099,2.736,0,43.0
0.019083,0.7882,0.27727,-1.1903e-20,1051,11.109,2.736,0,43.0
0.03314,0.78915,0.0011111,1.9098999999999998e-21,1087,9.1598,2.97,0,43.0
-0.010147,0.9727,0.27786,1.0727e-20,1093,12.196,2.97,0,43.0
-0.094954,1.139,-0.16783,2.3219e-21,1116,5.0613,3.2202,0,43.0
-0.020883,0.99581,-0.1356,-3.8456e-21,1201,6.7218,3.7739,0,43.0
0.030816,0.91598,0.016583,2.0087e-21,1247,9.1598,4.08,0,43.0
0.033436,1.0114,0.14491,-8.357799999999999e-22,1251,11.109,4.08,0,43.0
-0.01337,1.0157,-0.081465,2.82e-21,1321,6.7218,4.7572,0,43.0
0.019562,1.1079,0.068565,0.0,1333,12.196,4.7572,0,43.0
-0.066486,1.125,0.15317,2.849e-20,2145,-4.3934e-16,3.1819,0,43.0
-0.044766,1.1084,0.11975,-1.5103e-20,2175,-4.2301e-16,3.807,0,43.0
-0.033139,1.0982,0.099687,-8.020899999999999e-21,2195,-4.1015e-16,4.2993,0,43.0
0.12386,0.89666,0.26994,3.8692e-20,2456,-1.5845,1.5845,0,43.0
0.11133,0.84223,0.43699,-4.4411e-20,2468,-1.1532,1.1532,0,43.0
0.0027384,0.87322,0.57415,-4.3813e-20,2475,-0.89178,1.0442,0,43.0
-0.064911,0.79145,0.61359,-4.2880999999999994e-21,2479,-0.78951,0.92446,0,43.0
-0.13243,0.0,0.0,0.0,2484,-0.64945,0.76041,0,43.0
-0.0068522,0.94815,0.4895,6.3506e-20,2499,-0.90709,1.2487,0,43.0
-0.11995,1.0028,0.55834,6.698299999999999e-21,2522,-0.71792,1.1717,0,43.0
-0.28629,0.0,0.0,0.0,2527,-0.5225,0.85264,0,43.0
0.010014,1.0219,0.26829,-1.3874e-20,2533,-1.0726,2.1054,0,43.0
-0.26453,0.95001,0.52583,-1.5737e-20,2545,-0.5522,1.0838,0,43.0
-0.39618,0.0,0.0,0.0,2569,-0.38268,0.92388,0,43.0
-0.26224,1.1404,0.47018,3.4983999999999995e-21,2585,-0.42475,1.3071,0,43.0
-0.35276,0.97984,0.41688,-5.2068e-20,2587,-0.37591,1.1568,0,43.0
-0.46554,0.0,0.0,0.0,2632,-0.15643,0.98769,0,43.0
-0.11767,1.1526,0.24396,-4.6374e-20,2639,-0.17623,2.2362,0,43.0
-0.18635,1.195,0.30237,-9.053399999999999e-21,2643,-0.14304,1.8155,0,43.0
-0.33706,1.1548,0.32841,-1.2488000000000002e-19,2648,-0.10781,1.369,0,43.0
-0.40622,0.86918,0.22377,3.5308e-20,2650,-0.095424,1.212,0,43.0
-0.43253,0.62018,0.13869,5.7038e-20,2651,-0.089562,1.1377,0,43.0
0.25046,0.77419,-0.010552,-8.474199999999999e-22,2660,-2.5997,0.0,0,43.0
0.31467,0.68608,-0.014356,5.8918e-22,2668,-2.1297,0.0,0,43.0
0.41783,0.51451,0.042721,-4.7954e-20,2679,-1.6271,0.12817,0,43.0
0.48834,0.34927,-0.026127,-4.252999999999999e-22,2684,-1.3725,0.0,0,43.0
0.52897,0.20259,-0.028882,-1.2551e-20,2688,-1.2153,0.0,0,43.0
0.5634,0.04943,-0.019915,-7.9565e-23,2692,-1.0692,0.0,0,43.0
0.57364,0.0,0.0,0.0,2695,-1.0,0.0,0,43.0
0.47358,0.36886,0.14324,4.0209e-20,2711,-1.3568,0.21499,0,43.0
0.52408,0.14279,0.16271,-1.8212e-20,2714,-1.1273,0.17859,0,43.0
0.54975,0.0,0.0,0.0,2716,-0.98769,0.15643,0,43.0
0.39145,0.54484,0.16499,-7.8261e-20,2729,-1.5885,0.38151,0,43.0
0.21915,0.81395,0.095204,-7.552499999999999e-21,2740,-2.6029,0.84595,0,43.0
0.31611,0.67034,0.16783,2.3669000000000002e-20,2747,-1.8296,0.59459,0,43.0
0.36684,0.57154,0.22127,6.1057e-20,2750,-1.5541,0.50503,0,43.0
0.41525,0.43329,0.29814,-6.1549e-20,2753,-1.3071,0.42475,0,43.0
0.44324,0.21788,0.33244,8.565e-20,2756,-1.0857,0.35279,0,43.0
0.46004,0.0,0.0,0.0,2758,-0.95106,0.30902,0,43.0
0.2983,0.64456,0.31913,-2.1791000000000002e-20,2792,-1.456,0.74178,0,43.0
0.31401,0.33265,0.46321,-1.6763000000000002e-19,2798,-1.0172,0.51827,0,43.0
0.31731,0.0,0.0,0.0,2800,-0.89101,0.45399,0,43.0
0.22559,0.77569,0.25326,-4.756e-21,2809,-1.7284,1.0589,0,43.0
0.25619,0.68911,0.35912,2.2641e-20,2813,-1.393,0.85347,0,43.0
0.26313,0.59638,0.47673,5.2324e-20,2816,-1.1717,0.71792,0,43.0
0.15326,0.46901,0.54135,2.2171e-19,2840,-0.92341,0.67086,0,43.0
0.14128,0.0,0.0,0.0,2842,-0.80902,0.58779,0,43.0
0.12973,0.91419,0.16446,2.1248e-20,2844,-2.2843,1.9505,0,43.0
0.16158,0.78904,0.41844,-3.8427e-20,2855,-1.2411,1.0599,0,43.0
0.13534,0.7323,0.54744,-1.5077e-20,2858,-1.0442,0.89178,0,43.0
0.14004,0.9058,-0.0045885,-1.1401e-21,2912,-4.3358,0.0,0,43.0
0.17237,0.87115,0.023193,-6.584e-21,2951,-3.5732,0.46918,0,43.0
0.16733,0.87789,0.051904,-1.1108e-20,3011,-3.47,0.92747,0,43.0
0.079213,0.97664,0.076234,2.7445e-21,3372,-3.8187,3.4878,0,43.0
0.020072,1.0392,0.11127,-1.7477e-22,4180,-1.5637,4.1771,0,43.0
-0.50268,0.0,0.0,0.0,4394,0.64945,-0.76041,0,43.0
-0.55179,0.0,0.0,0.0,4402,0.45399,-0.89101,0,43.0
-0.5968,0.0,0.0,0.0,4406,0.30902,-0.95106,0,43.0
-0.64259,0.0,0.0,0.0,4410,0.15643,-0.98769,0,43.0
-0.60461,0.83511,-0.1097,-4.1144e-20,4436,0.095424,-1.212,0,43.0
-0.50544,0.32068,0.010717,1.4737e-20,4441,0.67593,-1.1031,0,43.0
-0.50913,0.63121,0.0007454,1.432e-20,4453,0.62391,-1.2246,0,43.0
-0.52778,1.2518,-0.26426,1.745e-19,4459,-8.2717e-17,-1.3725,0,43.0
-0.48375,1.2048,-0.10342,-3.714e-20,4477,0.47729,-1.4687,0,43.0
-0.47437,0.48726,-0.0045798,1.4680999999999998e-21,4483,1.1532,-1.1532,0,43.0
-0.472,0.98092,-0.013079,-2.0499e-20,4485,0.85347,-1.393,0,43.0
-0.33819,1.2898,-0.24237,-3.7256e-20,4514,-1.8199e-16,-1.8196,0,43.0
-0.24319,1.2237,-0.18669,7.4718e-20,4558,-2.7552e-16,-2.2408,0,43.0
-0.39339,1.2831,0.05781,2.139e-20,4559,1.5316,-1.7937,0,43.0
-0.28956,1.2261,0.1257,-1.1973e-20,4615,2.1213,-2.1213,0,43.0
-0.41098,0.0,0.0,0.0,4627,0.98769,-0.15643,0,43.0
-0.44428,0.0,0.0,0.0,4631,0.95106,-0.30902,0,43.0
-0.46593,0.0,0.0,0.0,4635,0.89101,-0.45399,0,43.0
-0.48484,0.0,0.0,0.0,4641,0.76041,-0.64945,0,43.0
-0.44236,-0.038074,-0.16012,3.3113e-20,4646,1.0857,-0.35279,0,43.0
-0.4784,-0.026842,-0.057812,1.4124e-20,4651,0.86777,-0.74111,0,43.0
-0.41407,-0.040475,-0.19342,8.550000000000001e-21,4653,1.201,-0.19028,0,43.0
-0.46029,-0.035507,-0.15703,-7.991099999999999e-21,4657,1.0838,-0.5522,0,43.0
-0.4461,-0.036993,-0.20586,1.0048999999999998e-21,4664,1.2306,-0.39989,0,43.0
-0.4713,0.02956,-0.074485,5.0183e-21,4669,0.98326,-0.83971,0,43.0
-0.46405,0.0043875,-0.17246,-1.2887000000000001e-20,4675,1.2246,-0.62391,0,43.0
-0.42791,-0.066087,-0.17609,-5.9138e-20,4680,1.4391,-0.22804,0,43.0
-0.45808,-0.017073,-0.19077,1.4029e-20,4682,1.3864,-0.45054,0,43.0
-0.46981,0.15843,-0.061366,-1.567e-21,4687,1.1075,-0.94578,0,43.0
-0.43323,-0.13026,-0.047742,-3.3365e-20,4715,1.8155,-0.14304,0,43.0
-0.51633,0.2978,-0.024248,-2.2264e-20,4729,1.7142,-0.87328,0,43.0
-0.48827,-0.054892,0.070722,1.7865e-20,4743,2.1071,-0.33402,0,43.0
-0.53166,0.17805,0.052993,-2.16e-20,4745,2.0308,-0.65999,0,43.0
-0.52974,0.45116,0.063229,-1.2747e-20,4747,1.9027,-0.96929,0,43.0
-0.49923,0.78399,0.084887,2.7688e-20,4749,1.7261,-1.2538,0,43.0
-0.52555,0.32117,0.224,1.4822e-20,4772,2.3614,-0.76747,0,43.0
-0.50874,0.37185,0.28172,8.099000000000001e-20,4781,2.4799,-0.80599,0,43.0
-0.34606,0.70573,0.40136,-7.2297e-22,4818,2.9753,-1.1514,0,43.0
-0.32142,0.032108,0.55068,8.9838e-20,4825,3.3622,-0.47016,0,43.0
-0.26602,0.99205,0.31877,-5.0066e-20,4830,2.9641,-1.5704,0,43.0
-0.25445,1.1429,0.21409,-1.0589e-20,4832,2.6869,-1.9499,0,43.0
-0.21863,0.14553,0.53325,1.4149e-20,4846,3.7419,-0.70079,0,43.0
-0.1656,0.73811,0.36286,-1.7682e-20,4849,3.5057,-1.3635,0,43.0
-0.2724,0.011689,0.40517,4.3516e-20,4864,4.2628,-0.23492,0,43.0
-0.16106,0.061982,0.47415,-3.07e-20,4866,4.1971,-0.69968,0,43.0
-0.084201,0.40679,0.37643,-1.5919e-20,4868,4.0596,-1.1477,0,43.0
-0.07406,0.7544,0.26725,7.805699999999999e-21,4870,3.8541,-1.5676,0,43.0
-0.20734,0.087018,0.20284,-1.4536e-20,4885,4.728,-0.4678,0,43.0
-0.0072215,0.42819,0.24899,-1.7421e-20,4889,4.4592,-1.3602,0,43.0
-0.027034,0.84859,0.14589,3.9104999999999996e-21,4892,4.0873,-1.9478,0,43.0
-0.023872,0.19721,0.22042,-3.4311e-20,4898,4.812,-1.1452,0,43.0
-0.07264,0.15621,0.046719,5.724e-20,4907,5.1561,-0.92345,0,43.0
-0.12109,0.25366,-0.19208,-5.3824e-20,4916,5.492,-0.6965,0,43.0
0.058844,0.54368,0.027363,1.633e-22,4921,5.0459,-1.7602,0,43.0
-0.023892,0.26281,-0.16233,6.21e-20,4928,5.6516,-1.1424,0,43.0
-0.098875,0.40325,-0.42719,4.3619e-20,4936,6.08,-0.69506,0,43.0
0.039746,0.3588,-0.14858,7.3092e-20,4940,5.762,-1.5616,0,43.0
-0.065977,0.42171,-0.44643,-6.4264e-20,4947,6.3357,-0.91989,0,43.0
0.050785,0.4596,-0.19849,1.6263e-20,4951,5.9608,-1.7579,0,43.0
-0.14774,0.5691,-0.52842,-2.1758e-20,4986,7.7527,-0.69096,0,43.0
-0.20894,0.65925,-0.22534,2.4005000000000002e-20,5005,8.5472,-0.46122,0,43.0
-0.20845,0.84486,-0.14763,3.6014e-21,5008,8.3977,-1.1332,0,43.0
-0.17725,1.1214,0.074486,2.1649e-20,5021,8.5295,-1.7514,0,43.0
-0.20771,0.95199,0.26921,-3.1923999999999997e-21,5027,9.2813,-0.91101,0,43.0
-0.084178,0.99736,0.42818,1.7827e-20,5059,10.499,-1.3395,0,43.0
-0.068204,0.82668,0.44793,2.1098999999999996e-21,5075,11.684,-0.45582,0,43.0
-0.038306,0.92806,0.34187,5.912699999999999e-21,5081,11.32,-1.7443,0,43.0
-0.078955,0.73395,0.40409,1.6322e-20,5095,12.738,-0.454,0,43.0
0.019394,0.98236,-0.053869,-6.449099999999999e-21,5561,5.0613,-2.97,0,43.0
0.027619,0.9958,-0.084742,1.2012e-20,5591,5.3695,-2.97,0,43.0
0.030843,1.0192,-0.11241,5.543699999999999e-21,5621,5.6893,-2.97,0,43.0
0.012968,1.0523,-0.072655,-6.656799999999999e-21,5623,5.6893,-3.4878,0,43.0
-0.01141,1.1878,-0.10178,-8.1528e-21,5741,7.0919,-2.97,0,43.0
-0.0053432,1.1208,-0.012867,1.2702e-22,5746,7.0919,-4.4072,0,43.0
-0.0058074,1.1091,-0.0046653,4.7836e-22,5747,7.0919,-4.7572,0,43.0
-0.0066946,1.0816,0.0078278,1.9097e-22,5750,7.0919,-5.9596,0,43.0
-0.045305,1.2512,0.008613,-1.4266999999999998e-21,5801,7.874,-2.97,0,43.0
-0.018289,1.1759,0.020724,-7.5807e-22,5804,7.874,-3.7739,0,43.0
-0.081608,1.2187,0.22694,-8.980599999999999e-21,5889,9.1598,-2.5172,0,43.0
-0.01646,1.1231,0.10293,-3.8639e-21,5895,9.1598,-4.08,0,43.0
-0.04895,1.0977,0.27719,6.648899999999999e-22,5949,10.099,-2.5172,0,43.0
-0.018855,1.0815,0.17569,1.7219e-21,5953,10.099,-3.4878,0,43.0
9.1184e-05,1.0546,0.083699,-9.266e-22,5958,10.099,-5.1314,0,43.0
-0.012033,0.99121,0.22098,-4.1421999999999996e-21,6011,11.109,-2.97,0,43.0
0.0020732,1.0071,0.13678,-4.8121e-22,6015,11.109,-4.08,0,43.0
-0.00092356,0.88791,0.20454,-1.3194e-20,6070,12.196,-2.736,0,43.0
0.014939,0.96634,0.081,0.0,6077,12.196,-4.7572,0,43.0
0.014801,0.99366,0.045895,-2.0709e-22,6080,12.196,-5.9596,0,43.0
-0.13843,1.1347,-0.21332,7.6007e-20,6745,-0.57975,-2.4134,0,43.0
0.034759,0.96578,-0.26638,-5.3038e-20,6748,-1.5316,-1.7937,0,43.0
0.059982,0.90957,-0.35819,-7.6381e-20,6789,-1.3571,-1.3571,0,43.0
0.036425,0.88747,-0.46333,5.0938e-20,6819,-1.1532,-1.1532,0,43.0
-0.05316,0.83168,-0.64878,6.0019e-20,6859,-0.91393,-0.91393,0,43.0
-0.21503,0.98727,-0.63738,8.7026e-20,6860,-0.76021,-1.0465,0,43.0
-0.47546,1.0701,-0.50617,-2.0254e-20,6873,-0.46551,-1.1238,0,43.0
-0.58932,1.0499,-0.30456,5.6012e-20,6876,-0.19028,-1.201,0,43.0
-0.66685,0.38524,-0.067209,-5.5855e-20,6897,-0.083909,-1.066,0,43.0
-0.2644,0.0,0.0,0.0,6898,-0.64945,-0.76041,0,43.0
-0.44361,0.0,0.0,0.0,6901,-0.5225,-0.85264,0,43.0
-0.57705,0.0,0.0,0.0,6903,-0.38268,-0.92388,0,43.0
-0.67341,0.0,0.0,0.0,6906,-0.15643,-0.98769,0,43.0
-0.67929,0.0,0.0,0.0,6907,-0.078459,-0.99692,0,43.0
0.11364,0.90807,-0.1733,-1.8742e-20,6923,-2.3204,-1.6853,0,43.0
0.19968,0.82421,-0.11251,6.233299999999999e-21,6929,-2.6029,-0.84595,0,43.0
0.31494,0.66233,-0.15677,-4.1535e-21,6991,-1.87,-0.44916,0,43.0
0.22707,0.74691,-0.27174,-4.7441e-21,6994,-1.7142,-0.87328,0,43.0
0.14824,0.82349,-0.32589,5.1038e-20,6996,-1.5553,-1.1297,0,43.0
0.41053,0.51893,-0.084496,4.2931e-20,7016,-1.6271,-0.12817,0,43.0
0.33756,0.58927,-0.26087,-5.8657e-20,7019,-1.5541,-0.50503,0,43.0
0.20652,0.6947,-0.43246,6.4352e-20,7031,-1.3165,-0.80663,0,43.0
0.4564,0.37886,-0.19499,-3.9430000000000005e-20,7044,-1.3568,-0.21499,0,43.0
0.39091,0.39463,-0.38053,-5.6928e-20,7055,-1.2306,-0.39989,0,43.0
0.19231,0.59078,-0.56779,9.6256e-20,7058,-1.1031,-0.67593,0,43.0
0.030534,0.74998,-0.63482,1.0588000000000001e-19,7060,-0.98326,-0.83971,0,43.0
0.50302,0.15213,-0.21753,2.8186e-20,7071,-1.1273,-0.17859,0,43.0
0.33293,0.17685,-0.32739,-1.4583000000000002e-19,7083,-0.98812,-0.40929,0,43.0
0.52732,0.0,0.0,0.0,7089,-0.98769,-0.15643,0,43.0
0.4787,0.0,0.0,0.0,7090,-0.97237,-0.23345,0,43.0
0.15087,0.0,0.0,0.0,7094,-0.85264,-0.5225,0,43.0
-0.058094,0.0,0.0,0.0,7096,-0.76041,-0.64945,0,43.0
0.16586,0.8741,-0.035333,5.160199999999999e-21,7368,-3.5732,-0.46918,0,43.0
0.14665,0.89043,-0.076412,1.8826e-20,7371,-3.3916,-1.1488,0,43.0
0.057291,0.98141,-0.069657,-3.0462e-21,8062,-4.1311,-3.4878,0,43.0
-0.043022,1.0642,-0.11107,1.3429e-20,8451,-1.1464,-3.8396,0,43.0
-0.090999,1.1046,-0.094958,2.5875e-20,8570,-0.23491,-3.8016,0,43.0
-0.064947,1.0842,-0.071656,-4.6794999999999994e-21,8573,-0.23383,-4.5663,0,43.0
-0.3333,0.0,0.0,0.0,82,0.70711,0.70711,0,44.0
-0.33069,0.0022627,0.0060221,-2.7640000000000004e-20,87,0.85936,0.85936,0,44.0
-0.32858,0.14708,-0.0065645,2.7131e-20,92,0.89178,1.0442,0,44.0
-0.28196,0.49108,-0.019709,-2.6498e-20,101,1.2866,1.2866,0,44.0
-0.21119,1.1052,0.064144,-1.8732e-20,112,1.5316,1.7937,0,44.0
-0.16751,1.204,0.086116,-1.4958999999999999e-21,120,1.8605,2.1789,0,44.0
-0.3434,0.069604,0.0031085,-4.3631e-21,126,0.71472,0.98382,0,44.0
-0.36564,0.0,0.0,0.0,145,0.5225,0.85264,0,44.0
-0.33885,0.35296,0.002761,-1.3359e-20,149,0.71792,1.1717,0,44.0
-0.26653,1.0882,0.087734,-8.265600000000001e-20,155,1.0047,1.6399,0,44.0
-0.36118,0.19725,-0.0044129,2.1616e-20,168,0.5522,1.0838,0,44.0
-0.35285,0.61934,0.038172,-1.8672e-20,191,0.52598,1.2698,0,44.0
-0.41371,0.0,0.0,0.0,208,0.30902,0.95106,0,44.0
-0.38535,0.38572,0.0097086,3.8541e-20,210,0.37591,1.1568,0,44.0
-0.28702,1.1928,0.16964,1.0865000000000001e-20,216,0.5338,1.6426,0,44.0
-0.39872,0.49389,0.031364,6.5176e-20,231,0.28397,1.1826,0,44.0
-0.36683,0.87864,0.11281,-3.9181e-20,233,0.32087,1.3362,0,44.0
-0.25897,1.2364,0.2032,-5.7723e-20,238,0.42578,1.7727,0,44.0
-0.43981,0.46639,0.049671,-1.1029e-20,272,0.089562,1.1377,0,44.0
-0.39816,0.91145,0.1668,1.1649e-20,274,0.1015,1.289,0,44.0
-0.47984,0.0,0.0,0.0,292,0.0,1.0,0,44.0
-0.38096,0.0,0.0,0.0,313,1.0,0.0,0,44.0
-0.369,-0.022634,-0.19953,-9.615699999999999e-21,319,1.212,0.095424,0,44.0
-0.38601,-0.041128,-0.23828,2.0516e-20,320,1.2925,0.0,0,44.0
-0.39229,-0.0754,-0.23753,4.8627e-20,324,1.4555,0.0,0,44.0
-0.37396,-0.085529,-0.21132,2.5759e-20,325,1.4519,0.11435,0,44.0
-0.38526,-0.16346,-0.15971,1.1789e-22,333,1.8155,0.14304,0,44.0
-0.43554,-0.15674,-0.084978,-1.0760000000000001e-20,338,2.1297,0.0,0,44.0
-0.43217,-0.13969,0.19708,1.7439e-20,348,2.7283,0.0,0,44.0
-0.34876,0.0,0.0,0.0,355,0.98769,0.15643,0,44.0
-0.3457,-0.21541,-0.063897,-2.393e-21,367,2.1071,0.33402,0,44.0
-0.34168,-0.019431,-0.14195,-7.292199999999999e-21,378,1.1826,0.28397,0,44.0
-0.34187,-0.042019,-0.15233,-1.5105e-20,379,1.258,0.30208,0,44.0
-0.34091,-0.088512,-0.15134,-1.0175e-20,381,1.4172,0.34035,0,44.0
-0.30836,-0.13475,-0.096443,6.0494999999999996e-21,406,1.7344,0.56364,0,44.0
-0.26059,-0.12765,-0.025708,8.3881e-21,410,2.137,0.69452,0,44.0
-0.21063,-0.067207,0.062462,-5.2778e-20,413,2.4799,0.80599,0,44.0
-0.19403,-0.033241,0.095917,3.0279000000000003e-20,414,2.6029,0.84595,0,44.0
-0.31882,0.0,0.0,0.0,418,0.92388,0.38268,0,44.0
-0.25298,-0.060331,-0.049367,-4.0443e-20,430,1.973,0.81724,0,44.0
-0.32097,-0.023454,-0.054687,3.9623e-21,441,1.0838,0.5522,0,44.0
-0.31458,-0.058967,-0.075701,-2.5489e-20,444,1.2989,0.66178,0,44.0
-0.20403,0.12879,-0.024146,2.7016e-20,453,2.1054,1.0726,0,44.0
-0.31615,0.0,0.0,0.0,460,0.85264,0.5225,0,44.0
-0.27825,0.04325,-0.066668,-2.7492e-20,469,1.5546,0.95244,0,44.0
-0.32201,-0.022192,-0.013177,-4.254e-21,483,0.98382,0.71472,0,44.0
-0.31773,-0.014067,-0.032849,1.5984e-20,485,1.1114,0.8074,0,44.0
-0.23312,0.37425,-0.040112,-5.1852e-20,493,1.7261,1.2538,0,44.0
-0.31852,-0.16902,0.3879,6.1852e-20,523,3.187,0.23587,0,44.0
-0.2899,-0.041981,0.59185,-2.3597e-20,528,3.8141,0.0,0,44.0
-0.25873,0.013566,0.58946,3.2719e-20,532,4.2681,0.0,0,44.0
-0.26931,0.055181,0.52815,2.388e-20,533,4.2628,0.23492,0,44.0
-0.28083,0.3192,0.10725,-4.6004e-20,540,5.282,0.0,0,44.0
-0.30973,0.52739,-0.13913,5.959e-21,543,5.5544,0.23377,0,44.0
-0.24416,0.66855,-0.43128,7.5316e-20,547,6.1409,0.23326,0,44.0
-0.18459,0.62702,-0.4915,-8.9207e-20,548,6.4555,0.0,0,44.0
-0.10736,0.68696,-0.5573,-1.4996e-22,554,7.4555,0.0,0,44.0
-0.10752,0.61345,-0.4932,1.7787e-20,561,8.5669,0.23111,0,44.0
-0.14727,0.57709,-0.28442,-2.7742e-20,565,9.382,0.23039,0,44.0
-0.13903,0.79208,0.37563,9.695899999999999e-21,570,10.726,0.0,0,44.0
-0.077873,0.8084,0.48082,-9.135699999999999e-21,626,12.738,0.454,0,44.0
-0.26704,0.30163,0.35478,3.5220000000000005e-20,641,4.1971,0.69968,0,44.0
-0.32405,0.51138,0.17958,-2.5468000000000002e-20,643,4.6868,0.69847,0,44.0
-0.2093,0.8793,-0.53432,1.6703000000000002e-20,649,6.3905,0.6943,0,44.0
-0.083778,0.75754,-0.4832,-1.0271000000000001e-20,653,7.7527,0.69096,0,44.0
-0.072039,0.78957,0.45735,1.5604999999999998e-21,662,11.654,0.68139,0,44.0
-0.16918,0.13788,0.26718,-3.4348999999999996e-21,675,3.2568,0.92918,0,44.0
-0.19919,0.27385,0.31621,2.3968e-20,677,3.6808,0.9279,0,44.0
-0.34356,0.82717,-0.12256,-5.0303999999999994e-21,683,5.1561,0.92345,0,44.0
-0.14667,0.27594,0.15886,-4.6611e-21,712,2.9753,1.1514,0,44.0
-0.24102,0.60603,0.19843,6.214e-21,717,4.0596,1.1477,0,44.0
-0.24745,1.0457,-0.45161,2.9609e-20,724,5.9526,1.1414,0,44.0
-0.057664,0.58481,-0.29819,1.6144000000000002e-20,733,9.2192,1.1304,0,44.0
-0.2815,0.91081,0.024859,-1.3393e-20,757,4.4592,1.3602,0,44.0
-0.29779,1.1024,-0.26355,1.3443e-20,760,5.2716,1.3574,0,44.0
-0.087102,0.91058,-0.44173,1.0533000000000001e-20,766,7.19,1.3508,0,44.0
-0.042448,0.74962,-0.34947,-1.4859e-20,769,8.319,1.347,0,44.0
-0.04683,0.614,0.1216,-7.963000000000001e-20,774,10.499,1.3395,0,44.0
-0.16136,0.78974,0.11331,1.2348e-20,791,3.3928,1.5691,0,44.0
-0.20822,0.89897,0.089223,-2.1857e-20,793,3.8541,1.5676,0,44.0
-0.2817,1.1499,-0.1635,4.4075e-20,797,4.8843,1.5643,0,44.0
-0.18444,1.1253,-0.426,4.272899999999999e-22,801,6.0767,1.5606,0,44.0
-0.031183,0.73356,0.34097,-6.795e-21,814,11.41,1.5437,0,44.0
-0.13803,0.9406,0.075368,-1.5867999999999998e-21,828,2.8331,1.7658,0,44.0
-0.17477,1.1555,0.046051,-3.6254e-21,871,3.586,1.9485,0,44.0
-0.20627,1.2213,-0.021526,3.973e-21,873,4.0873,1.9478,0,44.0
-0.22378,1.279,-0.19495,-3.6497e-20,876,4.9116,1.9466,0,44.0
-0.19222,1.2339,-0.30494,5.1301e-20,878,5.5135,1.9457,0,44.0
-0.075071,1.0383,-0.30625,-1.5966e-20,961,6.7218,2.3126,0,44.0
-0.14994,1.2495,-0.18404,2.2744e-20,996,5.0613,2.5172,0,44.0
-0.12317,1.1808,-0.24645,1.0818e-20,998,5.6893,2.5172,0,44.0
-0.033395,0.94501,-0.25679,-9.801e-21,1003,7.4758,2.5172,0,44.0
0.02401,0.72674,-0.0067619,-3.2218999999999997e-22,1049,10.099,2.736,0,44.0
0.023105,0.72197,0.15076,-1.0397e-20,1051,11.109,2.736,0,44.0
0.016977,0.82399,-0.093639,1.9210999999999997e-21,1087,9.1598,2.97,0,44.0
0.013301,0.84597,0.28133,1.0725e-20,1093,12.196,2.97,0,44.0
-0.10138,1.1854,-0.13302,-1.0697999999999998e-21,1116,5.0613,3.2202,0,44.0
-0.035867,1.0426,-0.15135,-3.8132e-21,1201,6.7218,3.7739,0,44.0
0.01917,0.91647,-0.044758,3.3133999999999998e-21,1247,9.1598,4.08,0,44.0
0.034995,0.9306,0.10686,3.9184999999999997e-22,1251,11.109,4.08,0,44.0
-0.023466,1.043,-0.09416,2.6284999999999997e-21,1321,6.7218,4.7572,0,44.0
0.026134,1.0448,0.10074,0.0,1333,12.196,4.7572,0,44.0
-0.072858,1.1168,0.15152,2.8876e-20,2145,-4.3934e-16,3.1819,0,44.0
-0.049452,1.1012,0.12031,-1.5002e-20,2175,-4.2301e-16,3.807,0,44.0
-0.037037,1.0921,0.10137,-7.874299999999999e-21,2195,-4.1015e-16,4.2993,0,44.0
0.11766,0.89366,0.26555,3.9474e-20,2456,-1.5845,1.5845,0,44.0
0.10515,0.8391,0.43174,-4.5059e-20,2468,-1.1532,1.1532,0,44.0
-0.0036179,0.86991,0.56896,-4.5059e-20,2475,-0.89178,1.0442,0,44.0
-0.070617,0.78879,0.60945,-5.7657e-21,2479,-0.78951,0.92446,0,44.0
-0.13755,0.0,0.0,0.0,2484,-0.64945,0.76041,0,44.0
-0.01448,0.94475,0.48432,6.3683e-20,2499,-0.90709,1.2487,0,44.0
-0.12837,0.9996,0.55344,7.9821e-21,2522,-0.71792,1.1717,0,44.0
-0.29417,0.0,0.0,0.0,2527,-0.5225,0.85264,0,44.0
0.0019248,1.0176,0.26409,-1.4322e-20,2533,-1.0726,2.1054,0,44.0
-0.27413,0.94878,0.52276,-1.4306e-20,2545,-0.5522,1.0838,0,44.0
-0.40768,0.0,0.0,0.0,2569,-0.38268,0.92388,0,44.0
-0.27472,1.1382,0.46525,4.9493e-21,2585,-0.42475,1.3071,0,44.0
-0.3659,0.98057,0.41433,-5.2729e-20,2587,-0.37591,1.1568,0,44.0
-0.4835,0.0,0.0,0.0,2632,-0.15643,0.98769,0,44.0
-0.1286,1.1461,0.23836,-4.9211e-20,2639,-0.17623,2.2362,0,44.0
-0.20014,1.1901,0.29549,-9.610799999999999e-21,2643,-0.14304,1.8155,0,44.0
-0.35475,1.1552,0.32287,-1.2977e-19,2648,-0.10781,1.369,0,44.0
-0.42559,0.87464,0.22134,3.0551e-20,2650,-0.095424,1.212,0,44.0
-0.45251,0.62717,0.13786,5.4722e-20,2651,-0.089562,1.1377,0,44.0
0.24865,0.77415,-0.014794,-7.633199999999999e-22,2660,-2.5997,0.0,0,44.0
0.31281,0.68604,-0.019364,5.681499999999999e-22,2668,-2.1297,0.0,0,44.0
0.41558,0.5141,0.036604,-4.7814e-20,2679,-1.6271,0.12817,0,44.0
0.48629,0.34925,-0.033033,-3.2967e-22,2684,-1.3725,0.0,0,44.0
0.52686,0.20257,-0.035785,-1.28e-20,2688,-1.2153,0.0,0,44.0
0.56124,0.049424,-0.023742,5.6922e-23,2692,-1.0692,0.0,0,44.0
0.57147,0.0,0.0,0.0,2695,-1.0,0.0,0,44.0
0.47125,0.36797,0.1364,4.0532e-20,2711,-1.3568,0.21499,0,44.0
0.52212,0.14199,0.15681,-1.8289e-20,2714,-1.1273,0.17859,0,44.0
0.54794,0.0,0.0,0.0,2716,-0.98769,0.15643,0,44.0
0.38858,0.54369,0.15897,-7.8939e-20,2729,-1.5885,0.38151,0,44.0
0.21582,0.81278,0.091229,-7.449199999999999e-21,2740,-2.6029,0.84595,0,44.0
0.31271,0.66897,0.16254,2.3470000000000003e-20,2747,-1.8296,0.59459,0,44.0
0.36364,0.57003,0.21534,6.1511e-20,2750,-1.5541,0.50503,0,44.0
0.41252,0.43157,0.29153,-6.2577e-20,2753,-1.3071,0.42475,0,44.0
0.4413,0.21636,0.3269,8.603e-20,2756,-1.0857,0.35279,0,44.0
0.4584,0.0,0.0,0.0,2758,-0.95106,0.30902,0,44.0
0.29432,0.64241,0.31341,-2.1995e-20,2792,-1.456,0.74178,0,44.0
0.31179,0.33061,0.45827,-1.6852000000000002e-19,2798,-1.0172,0.51827,0,44.0
0.31548,0.0,0.0,0.0,2800,-0.89101,0.45399,0,44.0
0.22084,0.77346,0.24836,-4.59e-21,2809,-1.7284,1.0589,0,44.0
0.25174,0.68666,0.35352,2.3157e-20,2813,-1.393,0.85347,0,44.0
0.25939,0.59366,0.47068,5.24e-20,2816,-1.1717,0.71792,0,44.0
0.15026,0.46676,0.5372,2.2237000000000003e-19,2840,-0.92341,0.67086,0,44.0
0.1387,0.0,0.0,0.0,2842,-0.80902,0.58779,0,44.0
0.12471,0.91167,0.16109,2.1767e-20,2844,-2.2843,1.9505,0,44.0
0.15604,0.7861,0.41309,-3.8499e-20,2855,-1.2411,1.0599,0,44.0
0.13052,0.72916,0.54183,-1.5509e-20,2858,-1.0442,0.89178,0,44.0
0.13832,0.90577,-0.0069622,-9.5262e-22,2912,-4.3358,0.0,0,44.0
0.17008,0.8707,0.02017,-6.464599999999999e-21,2951,-3.5732,0.46918,0,44.0
0.16451,0.87704,0.048906,-1.1390000000000002e-20,3011,-3.47,0.92747,0,44.0
0.075519,0.97483,0.074909,2.7432e-21,3372,-3.8187,3.4878,0,44.0
0.015351,1.0355,0.11068,1.6936e-23,4180,-1.5637,4.1771,0,44.0
-0.47327,0.0,0.0,0.0,4394,0.64945,-0.76041,0,44.0
-0.52403,0.0,0.0,0.0,4402,0.45399,-0.89101,0,44.0
-0.57103,0.0,0.0,0.0,4406,0.30902,-0.95106,0,44.0
-0.6198,0.0,0.0,0.0,4410,0.15643,-0.98769,0,44.0
-0.58467,0.82551,-0.11287,-3.0540000000000004e-20,4436,0.095424,-1.212,0,44.0
-0.4772,0.30263,0.003142,1.7555e-20,4441,0.67593,-1.1031,0,44.0
-0.48228,0.61422,-0.0081268,1.2447e-20,4453,0.62391,-1.2246,0,44.0
-0.51208,1.25,-0.27015,1.6856000000000002e-19,4459,-8.2717e-17,-1.3725,0,44.0
-0.46291,1.2014,-0.11371,-3.7665e-20,4477,0.47729,-1.4687,0,44.0
-0.4393,0.45834,-0.0238,7.839399999999999e-22,4483,1.1532,-1.1532,0,44.0
-0.4457,0.96926,-0.027157,-1.5270000000000002e-20,4485,0.85347,-1.393,0,44.0
-0.32707,1.2946,-0.24982,-3.5932e-20,4514,-1.8199e-16,-1.8196,0,44.0
-0.23528,1.2304,-0.19283,7.168600000000001e-20,4558,-2.7552e-16,-2.2408,0,44.0
-0.3876,1.3045,0.034399,1.3643e-20,4559,1.5316,-1.7937,0,44.0
-0.30929,1.2706,0.12108,-1.4233e-20,4615,2.1213,-2.1213,0,44.0
-0.41272,0.0,0.0,0.0,4627,0.98769,-0.15643,0,44.0
-0.43518,0.0,0.0,0.0,4631,0.95106,-0.30902,0,44.0
-0.44629,0.0,0.0,0.0,4635,0.89101,-0.45399,0,44.0
-0.45636,0.0,0.0,0.0,4641,0.76041,-0.64945,0,44.0
-0.43088,-0.033551,-0.16987,2.6441e-20,4646,1.0857,-0.35279,0,44.0
-0.45025,-0.030453,-0.054753,1.2698e-20,4651,0.86777,-0.74111,0,44.0
-0.41223,-0.030267,-0.24051,7.5027e-21,4653,1.201,-0.19028,0,44.0
-0.43777,-0.033678,-0.16311,-5.4546999999999995e-21,4657,1.0838,-0.5522,0,44.0
-0.43106,-0.026228,-0.24697,7.7103e-22,4664,1.2306,-0.39989,0,44.0
-0.44095,0.015576,-0.076777,4.7221999999999994e-21,4669,0.98326,-0.83971,0,44.0
-0.43671,0.005399,-0.20168,-8.481099999999998e-21,4675,1.2246,-0.62391,0,44.0
-0.42378,-0.040298,-0.26881,-5.0445e-20,4680,1.4391,-0.22804,0,44.0
-0.43937,0.0022057,-0.25936,1.3504e-20,4682,1.3864,-0.45054,0,44.0
-0.43541,0.13456,-0.073939,-2.1957999999999998e-21,4687,1.1075,-0.94578,0,44.0
-0.44293,-0.085784,-0.19373,-4.4851e-20,4715,1.8155,-0.14304,0,44.0
-0.48551,0.30326,-0.10489,-2.1467e-20,4729,1.7142,-0.87328,0,44.0
-0.5051,0.018209,-0.090705,1.4288000000000002e-20,4743,2.1071,-0.33402,0,44.0
-0.5276,0.2331,-0.075189,-2.6719e-20,4745,2.0308,-0.65999,0,44.0
-0.51092,0.46043,-0.02805,-4.23e-20,4747,1.9027,-0.96929,0,44.0
-0.47782,0.77326,0.029317,5.5718e-22,4749,1.7261,-1.2538,0,44.0
-0.55637,0.39749,0.092051,1.5137e-20,4772,2.3614,-0.76747,0,44.0
-0.55491,0.4598,0.15822,2.7187000000000003e-20,4781,2.4799,-0.80599,0,44.0
-0.43697,0.85063,0.38701,-1.9945e-20,4818,2.9753,-1.1514,0,44.0
-0.40129,0.23648,0.49901,1.3301000000000001e-19,4825,3.3622,-0.47016,0,44.0
-0.33841,1.1058,0.33876,-3.8732e-20,4830,2.9641,-1.5704,0,44.0
-0.29827,1.2136,0.22685,-1.9736e-20,4832,2.6869,-1.9499,0,44.0
-0.28706,0.40543,0.54985,9.027899999999998e-21,4846,3.7419,-0.70079,0,44.0
-0.25269,0.90151,0.42457,-1.7835e-20,4849,3.5057,-1.3635,0,44.0
-0.23988,0.050661,0.61261,4.245e-20,4864,4.2628,-0.23492,0,44.0
-0.18786,0.31898,0.54948,1.8609e-20,4866,4.1971,-0.69968,0,44.0
-0.15178,0.64948,0.44624,-6.5783999999999996e-21,4868,4.0596,-1.1477,0,44.0
-0.1489,0.88889,0.3567,1.2028e-20,4870,3.8541,-1.5676,0,44.0
-0.17709,0.11124,0.51617,-2.6011e-20,4885,4.728,-0.4678,0,44.0
-0.06078,0.64719,0.33519,-2.5384e-20,4889,4.4592,-1.3602,0,44.0
-0.085043,0.91466,0.24475,1.1909e-21,4892,4.0873,-1.9478,0,44.0
-0.045101,0.41666,0.35861,-1.3673e-20,4898,4.812,-1.1452,0,44.0
-0.068731,0.21901,0.33939,4.6430000000000003e-20,4907,5.1561,-0.92345,0,44.0
-0.11948,0.20311,0.16264,-6.0961e-20,4916,5.492,-0.6965,0,44.0
0.021407,0.66713,0.14124,3.5569e-20,4921,5.0459,-1.7602,0,44.0
-0.023627,0.26154,0.12591,5.1499e-20,4928,5.6516,-1.1424,0,44.0
-0.11054,0.34314,-0.18025,5.7982e-20,4936,6.08,-0.69506,0,44.0
0.03695,0.39816,0.061418,5.3186e-20,4940,5.762,-1.5616,0,44.0
-0.064345,0.37786,-0.24567,-9.1766e-20,4947,6.3357,-0.91989,0,44.0
0.054011,0.4676,-0.016813,8.092899999999999e-21,4951,5.9608,-1.7579,0,44.0
-0.093147,0.61094,-0.55378,-9.278899999999999e-21,4986,7.7527,-0.69096,0,44.0
-0.1373,0.61418,-0.53013,7.2518e-21,5005,8.5472,-0.46122,0,44.0
-0.12156,0.67084,-0.49553,1.1041e-21,5008,8.3977,-1.1332,0,44.0
-0.1119,0.86718,-0.30674,3.2117e-20,5021,8.5295,-1.7514,0,44.0
-0.2058,0.79785,-0.18599,-2.4066999999999996e-21,5027,9.2813,-0.91101,0,44.0
-0.14681,1.0653,0.38424,1.92e-20,5059,10.499,-1.3395,0,44.0
-0.087562,0.88233,0.47671,8.3129999999999995e-22,5075,11.684,-0.45582,0,44.0
-0.067526,1.0268,0.37818,5.1031999999999995e-21,5081,11.32,-1.7443,0,44.0
-0.066658,0.81896,0.43528,6.839299999999999e-21,5095,12.738,-0.454,0,44.0
0.0055502,0.93731,0.018783,-8.6094e-21,5561,5.0613,-2.97,0,44.0
0.020588,0.93108,-0.01654,5.9994999999999994e-21,5591,5.3695,-2.97,0,44.0
0.032511,0.93373,-0.055285,6.3796999999999994e-21,5621,5.6893,-2.97,0,44.0
0.016603,0.98538,-0.041791,-7.310499999999999e-21,5623,5.6893,-3.4878,0,44.0
0.030474,1.0469,-0.17531,6.3601999999999995e-22,5741,7.0919,-2.97,0,44.0
0.0084066,1.0819,-0.046761,6.249799999999999e-22,5746,7.0919,-4.4072,0,44.0
0.0048447,1.0792,-0.032709,-6.5007e-22,5747,7.0919,-4.7572,0,44.0
-0.0021594,1.0689,-0.0072096,-3.4733e-22,5750,7.0919,-5.9596,0,44.0
-0.0062225,1.1607,-0.13861,-3.3440000000000002e-21,5801,7.874,-2.97,0,44.0
0.0031076,1.148,-0.059531,-1.4847e-21,5804,7.874,-3.7739,0,44.0
-0.091778,1.2505,0.071563,-8.9018e-21,5889,9.1598,-2.5172,0,44.0
-0.012764,1.1571,0.047733,-1.5415999999999998e-21,5895,9.1598,-4.08,0,44.0
-0.079461,1.2072,0.23981,5.0743e-22,5949,10.099,-2.5172,0,44.0
-0.028196,1.1549,0.14353,3.7636e-21,5953,10.099,-3.4878,0,44.0
-0.0012866,1.084,0.066474,-1.0770999999999999e-21,5958,10.099,-5.1314,0,44.0
-0.027949,1.0758,0.22897,-5.6324999999999995e-21,6011,11.109,-2.97,0,44.0
-0.0055892,1.0617,0.13684,-4.9352e-22,6015,11.109,-4.08,0,44.0
-0.012743,0.96447,0.238,-1.4720000000000002e-20,6070,12.196,-2.736,0,44.0
0.0088461,1.0025,0.099487,0.0,6077,12.196,-4.7572,0,44.0
0.011102,1.0136,0.057666,-3.8635999999999997e-22,6080,12.196,-5.9596,0,44.0
-0.1329,1.1401,-0.21764,7.3978e-20,6745,-0.57975,-2.4134,0,44.0
0.037701,0.96889,-0.27058,-5.204e-20,6748,-1.5316,-1.7937,0,44.0
0.062527,0.91245,-0.36303,-7.5245e-20,6789,-1.3571,-1.3571,0,44.0
0.038685,0.89045,-0.46852,5.0295e-20,6819,-1.1532,-1.1532,0,44.0
-0.052095,0.83472,-0.65386,6.049e-20,6859,-0.91393,-0.91393,0,44.0
-0.21205,0.99012,-0.64191,8.6568e-20,6860,-0.76021,-1.0465,0,44.0
-0.46821,1.0703,-0.50892,-1.935e-20,6873,-0.46551,-1.1238,0,44.0
-0.576,1.0461,-0.30695,5.534e-20,6876,-0.19028,-1.201,0,44.0
-0.65027,0.37916,-0.067176,-5.1597e-20,6897,-0.083909,-1.066,0,44.0
-0.26343,0.0,0.0,0.0,6898,-0.64945,-0.76041,0,44.0
-0.4398,0.0,0.0,0.0,6901,-0.5225,-0.85264,0,44.0
-0.56952,0.0,0.0,0.0,6903,-0.38268,-0.92388,0,44.0
-0.65914,0.0,0.0,0.0,6906,-0.15643,-0.98769,0,44.0
-0.6627,0.0,0.0,0.0,6907,-0.078459,-0.99692,0,44.0
0.11489,0.91024,-0.17693,-1.8616000000000002e-20,6923,-2.3204,-1.6853,0,44.0
0.19942,0.82529,-0.11649,6.3216999999999995e-21,6929,-2.6029,-0.84595,0,44.0
0.31415,0.66328,-0.1621,-4.4544999999999994e-21,6991,-1.87,-0.44916,0,44.0
0.22752,0.74878,-0.27687,-4.6452e-21,6994,-1.7142,-0.87328,0,44.0
0.14966,0.8259,-0.33086,5.0252e-20,6996,-1.5553,-1.1297,0,44.0
0.40886,0.51927,-0.090606,4.2937e-20,7016,-1.6271,-0.12817,0,44.0
0.33683,0.59069,-0.26678,-5.808e-20,7019,-1.5541,-0.50503,0,44.0
0.20681,0.69712,-0.43818,6.3724e-20,7031,-1.3165,-0.80663,0,44.0
0.45464,0.3797,-0.20181,-3.9009e-20,7044,-1.3568,-0.21499,0,44.0
0.38926,0.39634,-0.3872,-5.605900000000001e-20,7055,-1.2306,-0.39989,0,44.0
0.19155,0.59345,-0.57375,9.7914e-20,7058,-1.1031,-0.67593,0,44.0
0.030862,0.75299,-0.6402,1.0681000000000001e-19,7060,-0.98326,-0.83971,0,44.0
0.5007,0.15291,-0.22341,2.8087e-20,7071,-1.1273,-0.17859,0,44.0
0.33041,0.17794,-0.33052,-1.4434000000000002e-19,7083,-0.98812,-0.40929,0,44.0
0.5248,0.0,0.0,0.0,7089,-0.98769,-0.15643,0,44.0
0.47606,0.0,0.0,0.0,7090,-0.97237,-0.23345,0,44.0
0.14872,0.0,0.0,0.0,7094,-0.85264,-0.5225,0,44.0
-0.059106,0.0,0.0,0.0,7096,-0.76041,-0.64945,0,44.0
0.16466,0.87446,-0.038364,5.2687e-21,7368,-3.5732,-0.46918,0,44.0
0.14627,0.89141,-0.079411,1.8580000000000002e-20,7371,-3.3916,-1.1488,0,44.0
0.057441,0.98299,-0.070952,-3.0482999999999996e-21,8062,-4.1311,-3.4878,0,44.0
-0.041079,1.0687,-0.1121,1.3597e-20,8451,-1.1464,-3.8396,0,44.0
-0.089162,1.111,-0.095232,2.5246e-20,8570,-0.23491,-3.8016,0,44.0
-0.06429,1.0894,-0.070398,-4.5862999999999995e-21,8573,-0.23383,-4.5663,0,44.0
-0.38098,0.0,0.0,0.0,82,0.70711,0.70711,0,45.0
-0.378,0.01276,0.010387,-2.7802e-20,87,0.85936,0.85936,0,45.0
-0.37819,0.17692,-0.010574,2.3321e-20,92,0.89178,1.0442,0,45.0
-0.33592,0.5469,-0.045385,-2.7941e-20,101,1.2866,1.2866,0,45.0
-0.24164,1.1126,0.026375,-2.6758e-20,112,1.5316,1.7937,0,45.0
-0.17568,1.1772,0.055186,-7.0105e-22,120,1.8605,2.1789,0,45.0
-0.39179,0.086598,-0.00016392,-1.215e-21,126,0.71472,0.98382,0,45.0
-0.41508,0.0,0.0,0.0,145,0.5225,0.85264,0,45.0
-0.38756,0.38677,-0.005916,-1.3087e-20,149,0.71792,1.1717,0,45.0
-0.30756,1.1109,0.063531,-9.5491e-20,155,1.0047,1.6399,0,45.0
-0.40982,0.2201,-0.010775,2.2510000000000003e-20,168,0.5522,1.0838,0,45.0
-0.40004,0.65345,0.029058,-2.1522e-20,191,0.52598,1.2698,0,45.0
-0.46298,0.0,0.0,0.0,208,0.30902,0.95106,0,45.0
-0.4335,0.41241,0.0040807,3.7739e-20,210,0.37591,1.1568,0,45.0
-0.32513,1.2083,0.15288,1.2006e-20,216,0.5338,1.6426,0,45.0
-0.44615,0.52112,0.026762,6.5531e-20,231,0.28397,1.1826,0,45.0
-0.41138,0.90811,0.10498,-4.1347e-20,233,0.32087,1.3362,0,45.0
-0.29285,1.2449,0.18672,-6.3719e-20,238,0.42578,1.7727,0,45.0
-0.48576,0.48791,0.048447,-1.8187e-21,272,0.089562,1.1377,0,45.0
-0.44112,0.93709,0.16275,1.5143e-20,274,0.1015,1.289,0,45.0
-0.52494,0.0,0.0,0.0,292,0.0,1.0,0,45.0
-0.37262,0.0,0.0,0.0,313,1.0,0.0,0,45.0
-0.36699,-0.021756,-0.20515,-8.0108e-21,319,1.212,0.095424,0,45.0
-0.37652,-0.036315,-0.25543,1.0551e-20,320,1.2925,0.0,0,45.0
-0.3818,-0.067677,-0.28181,2.4403e-20,324,1.4555,0.0,0,45.0
-0.37224,-0.08196,-0.25701,1.9976e-20,325,1.4519,0.11435,0,45.0
-0.38642,-0.15351,-0.26696,7.5528e-21,333,1.8155,0.14304,0,45.0
-0.43168,-0.12951,-0.24087,-3.6169e-21,338,2.1297,0.0,0,45.0
-0.4652,-0.086051,-0.017299,1.1478e-20,348,2.7283,0.0,0,45.0
-0.35304,0.0,0.0,0.0,355,0.98769,0.15643,0,45.0
-0.36498,-0.21352,-0.22522,-9.181599999999999e-21,367,2.1071,0.33402,0,45.0
-0.35396,-0.024095,-0.14452,-6.978299999999999e-22,378,1.1826,0.28397,0,45.0
-0.355,-0.046978,-0.16686,-5.0140999999999995e-21,379,1.258,0.30208,0,45.0
-0.3564,-0.094159,-0.19329,-5.8397e-21,381,1.4172,0.34035,0,45.0
-0.34022,-0.14621,-0.19265,-3.8177e-21,406,1.7344,0.56364,0,45.0
-0.29544,-0.15366,-0.18458,6.4402999999999995e-21,410,2.137,0.69452,0,45.0
-0.23562,-0.12156,-0.128,-6.9385e-20,413,2.4799,0.80599,0,45.0
-0.21175,-0.10171,-0.097925,5.8923e-20,414,2.6029,0.84595,0,45.0
-0.34328,0.0,0.0,0.0,418,0.92388,0.38268,0,45.0
-0.29448,-0.072824,-0.17457,-4.4533e-20,430,1.973,0.81724,0,45.0
-0.354,-0.028623,-0.045686,9.025299999999999e-21,441,1.0838,0.5522,0,45.0
-0.35365,-0.056749,-0.094544,-1.3571e-20,444,1.2989,0.66178,0,45.0
-0.24174,0.1345,-0.14277,4.0043e-20,453,2.1054,1.0726,0,45.0
-0.35339,0.0,0.0,0.0,460,0.85264,0.5225,0,45.0
-0.33203,0.076251,-0.11609,-2.5015e-20,469,1.5546,0.95244,0,45.0
-0.36498,-0.01981,-0.0024183,-3.912599999999999e-21,483,0.98382,0.71472,0,45.0
-0.36432,0.001593,-0.03167,1.5568e-20,485,1.1114,0.8074,0,45.0
-0.28362,0.42916,-0.099182,-6.6269e-20,493,1.7261,1.2538,0,45.0
-0.36764,-0.135,0.18618,5.0957e-20,523,3.187,0.23587,0,45.0
-0.33783,0.08126,0.50133,-3.6638000000000003e-20,528,3.8141,0.0,0,45.0
-0.26166,0.12145,0.60646,3.2108e-23,532,4.2681,0.0,0,45.0
-0.24066,0.03653,0.5856,-2.9926e-20,533,4.2628,0.23492,0,45.0
-0.21963,0.20131,0.50018,-3.6621e-20,540,5.282,0.0,0,45.0
-0.26526,0.36055,0.28224,4.4956e-20,543,5.5544,0.23377,0,45.0
-0.27455,0.56212,-0.087726,2.0633e-20,547,6.1409,0.23326,0,45.0
-0.22931,0.54864,-0.20884,-1.5043e-19,548,6.4555,0.0,0,45.0
-0.13426,0.71787,-0.53388,2.7943e-20,554,7.4555,0.0,0,45.0
-0.089268,0.73393,-0.50807,4.8342e-21,561,8.5669,0.23111,0,45.0
-0.1033,0.64877,-0.47613,-1.5495e-20,565,9.382,0.23039,0,45.0
-0.17109,0.699,0.012495,1.4262e-20,570,10.726,0.0,0,45.0
-0.075328,0.82178,0.46977,-1.4208e-20,626,12.738,0.454,0,45.0
-0.17326,0.066172,0.46456,2.1283e-20,641,4.1971,0.69968,0,45.0
-0.20671,0.24684,0.45483,-3.4748e-20,643,4.6868,0.69847,0,45.0
-0.27448,0.8516,-0.332,2.6743e-20,649,6.3905,0.6943,0,45.0
-0.11111,0.85731,-0.52535,-1.5538e-20,653,7.7527,0.69096,0,45.0
-0.091954,0.72251,0.31455,3.0498999999999997e-21,662,11.654,0.68139,0,45.0
-0.13594,-0.02764,0.12575,3.2759e-20,675,3.2568,0.92918,0,45.0
-0.12472,0.046043,0.27522,8.2582e-21,677,3.6808,0.9279,0,45.0
-0.26215,0.60611,0.20652,-5.6491e-21,683,5.1561,0.92345,0,45.0
-0.11404,0.14456,0.020208,-8.069599999999999e-21,712,2.9753,1.1514,0,45.0
-0.11613,0.32932,0.2909,1.7459e-20,717,4.0596,1.1477,0,45.0
-0.2853,0.99481,-0.22387,4.0309e-20,724,5.9526,1.1414,0,45.0
-0.050634,0.72622,-0.36985,8.7342e-21,733,9.2192,1.1304,0,45.0
-0.15904,0.66108,0.21038,-2.5868e-20,757,4.4592,1.3602,0,45.0
-0.25699,0.94536,0.0024208,3.6431e-20,760,5.2716,1.3574,0,45.0
-0.13301,1.0291,-0.46276,1.8168e-20,766,7.19,1.3508,0,45.0
-0.058496,0.86099,-0.40085,-5.407e-21,769,8.319,1.347,0,45.0
-0.050233,0.58856,-0.15965,-8.8868e-20,774,10.499,1.3395,0,45.0
-0.071726,0.61682,0.095837,3.7947e-21,791,3.3928,1.5691,0,45.0
-0.092894,0.67781,0.15233,-6.774599999999999e-21,793,3.8541,1.5676,0,45.0
-0.20849,0.96783,0.059788,7.4469e-20,797,4.8843,1.5643,0,45.0
-0.22907,1.1796,-0.30929,-2.288e-20,801,6.0767,1.5606,0,45.0
-0.035449,0.64777,0.134,-9.109499999999999e-21,814,11.41,1.5437,0,45.0
-0.094192,0.85851,0.035654,1.5028e-20,828,2.8331,1.7658,0,45.0
-0.091374,1.0114,0.093256,-1.4065000000000002e-20,871,3.586,1.9485,0,45.0
-0.11959,1.0676,0.086677,-2.0855e-21,873,4.0873,1.9478,0,45.0
-0.18248,1.207,-0.03189,-9.462299999999999e-21,876,4.9116,1.9466,0,45.0
-0.19785,1.2623,-0.17285,6.8636e-20,878,5.5135,1.9457,0,45.0
-0.10213,1.14,-0.29513,-2.6511e-20,961,6.7218,2.3126,0,45.0
-0.1347,1.2785,-0.08931,1.8790000000000002e-20,996,5.0613,2.5172,0,45.0
-0.13059,1.2515,-0.17844,1.0806000000000001e-20,998,5.6893,2.5172,0,45.0
-0.055267,1.0333,-0.27737,-1.3077000000000001e-20,1003,7.4758,2.5172,0,45.0
0.013079,0.78341,-0.10555,-7.5038e-22,1049,10.099,2.736,0,45.0
0.019094,0.71331,0.012775,-9.4272e-21,1051,11.109,2.736,0,45.0
0.0020182,0.87853,-0.16336,2.3587e-21,1087,9.1598,2.97,0,45.0
0.021345,0.76846,0.17899,9.4772e-21,1093,12.196,2.97,0,45.0
-0.093118,1.2113,-0.077106,-4.1969e-21,1116,5.0613,3.2202,0,45.0
-0.046039,1.0916,-0.14637,-3.4893e-21,1201,6.7218,3.7739,0,45.0
0.0078281,0.94118,-0.093293,4.0842e-21,1247,9.1598,4.08,0,45.0
0.030354,0.89424,0.038738,7.5485e-22,1251,11.109,4.08,0,45.0
-0.030057,1.0726,-0.093516,2.2081e-21,1321,6.7218,4.7572,0,45.0
0.029158,0.97935,0.088235,0.0,1333,12.196,4.7572,0,45.0
-0.087166,1.1131,0.1446,3.0480000000000003e-20,2145,-4.3934e-16,3.1819,0,45.0
-0.060371,1.0964,0.11605,-1.5437e-20,2175,-4.2301e-16,3.807,0,45.0
-0.046103,1.0873,0.098807,-7.9738e-21,2195,-4.1015e-16,4.2993,0,45.0
0.10544,0.89582,0.26385,4.1256e-20,2456,-1.5845,1.5845,0,45.0
0.090504,0.84304,0.43148,-4.6414e-20,2468,-1.1532,1.1532,0,45.0
-0.021655,0.87563,0.56994,-4.6391e-20,2475,-0.89178,1.0442,0,45.0
-0.090253,0.79559,0.61262,-6.3505999999999994e-21,2479,-0.78951,0.92446,0,45.0
-0.15886,0.0,0.0,0.0,2484,-0.64945,0.76041,0,45.0
-0.032986,0.95022,0.48352,6.5805e-20,2499,-0.90709,1.2487,0,45.0
-0.15055,1.0072,0.55351,8.7839e-21,2522,-0.71792,1.1717,0,45.0
-0.32089,0.0,0.0,0.0,2527,-0.5225,0.85264,0,45.0
-0.014064,1.0198,0.26008,-1.5257e-20,2533,-1.0726,2.1054,0,45.0
-0.30125,0.95985,0.52536,-1.3643e-20,2545,-0.5522,1.0838,0,45.0
-0.44016,0.0,0.0,0.0,2569,-0.38268,0.92388,0,45.0
-0.30372,1.1494,0.46317,6.329899999999999e-21,2585,-0.42475,1.3071,0,45.0
-0.3985,0.99544,0.41615,-5.4979e-20,2587,-0.37591,1.1568,0,45.0
-0.52427,0.0,0.0,0.0,2632,-0.15643,0.98769,0,45.0
-0.1505,1.1483,0.2292,-5.3973e-20,2639,-0.17623,2.2362,0,45.0
-0.22738,1.1964,0.28615,-1.0303e-20,2643,-0.14304,1.8155,0,45.0
-0.391,1.1722,0.3182,-1.3885e-19,2648,-0.10781,1.369,0,45.0
-0.46615,0.89629,0.22112,2.6612e-20,2650,-0.095424,1.212,0,45.0
-0.49464,0.64694,0.1389,5.3692e-20,2651,-0.089562,1.1377,0,45.0
0.24713,0.77416,-0.015035,-5.98e-22,2660,-2.5997,0.0,0,45.0
0.31127,0.68605,-0.019135,4.5284e-22,2668,-2.1297,0.0,0,45.0
0.41285,0.51444,0.037791,-4.6970000000000004e-20,2679,-1.6271,0.12817,0,45.0
0.48477,0.34926,-0.031008,-3.5943999999999997e-22,2684,-1.3725,0.0,0,45.0
0.52536,0.20258,-0.033016,-9.4206e-21,2688,-1.2153,0.0,0,45.0
0.55977,0.049426,-0.021159,5.4263e-24,2692,-1.0692,0.0,0,45.0
0.57,0.0,0.0,0.0,2695,-1.0,0.0,0,45.0
0.46722,0.3687,0.13842,4.0715e-20,2711,-1.3568,0.21499,0,45.0
0.51796,0.14267,0.15992,-1.9631e-20,2714,-1.1273,0.17859,0,45.0
0.54373,0.0,0.0,0.0,2716,-0.98769,0.15643,0,45.0
0.38346,0.54469,0.16008,-8.0794e-20,2729,-1.5885,0.38151,0,45.0
0.21061,0.81336,0.090659,-7.1984e-21,2740,-2.6029,0.84595,0,45.0
0.30666,0.6701,0.16287,2.2114000000000002e-20,2747,-1.8296,0.59459,0,45.0
0.35729,0.57138,0.21637,6.1573e-20,2750,-1.5541,0.50503,0,45.0
0.40588,0.43309,0.29352,-6.1837e-20,2753,-1.3071,0.42475,0,45.0
0.43429,0.21784,0.33021,8.7937e-20,2756,-1.0857,0.35279,0,45.0
0.45126,0.0,0.0,0.0,2758,-0.95106,0.30902,0,45.0
0.2854,0.64451,0.31421,-2.1177e-20,2792,-1.456,0.74178,0,45.0
0.30158,0.33311,0.46187,-1.7242e-19,2798,-1.0172,0.51827,0,45.0
0.30502,0.0,0.0,0.0,2800,-0.89101,0.45399,0,45.0
0.21147,0.77533,0.24797,-3.7166e-21,2809,-1.7284,1.0589,0,45.0
0.24147,0.68918,0.35414,2.2726e-20,2813,-1.393,0.85347,0,45.0
0.2484,0.59662,0.47251,5.4213e-20,2816,-1.1717,0.71792,0,45.0
0.13638,0.47062,0.54112,2.2748000000000003e-19,2840,-0.92341,0.67086,0,45.0
0.12439,0.0,0.0,0.0,2842,-0.80902,0.58779,0,45.0
0.11563,0.91244,0.15945,2.2936e-20,2844,-2.2843,1.9505,0,45.0
0.14291,0.78954,0.41319,-4.0127e-20,2855,-1.2411,1.0599,0,45.0
0.1162,0.73336,0.54337,-1.552e-20,2858,-1.0442,0.89178,0,45.0
0.13689,0.90577,-0.0074528,-5.2165e-22,2912,-4.3358,0.0,0,45.0
0.16736,0.87081,0.019601,-6.186099999999999e-21,2951,-3.5732,0.46918,0,45.0
0.16054,0.87724,0.048234,-1.2029e-20,3011,-3.47,0.92747,0,45.0
0.069388,0.97445,0.073954,2.7524999999999997e-21,3372,-3.8187,3.4878,0,45.0
0.0062832,1.0338,0.10849,3.8253e-22,4180,-1.5637,4.1771,0,45.0
-0.42668,0.0,0.0,0.0,4394,0.64945,-0.76041,0,45.0
-0.47686,0.0,0.0,0.0,4402,0.45399,-0.89101,0,45.0
-0.52394,0.0,0.0,0.0,4406,0.30902,-0.95106,0,45.0
-0.57401,0.0,0.0,0.0,4410,0.15643,-0.98769,0,45.0
-0.5424,0.79996,-0.1154,-1.9049e-20,4436,0.095424,-1.212,0,45.0
-0.43128,0.27434,-0.005238,1.8428000000000002e-20,4441,0.67593,-1.1031,0,45.0
-0.43703,0.57923,-0.018425,1.0603e-20,4453,0.62391,-1.2246,0,45.0
-0.47653,1.2312,-0.27595,1.5771000000000002e-19,4459,-8.2717e-17,-1.3725,0,45.0
-0.42374,1.1776,-0.12699,-3.7178e-20,4477,0.47729,-1.4687,0,45.0
-0.38766,0.40922,-0.038834,-1.8872e-21,4483,1.1532,-1.1532,0,45.0
-0.40166,0.9324,-0.043795,-1.0458e-20,4485,0.85347,-1.393,0,45.0
-0.30149,1.2883,-0.26033,-3.3628e-20,4514,-1.8199e-16,-1.8196,0,45.0
-0.21551,1.2285,-0.20296,6.6499e-20,4558,-2.7552e-16,-2.2408,0,45.0
-0.35917,1.3023,-0.0020667,6.567499999999999e-21,4559,1.5316,-1.7937,0,45.0
-0.31003,1.3062,0.091623,-1.5298e-20,4615,2.1213,-2.1213,0,45.0
-0.39204,0.0,0.0,0.0,4627,0.98769,-0.15643,0,45.0
-0.40349,0.0,0.0,0.0,4631,0.95106,-0.30902,0,45.0
-0.40648,0.0,0.0,0.0,4635,0.89101,-0.45399,0,45.0
-0.41071,0.0,0.0,0.0,4641,0.76041,-0.64945,0,45.0
-0.39864,-0.028319,-0.15438,1.798e-20,4646,1.0857,-0.35279,0,45.0
-0.40561,-0.033094,-0.049434,1.1314e-20,4651,0.86777,-0.74111,0,45.0
-0.38981,-0.02431,-0.23866,5.081e-21,4653,1.201,-0.19028,0,45.0
-0.39752,-0.032146,-0.1495,-3.3874999999999996e-21,4657,1.0838,-0.5522,0,45.0
-0.39614,-0.021308,-0.24704,4.7209e-22,4664,1.2306,-0.39989,0,45.0
-0.39552,0.00074736,-0.072657,3.8454e-21,4669,0.98326,-0.83971,0,45.0
-0.39257,-0.00036136,-0.20246,1.1119e-22,4675,1.2246,-0.62391,0,45.0
-0.39676,-0.029741,-0.30577,-3.2579e-20,4680,1.4391,-0.22804,0,45.0
-0.39947,0.0065525,-0.28383,9.544399999999999e-21,4682,1.3864,-0.45054,0,45.0
-0.38651,0.1037,-0.077417,-1.3123e-21,4687,1.1075,-0.94578,0,45.0
-0.42071,-0.066266,-0.29218,-4.2871e-20,4715,1.8155,-0.14304,0,45.0
-0.42472,0.27567,-0.1654,-1.4142e-20,4729,1.7142,-0.87328,0,45.0
-0.47576,0.04907,-0.22698,8.7876e-21,4743,2.1071,-0.33402,0,45.0
-0.47807,0.24221,-0.18378,-2.4982e-20,4745,2.0308,-0.65999,0,45.0
-0.45228,0.42378,-0.10929,-5.4368e-20,4747,1.9027,-0.96929,0,45.0
-0.42358,0.71337,-0.026889,-1.9051e-20,4749,1.7261,-1.2538,0,45.0
-0.52792,0.41038,-0.051042,1.1970000000000001e-20,4772,2.3614,-0.76747,0,45.0
-0.54012,0.47579,0.0076267,-2.9087e-20,4781,2.4799,-0.80599,0,45.0
-0.49529,0.91764,0.30015,-3.9448e-20,4818,2.9753,-1.1514,0,45.0
-0.48599,0.35967,0.38163,1.1286000000000002e-19,4825,3.3622,-0.47016,0,45.0
-0.38888,1.1885,0.30601,-2.3908e-20,4830,2.9641,-1.5704,0,45.0
-0.32315,1.2776,0.2032,-2.6997000000000002e-20,4832,2.6869,-1.9499,0,45.0
-0.38134,0.578,0.5322,3.6037e-21,4846,3.7419,-0.70079,0,45.0
-0.33652,1.0319,0.43546,-1.4888e-20,4849,3.5057,-1.3635,0,45.0
-0.26918,0.24893,0.60745,4.9037e-20,4864,4.2628,-0.23492,0,45.0
-0.25677,0.54874,0.57609,5.5626e-20,4866,4.1971,-0.69968,0,45.0
-0.2368,0.82515,0.50686,-2.3956999999999997e-21,4868,4.0596,-1.1477,0,45.0
-0.22434,1.0147,0.41055,2.6287e-20,4870,3.8541,-1.5676,0,45.0
-0.18241,0.33467,0.59212,-5.9726e-20,4885,4.728,-0.4678,0,45.0
-0.13019,0.80896,0.42299,-3.0002e-20,4889,4.4592,-1.3602,0,45.0
-0.14261,1.0011,0.31156,-1.7662999999999997e-21,4892,4.0873,-1.9478,0,45.0
-0.094967,0.64756,0.42711,4.8525999999999994e-21,4898,4.812,-1.1452,0,45.0
-0.083707,0.45601,0.44677,2.5377e-20,4907,5.1561,-0.92345,0,45.0
-0.10584,0.27944,0.44895,-4.3271e-20,4916,5.492,-0.6965,0,45.0
-0.030935,0.77631,0.24985,5.0649e-20,4921,5.0459,-1.7602,0,45.0
-0.033682,0.40746,0.32092,2.2223e-20,4928,5.6516,-1.1424,0,45.0
-0.11139,0.28505,0.1895,5.6421e-20,4936,6.08,-0.69506,0,45.0
0.010838,0.55245,0.19239,1.7467e-20,4940,5.762,-1.5616,0,45.0
-0.070307,0.3211,0.077644,-1.0487000000000001e-19,4947,6.3357,-0.91989,0,45.0
0.028742,0.58423,0.1176,-4.7178e-21,4951,5.9608,-1.7579,0,45.0
-0.079302,0.62388,-0.49107,-1.1537999999999999e-21,4986,7.7527,-0.69096,0,45.0
-0.093483,0.68517,-0.54153,-8.6183e-22,5005,8.5472,-0.46122,0,45.0
-0.064803,0.65418,-0.51182,-4.981e-21,5008,8.3977,-1.1332,0,45.0
-0.035862,0.69018,-0.44721,2.9706e-20,5021,8.5295,-1.7514,0,45.0
-0.1274,0.69953,-0.50564,-4.855299999999999e-21,5027,9.2813,-0.91101,0,45.0
-0.19335,1.0012,0.078187,3.0527e-20,5059,10.499,-1.3395,0,45.0
-0.13752,0.88758,0.42293,-2.343e-21,5075,11.684,-0.45582,0,45.0
-0.12106,1.1175,0.35021,1.6473e-20,5081,11.32,-1.7443,0,45.0
-0.079358,0.87648,0.46239,-1.5902999999999998e-21,5095,12.738,-0.454,0,45.0
-0.019381,0.93775,0.095273,-9.25e-21,5561,5.0613,-2.97,0,45.0
-0.0014354,0.91628,0.066176,-1.1078e-21,5591,5.3695,-2.97,0,45.0
0.014675,0.90028,0.030928,5.4770999999999995e-21,5621,5.6893,-2.97,0,45.0
0.0060648,0.95131,0.016175,-5.7439e-21,5623,5.6893,-3.4878,0,45.0
0.047976,0.91961,-0.14511,3.7259e-21,5741,7.0919,-2.97,0,45.0
0.016316,1.0306,-0.051624,6.6047e-22,5746,7.0919,-4.4072,0,45.0
0.011293,1.0386,-0.038821,-2.0473999999999998e-21,5747,7.0919,-4.7572,0,45.0
0.0010654,1.0501,-0.013275,-7.5681e-22,5750,7.0919,-5.9596,0,45.0
0.033809,0.98663,-0.20351,-1.5024e-21,5801,7.874,-2.97,0,45.0
0.023954,1.0713,-0.1087,-1.1268999999999999e-21,5804,7.874,-3.7739,0,45.0
-0.053316,1.0641,-0.19049,-1.8624999999999998e-21,5889,9.1598,-2.5172,0,45.0
-0.00036176,1.1554,-0.028323,1.5958999999999998e-21,5895,9.1598,-4.08,0,45.0
-0.098309,1.231,0.072855,-6.068499999999999e-22,5949,10.099,-2.5172,0,45.0
-0.030764,1.216,0.065123,6.797399999999999e-21,5953,10.099,-3.4878,0,45.0
0.00051831,1.1039,0.03439,-1.0163999999999998e-21,5958,10.099,-5.1314,0,45.0
-0.048859,1.1757,0.20502,-8.115599999999999e-21,6011,11.109,-2.97,0,45.0
-0.012026,1.1187,0.11349,-3.8676e-22,6015,11.109,-4.08,0,45.0
-0.030248,1.0521,0.25774,-2.1071e-20,6070,12.196,-2.736,0,45.0
0.0031111,1.044,0.10274,0.0,6077,12.196,-4.7572,0,45.0
0.0079821,1.0371,0.059589,-5.4211e-22,6080,12.196,-5.9596,0,45.0
-0.11799,1.1388,-0.22381,6.998300000000001e-20,6745,-0.57975,-2.4134,0,45.0
0.047475,0.96689,-0.27275,-4.9446e-20,6748,-1.5316,-1.7937,0,45.0
0.072761,0.9095,-0.36415,-7.324000000000001e-20,6789,-1.3571,-1.3571,0,45.0
0.050183,0.88662,-0.46876,4.8970000000000004e-20,6819,-1.1532,-1.1532,0,45.0
-0.038411,0.82952,-0.65177,5.9313e-20,6859,-0.91393,-0.91393,0,45.0
-0.19414,0.983,-0.64032,8.4556e-20,6860,-0.76021,-1.0465,0,45.0
-0.4413,1.0577,-0.50682,-1.8321e-20,6873,-0.46551,-1.1238,0,45.0
-0.54072,1.0272,-0.30658,5.3144e-20,6876,-0.19028,-1.201,0,45.0
-0.60972,0.36607,-0.066173,-4.6345e-20,6897,-0.083909,-1.066,0,45.0
-0.24495,0.0,0.0,0.0,6898,-0.64945,-0.76041,0,45.0
-0.41584,0.0,0.0,0.0,6901,-0.5225,-0.85264,0,45.0
-0.53969,0.0,0.0,0.0,6903,-0.38268,-0.92388,0,45.0
-0.6208,0.0,0.0,0.0,6906,-0.15643,-0.98769,0,45.0
-0.62192,0.0,0.0,0.0,6907,-0.078459,-0.99692,0,45.0
0.12049,0.90937,-0.17827,-1.8431e-20,6923,-2.3204,-1.6853,0,45.0
0.2016,0.82473,-0.11704,6.561199999999999e-21,6929,-2.6029,-0.84595,0,45.0
0.31596,0.66247,-0.16167,-5.725099999999999e-21,6991,-1.87,-0.44916,0,45.0
0.23279,0.74711,-0.27683,-3.829399999999999e-21,6994,-1.7142,-0.87328,0,45.0
0.15736,0.82361,-0.33128,4.9059000000000003e-20,6996,-1.5553,-1.1297,0,45.0
0.4085,0.51896,-0.08942,4.3825e-20,7016,-1.6271,-0.12817,0,45.0
0.3401,0.58939,-0.26575,-5.8043e-20,7019,-1.5541,-0.50503,0,45.0
0.21421,0.69452,-0.43722,6.2037e-20,7031,-1.3165,-0.80663,0,45.0
0.45563,0.37899,-0.1998,-3.8864e-20,7044,-1.3568,-0.21499,0,45.0
0.39299,0.39482,-0.3848,-5.4993e-20,7055,-1.2306,-0.39989,0,45.0
0.1998,0.59041,-0.57138,9.5806e-20,7058,-1.1031,-0.67593,0,45.0
0.042615,0.74859,-0.63797,1.0475000000000001e-19,7060,-0.98326,-0.83971,0,45.0
0.5019,0.15223,-0.22031,2.6748000000000002e-20,7071,-1.1273,-0.17859,0,45.0
0.33619,0.17648,-0.32752,-1.4249e-19,7083,-0.98812,-0.40929,0,45.0
0.52608,0.0,0.0,0.0,7089,-0.98769,-0.15643,0,45.0
0.47879,0.0,0.0,0.0,7090,-0.97237,-0.23345,0,45.0
0.15814,0.0,0.0,0.0,7094,-0.85264,-0.5225,0,45.0
-0.045507,0.0,0.0,0.0,7096,-0.76041,-0.64945,0,45.0
0.16445,0.87436,-0.038928,5.533299999999999e-21,7368,-3.5732,-0.46918,0,45.0
0.14793,0.89116,-0.080148,1.8058e-20,7371,-3.3916,-1.1488,0,45.0
0.060414,0.98333,-0.071763,-3.0374999999999997e-21,8062,-4.1311,-3.4878,0,45.0
-0.033382,1.0705,-0.11508,1.3662e-20,8451,-1.1464,-3.8396,0,45.0
-0.080595,1.1147,-0.099346,2.3687e-20,8570,-0.23491,-3.8016,0,45.0
-0.058169,1.0933,-0.072483,-4.3065e-21,8573,-0.23383,-4.5663,0,45.0
-0.43414,0.0,0.0,0.0,82,0.70711,0.70711,0,46.0
-0.42914,0.021121,0.021965,-2.8611e-20,87,0.85936,0.85936,0,46.0
-0.43077,0.20803,-0.0078304,1.8458e-20,92,0.89178,1.0442,0,46.0
-0.39882,0.62362,-0.058238,-2.4561e-20,101,1.2866,1.2866,0,46.0
-0.28928,1.1471,-0.013946,-3.1350000000000006e-20,112,1.5316,1.7937,0,46.0
-0.20312,1.1712,0.0096359,-7.957399999999999e-22,120,1.8605,2.1789,0,46.0
-0.44402,0.10236,-0.0011399,5.1546e-22,126,0.71472,0.98382,0,46.0
-0.4696,0.0,0.0,0.0,145,0.5225,0.85264,0,46.0
-0.44041,0.42632,-0.012124,-1.4378e-20,149,0.71792,1.1717,0,46.0
-0.35691,1.1521,0.040524,-1.019e-19,155,1.0047,1.6399,0,46.0
-0.46366,0.24488,-0.016037,2.3412e-20,168,0.5522,1.0838,0,46.0
-0.45302,0.69777,0.021296,-2.3645e-20,191,0.52598,1.2698,0,46.0
-0.51972,0.0,0.0,0.0,208,0.30902,0.95106,0,46.0
-0.48858,0.44458,-0.0007936,3.8773e-20,210,0.37591,1.1568,0,46.0
-0.36972,1.2372,0.13601,1.2928e-20,216,0.5338,1.6426,0,46.0
-0.50136,0.55538,0.022942,6.833200000000001e-20,231,0.28397,1.1826,0,46.0
-0.46315,0.94984,0.09833,-4.417e-20,233,0.32087,1.3362,0,46.0
-0.33323,1.2651,0.16934,-6.9844e-20,238,0.42578,1.7727,0,46.0
-0.54137,0.51533,0.047958,4.867299999999999e-21,272,0.089562,1.1377,0,46.0
-0.49286,0.97414,0.16023,1.8286e-20,274,0.1015,1.289,0,46.0
-0.58091,0.0,0.0,0.0,292,0.0,1.0,0,46.0
-0.35534,0.0,0.0,0.0,313,1.0,0.0,0,46.0
-0.3602,-0.031588,-0.14809,-6.654399999999999e-21,319,1.212,0.095424,0,46.0
-0.35982,-0.045398,-0.20582,-1.9352e-21,320,1.2925,0.0,0,46.0
-0.36299,-0.079963,-0.25326,-4.8757999999999994e-21,324,1.4555,0.0,0,46.0
-0.36485,-0.094633,-0.22664,7.996099999999999e-21,325,1.4519,0.11435,0,46.0
-0.3752,-0.16579,-0.29996,6.826399999999999e-21,333,1.8155,0.14304,0,46.0
-0.39835,-0.14214,-0.33769,3.6822999999999995e-21,338,2.1297,0.0,0,46.0
-0.44595,-0.081319,-0.22699,2.9758e-21,348,2.7283,0.0,0,46.0
-0.35543,0.0,0.0,0.0,355,0.98769,0.15643,0,46.0
-0.3717,-0.21657,-0.32147,-1.2798e-20,367,2.1071,0.33402,0,46.0
-0.36823,-0.037097,-0.085284,8.558199999999999e-21,378,1.1826,0.28397,0,46.0
-0.37024,-0.058798,-0.11208,9.531899999999999e-21,379,1.258,0.30208,0,46.0
-0.3741,-0.10217,-0.15834,1.603e-21,381,1.4172,0.34035,0,46.0
-0.38057,-0.13047,-0.21142,-2.0948000000000002e-20,406,1.7344,0.56364,0,46.0
-0.34254,-0.12282,-0.28339,-7.2514e-22,410,2.137,0.69452,0,46.0
-0.27826,-0.091807,-0.2915,-7.7859e-20,413,2.4799,0.80599,0,46.0
-0.2504,-0.077189,-0.27991,6.9744e-20,414,2.6029,0.84595,0,46.0
-0.37634,0.0,0.0,0.0,418,0.92388,0.38268,0,46.0
-0.35597,-0.014551,-0.236,-4.2101e-20,430,1.973,0.81724,0,46.0
-0.3948,-0.035169,0.0032543,1.2492e-20,441,1.0838,0.5522,0,46.0
-0.40157,-0.038263,-0.057029,4.4029e-21,444,1.2989,0.66178,0,46.0
-0.30988,0.23314,-0.2197,4.6839e-20,453,2.1054,1.0726,0,46.0
-0.40003,0.0,0.0,0.0,460,0.85264,0.5225,0,46.0
-0.40023,0.15099,-0.11819,-1.7228e-20,469,1.5546,0.95244,0,46.0
-0.41385,-0.018232,0.028673,-4.0909e-21,483,0.98382,0.71472,0,46.0
-0.41641,0.023401,-0.0013216,1.1764e-20,485,1.1114,0.8074,0,46.0
-0.35577,0.53296,-0.1342,-7.1195e-20,493,1.7261,1.2538,0,46.0
-0.38961,-0.11859,-0.064926,3.188e-20,523,3.187,0.23587,0,46.0
-0.39836,0.14802,0.3268,-4.2786e-20,528,3.8141,0.0,0,46.0
-0.3125,0.23906,0.51185,-1.9554e-20,532,4.2681,0.0,0,46.0
-0.27293,0.11969,0.4666,-5.999e-20,533,4.2628,0.23492,0,46.0
-0.18192,0.29006,0.62944,-1.1305e-20,540,5.282,0.0,0,46.0
-0.18899,0.25744,0.5964,1.9714e-20,543,5.5544,0.23377,0,46.0
-0.2276,0.39325,0.36071,-3.955e-20,547,6.1409,0.23326,0,46.0
-0.2163,0.41364,0.23273,-1.7274000000000002e-19,548,6.4555,0.0,0,46.0
-0.18511,0.66955,-0.3491,6.1708e-20,554,7.4555,0.0,0,46.0
-0.10236,0.80366,-0.53072,-4.5974999999999995e-21,561,8.5669,0.23111,0,46.0
-0.082994,0.75889,-0.49172,-4.4324e-21,565,9.382,0.23039,0,46.0
-0.13809,0.6615,-0.36847,9.1725e-21,570,10.726,0.0,0,46.0
-0.094347,0.77981,0.38491,-2.5496e-20,626,12.738,0.454,0,46.0
-0.15919,-0.0082181,0.34355,1.7122e-20,641,4.1971,0.69968,0,46.0
-0.14426,0.10392,0.49733,-1.3479e-21,643,4.6868,0.69847,0,46.0
-0.27254,0.69111,0.05153,2.2238e-20,649,6.3905,0.6943,0,46.0
-0.16895,0.91739,-0.49753,-1.8941e-20,653,7.7527,0.69096,0,46.0
-0.10742,0.64202,-0.0087542,1.0192e-20,662,11.654,0.68139,0,46.0
-0.14605,-0.077213,-0.10714,5.7004e-20,675,3.2568,0.92918,0,46.0
-0.11515,-0.053909,0.071306,5.3214999999999994e-21,677,3.6808,0.9279,0,46.0
-0.14183,0.3196,0.45963,-2.0902e-20,683,5.1561,0.92345,0,46.0
-0.12809,0.14157,-0.16148,-1.0687e-20,712,2.9753,1.1514,0,46.0
-0.049901,0.12485,0.19459,2.8847e-20,717,4.0596,1.1477,0,46.0
-0.23739,0.79137,0.12053,2.9432000000000003e-20,724,5.9526,1.1414,0,46.0
-0.057282,0.83892,-0.40936,3.9163999999999996e-21,733,9.2192,1.1304,0,46.0
-0.04133,0.38235,0.25805,-1.8479e-20,757,4.4592,1.3602,0,46.0
-0.14102,0.66774,0.26062,3.5474e-20,760,5.2716,1.3574,0,46.0
-0.19351,1.1088,-0.39296,1.8691e-20,766,7.19,1.3508,0,46.0
-0.088349,0.97146,-0.44004,1.4214e-22,769,8.319,1.347,0,46.0
-0.041935,0.68757,-0.30829,-6.5498e-20,774,10.499,1.3395,0,46.0
-0.029502,0.54046,-0.0062255,-1.7707e-20,791,3.3928,1.5691,0,46.0
-0.010468,0.50471,0.092055,-1.5009e-20,793,3.8541,1.5676,0,46.0
-0.084119,0.69479,0.22654,7.0584e-20,797,4.8843,1.5643,0,46.0
-0.21902,1.0784,-0.062103,-4.5288e-20,801,6.0767,1.5606,0,46.0
-0.038008,0.61941,-0.12334,-5.5417999999999994e-21,814,11.41,1.5437,0,46.0
-0.094531,0.85378,-0.042051,3.954e-20,828,2.8331,1.7658,0,46.0
-0.030264,0.90044,0.06802,-5.4581999999999994e-21,871,3.586,1.9485,0,46.0
-0.028424,0.89862,0.119,-5.285699999999999e-21,873,4.0873,1.9478,0,46.0
-0.089687,1.0196,0.12257,2.1269e-20,876,4.9116,1.9466,0,46.0
-0.14749,1.1523,0.02229,5.538e-20,878,5.5135,1.9457,0,46.0
-0.12252,1.2348,-0.23445,-4.1956e-20,961,6.7218,2.3126,0,46.0
-0.087771,1.2411,0.02538,6.931299999999999e-21,996,5.0613,2.5172,0,46.0
-0.11057,1.2748,-0.065639,7.7936e-21,998,5.6893,2.5172,0,46.0
-0.076332,1.1295,-0.26764,-2.0005e-20,1003,7.4758,2.5172,0,46.0
0.0021585,0.85099,-0.17683,-1.0125e-21,1049,10.099,2.736,0,46.0
0.012333,0.76425,-0.095297,-7.1362e-21,1051,11.109,2.736,0,46.0
-0.011398,0.94578,-0.20579,3.1443999999999996e-21,1087,9.1598,2.97,0,46.0
0.020778,0.74055,0.050016,8.830799999999999e-21,1093,12.196,2.97,0,46.0
-0.068103,1.2039,-0.0093076,-5.2661e-21,1116,5.0613,3.2202,0,46.0
-0.04894,1.1357,-0.11933,-2.7346999999999997e-21,1201,6.7218,3.7739,0,46.0
-0.0017287,0.9802,-0.12456,4.5531e-21,1247,9.1598,4.08,0,46.0
0.023385,0.89425,-0.029269,6.983999999999999e-22,1251,11.109,4.08,0,46.0
-0.03165,1.0989,-0.07919,1.5318999999999999e-21,1321,6.7218,4.7572,0,46.0
0.028171,0.939,0.045309,0.0,1333,12.196,4.7572,0,46.0
-0.1056,1.115,0.13436,3.2915e-20,2145,-4.3934e-16,3.1819,0,46.0
-0.074704,1.0955,0.10813,-1.6343e-20,2175,-4.2301e-16,3.807,0,46.0
-0.058036,1.0852,0.092644,-8.3311e-21,2195,-4.1015e-16,4.2993,0,46.0
0.090792,0.90252,0.26532,4.3568e-20,2456,-1.5845,1.5845,0,46.0
0.071655,0.85291,0.43628,-4.8116e-20,2468,-1.1532,1.1532,0,46.0
-0.046229,0.88874,0.57679,-4.7449e-20,2475,-0.89178,1.0442,0,46.0
-0.11827,0.80993,0.62219,-5.862e-21,2479,-0.78951,0.92446,0,46.0
-0.19042,0.0,0.0,0.0,2484,-0.64945,0.76041,0,46.0
-0.057099,0.96299,0.48729,6.9303e-20,2499,-0.90709,1.2487,0,46.0
-0.18024,1.0233,0.55849,8.863399999999999e-21,2522,-0.71792,1.1717,0,46.0
-0.35909,0.0,0.0,0.0,2527,-0.5225,0.85264,0,46.0
-0.033399,1.0279,0.25743,-1.6416e-20,2533,-1.0726,2.1054,0,46.0
-0.33841,0.98008,0.53285,-1.3947e-20,2545,-0.5522,1.0838,0,46.0
-0.48481,0.0,0.0,0.0,2569,-0.38268,0.92388,0,46.0
-0.34125,1.1708,0.46447,7.267399999999999e-21,2585,-0.42475,1.3071,0,46.0
-0.44167,1.0203,0.42176,-5.828e-20,2587,-0.37591,1.1568,0,46.0
-0.57695,0.0,0.0,0.0,2632,-0.15643,0.98769,0,46.0
-0.17731,1.1585,0.21913,-5.9294e-20,2639,-0.17623,2.2362,0,46.0
-0.26055,1.2121,0.27703,-1.0959e-20,2643,-0.14304,1.8155,0,46.0
-0.43591,1.2009,0.31557,-1.4981000000000002e-19,2648,-0.10781,1.369,0,46.0
-0.51701,0.9281,0.22306,2.4491e-20,2650,-0.095424,1.212,0,46.0
-0.54766,0.67416,0.14149,5.4262e-20,2651,-0.089562,1.1377,0,46.0
0.24675,0.77421,-0.011224,-3.9283999999999997e-22,2660,-2.5997,0.0,0,46.0
0.31091,0.68611,-0.013751,2.7304e-22,2668,-2.1297,0.0,0,46.0
0.41082,0.51542,0.045936,-4.5635000000000003e-20,2679,-1.6271,0.12817,0,46.0
0.48461,0.34929,-0.020633,-5.0605e-22,2684,-1.3725,0.0,0,46.0
0.52529,0.2026,-0.021358,-3.2818999999999997e-21,2688,-1.2153,0.0,0,46.0
0.55978,0.049435,-0.01288,-2.198e-22,2692,-1.0692,0.0,0,46.0
0.57002,0.0,0.0,0.0,2695,-1.0,0.0,0,46.0
0.46298,0.37085,0.14871,4.0697e-20,2711,-1.3568,0.21499,0,46.0
0.51308,0.14466,0.17118,-2.1882e-20,2714,-1.1273,0.17859,0,46.0
0.53862,0.0,0.0,0.0,2716,-0.98769,0.15643,0,46.0
0.37786,0.54755,0.16799,-8.3335e-20,2729,-1.5885,0.38151,0,46.0
0.20529,0.81551,0.093642,-6.867e-21,2740,-2.6029,0.84595,0,46.0
0.29999,0.67338,0.16872,1.9960000000000002e-20,2747,-1.8296,0.59459,0,46.0
0.34988,0.57519,0.22407,6.122000000000001e-20,2750,-1.5541,0.50503,0,46.0
0.39748,0.43739,0.30355,-5.9498e-20,2753,-1.3071,0.42475,0,46.0
0.42441,0.2219,0.34144,9.0854e-20,2756,-1.0857,0.35279,0,46.0
0.44085,0.0,0.0,0.0,2758,-0.95106,0.30902,0,46.0
0.27431,0.65027,0.32128,-1.9550000000000002e-20,2792,-1.456,0.74178,0,46.0
0.28646,0.33944,0.47299,-1.783e-19,2798,-1.0172,0.51827,0,46.0
0.28905,0.0,0.0,0.0,2800,-0.89101,0.45399,0,46.0
0.20036,0.78074,0.25218,-2.3736999999999998e-21,2809,-1.7284,1.0589,0,46.0
0.2285,0.69594,0.36078,2.1461e-20,2813,-1.393,0.85347,0,46.0
0.23343,0.60441,0.48169,5.7288e-20,2816,-1.1717,0.71792,0,46.0
0.11566,0.47953,0.552,2.357e-19,2840,-0.92341,0.67086,0,46.0
0.10248,0.0,0.0,0.0,2842,-0.80902,0.58779,0,46.0
0.10522,0.91629,0.15999,2.4456e-20,2844,-2.2843,1.9505,0,46.0
0.12606,0.79836,0.41871,-4.2878e-20,2855,-1.2411,1.0599,0,46.0
0.096558,0.7437,0.55159,-1.5103e-20,2858,-1.0442,0.89178,0,46.0
0.13652,0.9058,-0.0059343,4.7009e-23,2912,-4.3358,0.0,0,46.0
0.16532,0.87144,0.021634,-5.8222999999999995e-21,2951,-3.5732,0.46918,0,46.0
0.15684,0.87844,0.050066,-1.2874000000000001e-20,3011,-3.47,0.92747,0,46.0
0.062676,0.97561,0.073626,2.7767999999999997e-21,3372,-3.8187,3.4878,0,46.0
-0.0046255,1.0346,0.1053,8.113599999999999e-22,4180,-1.5637,4.1771,0,46.0
-0.37461,0.0,0.0,0.0,4394,0.64945,-0.76041,0,46.0
-0.42233,0.0,0.0,0.0,4402,0.45399,-0.89101,0,46.0
-0.4677,0.0,0.0,0.0,4406,0.30902,-0.95106,0,46.0
-0.51711,0.0,0.0,0.0,4410,0.15643,-0.98769,0,46.0
-0.48866,0.76538,-0.11652,-9.949299999999999e-21,4436,0.095424,-1.212,0,46.0
-0.37925,0.24378,-0.011906,1.7219e-20,4441,0.67593,-1.1031,0,46.0
-0.38477,0.53592,-0.027174,9.3641e-21,4453,0.62391,-1.2246,0,46.0
-0.42999,1.2004,-0.28,1.4498000000000001e-19,4459,-8.2717e-17,-1.3725,0,46.0
-0.37594,1.1392,-0.13953,-3.5847e-20,4477,0.47729,-1.4687,0,46.0
-0.33266,0.35363,-0.046078,-5.4333e-21,4483,1.1532,-1.1532,0,46.0
-0.35086,0.87964,-0.058393,-7.2398e-21,4485,0.85347,-1.393,0,46.0
-0.26756,1.2727,-0.27122,-3.0943000000000003e-20,4514,-1.8199e-16,-1.8196,0,46.0
-0.18852,1.2186,-0.21451,6.0464e-20,4558,-2.7552e-16,-2.2408,0,46.0
-0.31566,1.2759,-0.041956,1.8099e-21,4559,1.5316,-1.7937,0,46.0
-0.29233,1.3237,0.044801,-1.4941e-20,4615,2.1213,-2.1213,0,46.0
-0.35978,0.0,0.0,0.0,4627,0.98769,-0.15643,0,46.0
-0.36149,0.0,0.0,0.0,4631,0.95106,-0.30902,0,46.0
-0.359,0.0,0.0,0.0,4635,0.89101,-0.45399,0,46.0
-0.35972,0.0,0.0,0.0,4641,0.76041,-0.64945,0,46.0
-0.35776,-0.023721,-0.12016,7.503e-21,4646,1.0857,-0.35279,0,46.0
-0.35606,-0.03371,-0.042634,9.9219e-21,4651,0.86777,-0.74111,0,46.0
-0.35825,-0.025687,-0.19103,1.8588e-21,4653,1.201,-0.19028,0,46.0
-0.3515,-0.030741,-0.12198,-1.8135999999999997e-21,4657,1.0838,-0.5522,0,46.0
-0.35409,-0.023485,-0.21003,8.8996e-23,4664,1.2306,-0.39989,0,46.0
-0.34636,-0.010942,-0.063365,2.627e-21,4669,0.98326,-0.83971,0,46.0
-0.34449,-0.010156,-0.17801,7.8998e-21,4675,1.2246,-0.62391,0,46.0
-0.36017,-0.04035,-0.28063,-9.9923e-21,4680,1.4391,-0.22804,0,46.0
-0.35285,-0.0048162,-0.26168,4.267599999999999e-21,4682,1.3864,-0.45054,0,46.0
-0.33531,0.074348,-0.071749,4.3962e-22,4687,1.1075,-0.94578,0,46.0
-0.37995,-0.083687,-0.3249,-2.7355e-20,4715,1.8155,-0.14304,0,46.0
-0.35377,0.22607,-0.19489,-4.5616999999999994e-21,4729,1.7142,-0.87328,0,46.0
-0.41397,0.027359,-0.31409,1.2315999999999999e-21,4743,2.1071,-0.33402,0,46.0
-0.40268,0.20702,-0.25425,-1.7723e-20,4745,2.0308,-0.65999,0,46.0
-0.37478,0.35926,-0.16301,-4.8312e-20,4747,1.9027,-0.96929,0,46.0
-0.35343,0.62388,-0.069105,-2.5132000000000002e-20,4749,1.7261,-1.2538,0,46.0
-0.45377,0.37243,-0.1696,7.633099999999999e-21,4772,2.3614,-0.76747,0,46.0
-0.47195,0.43643,-0.1274,-6.0525e-20,4781,2.4799,-0.80599,0,46.0
-0.49564,0.89165,0.15294,-4.6588e-20,4818,2.9753,-1.1514,0,46.0
-0.52594,0.3965,0.17771,3.9249e-20,4825,3.3622,-0.47016,0,46.0
-0.40389,1.2143,0.22134,-8.3973e-21,4830,2.9641,-1.5704,0,46.0
-0.32416,1.3179,0.14804,-3.0278e-20,4832,2.6869,-1.9499,0,46.0
-0.46681,0.65657,0.41602,-2.9574e-21,4846,3.7419,-0.70079,0,46.0
-0.39986,1.1105,0.37373,-8.133199999999999e-21,4849,3.5057,-1.3635,0,46.0
-0.33736,0.37883,0.5445,4.9487000000000003e-20,4864,4.2628,-0.23492,0,46.0
-0.34844,0.684,0.55946,7.3683e-20,4866,4.1971,-0.69968,0,46.0
-0.32617,0.95571,0.50865,-3.5391e-22,4868,4.0596,-1.1477,0,46.0
-0.29279,1.1314,0.41214,4.5980000000000006e-20,4870,3.8541,-1.5676,0,46.0
-0.23243,0.53122,0.6069,-8.6233e-20,4885,4.728,-0.4678,0,46.0
-0.20417,0.94869,0.48016,-3.3268e-20,4889,4.4592,-1.3602,0,46.0
-0.19447,1.1022,0.3389,-5.1601e-21,4892,4.0873,-1.9478,0,46.0
-0.16055,0.809,0.50321,1.3072e-20,4898,4.812,-1.1452,0,46.0
-0.1272,0.66646,0.50547,1.3372e-20,4907,5.1561,-0.92345,0,46.0
-0.11418,0.5166,0.51307,-2.239e-20,4916,5.492,-0.6965,0,46.0
-0.084566,0.87886,0.34056,5.4024e-20,4921,5.0459,-1.7602,0,46.0
-0.06197,0.6241,0.39066,4.6928999999999995e-21,4928,5.6516,-1.1424,0,46.0
-0.096905,0.37938,0.44659,4.6546e-20,4936,6.08,-0.69506,0,46.0
-0.02795,0.7066,0.28384,-7.2285e-21,4940,5.762,-1.5616,0,46.0
-0.066941,0.38994,0.3511,-8.1618e-20,4947,6.3357,-0.91989,0,46.0
-0.0078494,0.71321,0.21937,-1.3134e-20,4951,5.9608,-1.7579,0,46.0
-0.094319,0.56203,-0.32659,2.2282e-21,4986,7.7527,-0.69096,0,46.0
-0.087449,0.7083,-0.51192,-5.516599999999999e-21,5005,8.5472,-0.46122,0,46.0
-0.045474,0.63047,-0.41475,-1.0115e-20,5008,8.3977,-1.1332,0,46.0
-0.004512,0.63009,-0.34985,2.7893e-20,5021,8.5295,-1.7514,0,46.0
-0.076932,0.71522,-0.5213,-7.8071e-21,5027,9.2813,-0.91101,0,46.0
-0.14659,0.8501,-0.34058,4.9376e-20,5059,10.499,-1.3395,0,46.0
-0.18403,0.81941,0.11353,-7.071299999999999e-21,5075,11.684,-0.45582,0,46.0
-0.16271,1.0845,0.090013,3.4788e-20,5081,11.32,-1.7443,0,46.0
-0.11926,0.8904,0.43797,-1.2855e-20,5095,12.738,-0.454,0,46.0
-0.046669,0.97204,0.15612,-8.7258e-21,5561,5.0613,-2.97,0,46.0
-0.028091,0.94147,0.13727,-7.0397e-21,5591,5.3695,-2.97,0,46.0
-0.010567,0.91354,0.1119,3.8551999999999995e-21,5621,5.6893,-2.97,0,46.0
-0.011195,0.95291,0.077148,-3.3076e-21,5623,5.6893,-3.4878,0,46.0
0.040948,0.85642,-0.053678,3.0127999999999996e-21,5741,7.0919,-2.97,0,46.0
0.016955,0.98833,-0.027034,3.1413999999999997e-22,5746,7.0919,-4.4072,0,46.0
0.012509,1.0034,-0.021349,-3.0457999999999998e-21,5747,7.0919,-4.7572,0,46.0
0.0030008,1.0315,-0.0082357,-8.8026e-22,5750,7.0919,-5.9596,0,46.0
0.04819,0.8674,-0.15187,6.5049e-22,5801,7.874,-2.97,0,46.0
0.034388,0.98366,-0.09849,3.3672999999999997e-22,5804,7.874,-3.7739,0,46.0
0.0067952,0.82346,-0.31377,-3.8879e-22,5889,9.1598,-2.5172,0,46.0
0.01882,1.1024,-0.094204,3.4359e-21,5895,9.1598,-4.08,0,46.0
-0.058323,1.04,-0.21297,-1.4830999999999998e-21,5949,10.099,-2.5172,0,46.0
-0.013496,1.2058,-0.063271,7.9872e-21,5953,10.099,-3.4878,0,46.0
0.0080492,1.1041,-0.0075335,-4.6747e-22,5958,10.099,-5.1314,0,46.0
-0.06287,1.246,0.097556,-1.0910000000000001e-20,6011,11.109,-2.97,0,46.0
-0.011409,1.1668,0.057361,4.1696e-22,6015,11.109,-4.08,0,46.0
-0.056023,1.159,0.24841,-3.7068e-20,6070,12.196,-2.736,0,46.0
0.00033699,1.087,0.087947,0.0,6077,12.196,-4.7572,0,46.0
0.0075989,1.0603,0.050544,-5.7334e-22,6080,12.196,-5.9596,0,46.0
-0.097057,1.1311,-0.23024,6.4968e-20,6745,-0.57975,-2.4134,0,46.0
0.06206,0.96033,-0.27233,-4.5911e-20,6748,-1.5316,-1.7937,0,46.0
0.088535,0.90152,-0.36128,-7.0865e-20,6789,-1.3571,-1.3571,0,46.0
0.068419,0.877,-0.464,4.7295e-20,6819,-1.1532,-1.1532,0,46.0
-0.015246,0.81746,-0.64308,5.6821e-20,6859,-0.91393,-0.91393,0,46.0
-0.16555,0.9678,-0.63303,8.1541e-20,6860,-0.76021,-1.0465,0,46.0
-0.40139,1.0357,-0.5004,-1.7410000000000002e-20,6873,-0.46551,-1.1238,0,46.0
-0.49244,0.99807,-0.30346,5.0068e-20,6876,-0.19028,-1.201,0,46.0
-0.55568,0.34956,-0.064471,-4.1577e-20,6897,-0.083909,-1.066,0,46.0
-0.21346,0.0,0.0,0.0,6898,-0.64945,-0.76041,0,46.0
-0.37772,0.0,0.0,0.0,6901,-0.5225,-0.85264,0,46.0
-0.49514,0.0,0.0,0.0,6903,-0.38268,-0.92388,0,46.0
-0.56826,0.0,0.0,0.0,6906,-0.15643,-0.98769,0,46.0
-0.56752,0.0,0.0,0.0,6907,-0.078459,-0.99692,0,46.0
0.12948,0.90569,-0.17698,-1.8236000000000002e-20,6923,-2.3204,-1.6853,0,46.0
0.20613,0.82269,-0.11404,6.894e-21,6929,-2.6029,-0.84595,0,46.0
0.32038,0.66012,-0.1556,-7.640899999999999e-21,6991,-1.87,-0.44916,0,46.0
0.242,0.74234,-0.27165,-2.506e-21,6994,-1.7142,-0.87328,0,46.0
0.16982,0.81722,-0.32708,4.7752e-20,6996,-1.5553,-1.1297,0,46.0
0.41002,0.51807,-0.081284,4.5359e-20,7016,-1.6271,-0.12817,0,46.0
0.34697,0.5857,-0.25809,-5.8538e-20,7019,-1.5541,-0.50503,0,46.0
0.22726,0.68758,-0.42988,5.9718e-20,7031,-1.3165,-0.80663,0,46.0
0.45955,0.37693,-0.18953,-3.9016e-20,7044,-1.3568,-0.21499,0,46.0
0.40158,0.39048,-0.37401,-5.3971e-20,7055,-1.2306,-0.39989,0,46.0
0.21535,0.58248,-0.56132,9.0544e-20,7058,-1.1031,-0.67593,0,46.0
0.063164,0.73798,-0.62874,1.0027e-19,7060,-0.98326,-0.83971,0,46.0
0.50673,0.15028,-0.20909,2.4508e-20,7071,-1.1273,-0.17859,0,46.0
0.34916,0.17286,-0.31922,-1.4069000000000002e-19,7083,-0.98812,-0.40929,0,46.0
0.53123,0.0,0.0,0.0,7089,-0.98769,-0.15643,0,46.0
0.48655,0.0,0.0,0.0,7090,-0.97237,-0.23345,0,46.0
0.17703,0.0,0.0,0.0,7094,-0.85264,-0.5225,0,46.0
-0.020502,0.0,0.0,0.0,7096,-0.76041,-0.64945,0,46.0
0.16571,0.87382,-0.036884,5.891499999999999e-21,7368,-3.5732,-0.46918,0,46.0
0.15168,0.88977,-0.078435,1.7396e-20,7371,-3.3916,-1.1488,0,46.0
0.065891,0.98233,-0.071873,-3.0161999999999998e-21,8062,-4.1311,-3.4878,0,46.0
-0.02146,1.0692,-0.1192,1.3618e-20,8451,-1.1464,-3.8396,0,46.0
-0.067087,1.1147,-0.10617,2.1611e-20,8570,-0.23491,-3.8016,0,46.0
-0.047751,1.0949,-0.077297,-3.9165999999999996e-21,8573,-0.23383,-4.5663,0,46.0
-0.47707,0.0,0.0,0.0,82,0.70711,0.70711,0,47.0
-0.46911,0.025076,0.033664,-3.0874e-20,87,0.85936,0.85936,0,47.0
-0.47082,0.23148,-0.001888,1.4954e-20,92,0.89178,1.0442,0,47.0
-0.45154,0.69791,-0.057747,-1.7589e-20,101,1.2866,1.2866,0,47.0
-0.3386,1.1958,-0.046155,-3.1569e-20,112,1.5316,1.7937,0,47.0
-0.23987,1.1858,-0.036377,-1.7266e-21,120,1.8605,2.1789,0,47.0
-0.48522,0.11292,-0.00086576,2.9888e-22,126,0.71472,0.98382,0,47.0
-0.51371,0.0,0.0,0.0,145,0.5225,0.85264,0,47.0
-0.48235,0.4614,-0.015205,-1.7203e-20,149,0.71792,1.1717,0,47.0
-0.39963,1.1987,0.024282,-1.011e-19,155,1.0047,1.6399,0,47.0
-0.5076,0.26535,-0.019134,2.4026e-20,168,0.5522,1.0838,0,47.0
-0.49692,0.74068,0.016547,-2.4592e-20,191,0.52598,1.2698,0,47.0
-0.56813,0.0,0.0,0.0,208,0.30902,0.95106,0,47.0
-0.53525,0.47391,-0.0037452,4.1398000000000004e-20,210,0.37591,1.1568,0,47.0
-0.40778,1.2709,0.1233,1.3443e-20,216,0.5338,1.6426,0,47.0
-0.54901,0.58768,0.020828,7.2903e-20,231,0.28397,1.1826,0,47.0
-0.50764,0.99254,0.094387,-4.7064e-20,233,0.32087,1.3362,0,47.0
-0.36825,1.2909,0.15568,-7.454e-20,238,0.42578,1.7727,0,47.0
-0.59125,0.54139,0.048309,7.281e-21,272,0.089562,1.1377,0,47.0
-0.53894,1.0126,0.15979,2.0294e-20,274,0.1015,1.289,0,47.0
-0.63227,0.0,0.0,0.0,292,0.0,1.0,0,47.0
-0.34617,0.0,0.0,0.0,313,1.0,0.0,0,47.0
-0.36287,-0.043388,-0.041561,-6.313799999999999e-21,319,1.212,0.095424,0,47.0
-0.35236,-0.059594,-0.098205,-1.5607e-20,320,1.2925,0.0,0,47.0
-0.35426,-0.10076,-0.15422,-3.679e-20,324,1.4555,0.0,0,47.0
-0.36831,-0.10912,-0.12417,-2.0444e-21,325,1.4519,0.11435,0,47.0
-0.37567,-0.18387,-0.24352,5.533299999999999e-21,333,1.8155,0.14304,0,47.0
-0.36578,-0.18803,-0.34947,1.0878000000000001e-20,338,2.1297,0.0,0,47.0
-0.39068,-0.13432,-0.38916,-5.003199999999999e-21,348,2.7283,0.0,0,47.0
-0.36797,0.0,0.0,0.0,355,0.98769,0.15643,0,47.0
-0.39109,-0.2047,-0.31956,-1.5252e-20,367,2.1071,0.33402,0,47.0
-0.39093,-0.047735,0.01617,1.6924e-20,378,1.1826,0.28397,0,47.0
-0.3941,-0.06509,-0.0055458,2.2790000000000002e-20,379,1.258,0.30208,0,47.0
-0.40162,-0.097203,-0.056899,5.9207e-21,381,1.4172,0.34035,0,47.0
-0.4331,-0.074656,-0.14829,-2.5206000000000002e-20,406,1.7344,0.56364,0,47.0
-0.40921,-0.021141,-0.28862,-9.0361e-21,410,2.137,0.69452,0,47.0
-0.34181,0.036044,-0.36518,-9.7767e-20,413,2.4799,0.80599,0,47.0
-0.30945,0.053379,-0.37712,7.1781e-20,414,2.6029,0.84595,0,47.0
-0.41469,0.0,0.0,0.0,418,0.92388,0.38268,0,47.0
-0.43206,0.10342,-0.22086,-2.9980000000000005e-20,430,1.973,0.81724,0,47.0
-0.43427,-0.038167,0.069688,1.2714e-20,441,1.0838,0.5522,0,47.0
-0.4467,-0.0077884,0.017384,2.5344e-20,444,1.2989,0.66178,0,47.0
-0.39454,0.38649,-0.24235,4.4552000000000003e-20,453,2.1054,1.0726,0,47.0
-0.44417,0.0,0.0,0.0,460,0.85264,0.5225,0,47.0
-0.4638,0.23777,-0.081956,-3.1045999999999998e-21,469,1.5546,0.95244,0,47.0
-0.45452,-0.017377,0.064099,-5.3454999999999994e-21,483,0.98382,0.71472,0,47.0
-0.45813,0.043059,0.042278,3.8958999999999994e-21,485,1.1114,0.8074,0,47.0
-0.42886,0.64883,-0.14227,-6.6977e-20,493,1.7261,1.2538,0,47.0
-0.36684,-0.14446,-0.31948,1.0299e-20,523,3.187,0.23587,0,47.0
-0.42043,0.13907,0.060315,-4.1612e-20,528,3.8141,0.0,0,47.0
-0.36734,0.26075,0.31758,-3.8477e-20,532,4.2681,0.0,0,47.0
-0.31227,0.13343,0.25195,-6.962000000000001e-20,533,4.2628,0.23492,0,47.0
-0.19563,0.43631,0.60187,5.4109e-21,540,5.282,0.0,0,47.0
-0.16293,0.36888,0.60587,-2.3377e-20,543,5.5544,0.23377,0,47.0
-0.15899,0.36986,0.60658,-2.2987e-20,547,6.1409,0.23326,0,47.0
-0.15868,0.3889,0.55759,-9.759200000000001e-20,548,6.4555,0.0,0,47.0
-0.20568,0.5457,0.055092,9.761900000000001e-20,554,7.4555,0.0,0,47.0
-0.14895,0.81604,-0.47599,-1.1878000000000001e-20,561,8.5669,0.23111,0,47.0
-0.09273,0.82438,-0.51365,4.5925999999999995e-21,565,9.382,0.23039,0,47.0
-0.091608,0.73087,-0.48461,3.5099e-21,570,10.726,0.0,0,47.0
-0.11773,0.70363,0.10833,-3.9482e-20,626,12.738,0.454,0,47.0
-0.17148,-0.019848,0.093407,2.8361e-20,641,4.1971,0.69968,0,47.0
-0.14347,0.10198,0.33087,1.5828e-20,643,4.6868,0.69847,0,47.0
-0.18539,0.46306,0.46671,-4.382e-21,649,6.3905,0.6943,0,47.0
-0.23392,0.8711,-0.27285,-6.268899999999999e-21,653,7.7527,0.69096,0,47.0
-0.088671,0.64954,-0.31122,1.7325e-20,662,11.654,0.68139,0,47.0
-0.17015,-0.0066513,-0.32482,7.140600000000001e-20,675,3.2568,0.92918,0,47.0
-0.12476,-0.046605,-0.19528,3.4361999999999997e-22,677,3.6808,0.9279,0,47.0
-0.08371,0.19685,0.44048,-4.0898e-20,683,5.1561,0.92345,0,47.0
-0.17558,0.28468,-0.29579,-1.5191e-20,712,2.9753,1.1514,0,47.0
-0.038597,0.073098,-0.037367,3.154e-20,717,4.0596,1.1477,0,47.0
-0.12103,0.49342,0.42887,1.7836e-20,724,5.9526,1.1414,0,47.0
-0.081457,0.93919,-0.45169,1.3901e-21,733,9.2192,1.1304,0,47.0
0.011624,0.23061,0.11381,-2.6378e-21,757,4.4592,1.3602,0,47.0
-0.028616,0.3785,0.35079,1.8197e-20,760,5.2716,1.3574,0,47.0
-0.2272,1.0449,-0.14062,-1.1285e-21,766,7.19,1.3508,0,47.0
-0.14073,1.0737,-0.43249,-7.807e-24,769,8.319,1.347,0,47.0
-0.039173,0.80825,-0.35253,-3.7116e-20,774,10.499,1.3395,0,47.0
-0.042484,0.6033,-0.12656,-3.4728e-20,791,3.3928,1.5691,0,47.0
0.011934,0.48169,-0.046478,-2.4697e-20,793,3.8541,1.5676,0,47.0
0.016194,0.44163,0.22093,5.5941e-20,797,4.8843,1.5643,0,47.0
-0.12499,0.80828,0.233,-4.5910000000000006e-20,801,6.0767,1.5606,0,47.0
-0.031469,0.70428,-0.27378,1.8526e-22,814,11.41,1.5437,0,47.0
-0.13376,0.91267,-0.13174,6.0941e-20,828,2.8331,1.7658,0,47.0
-0.017852,0.86785,-0.012227,1.3418e-20,871,3.586,1.9485,0,47.0
0.021545,0.80081,0.062597,-6.599699999999999e-21,873,4.0873,1.9478,0,47.0
0.01069,0.79736,0.176,2.7982000000000003e-20,876,4.9116,1.9466,0,47.0
-0.045864,0.91086,0.19095,2.0819e-20,878,5.5135,1.9457,0,47.0
-0.11954,1.2714,-0.099736,-5.2028000000000004e-20,961,6.7218,2.3126,0,47.0
-0.021104,1.1316,0.11569,-7.976899999999999e-21,996,5.0613,2.5172,0,47.0
-0.055994,1.2096,0.070195,9.7271e-22,998,5.6893,2.5172,0,47.0
-0.092804,1.2253,-0.2129,-3.1528000000000003e-20,1003,7.4758,2.5172,0,47.0
-0.0084619,0.92475,-0.2226,-1.2483999999999998e-21,1049,10.099,2.736,0,47.0
0.0055744,0.83589,-0.16785,-5.7547e-21,1051,11.109,2.736,0,47.0
-0.024009,1.021,-0.22474,4.7304999999999996e-21,1087,9.1598,2.97,0,47.0
0.017302,0.77148,-0.060306,7.482199999999999e-21,1093,12.196,2.97,0,47.0
-0.031713,1.1557,0.049619,-2.0981999999999996e-21,1116,5.0613,3.2202,0,47.0
-0.041302,1.165,-0.070021,-1.4740999999999998e-21,1201,6.7218,3.7739,0,47.0
-0.0086733,1.0269,-0.13754,4.826799999999999e-21,1247,9.1598,4.08,0,47.0
0.016776,0.91952,-0.083156,5.9666e-22,1251,11.109,4.08,0,47.0
-0.026783,1.1161,-0.052426,6.6846e-22,1321,6.7218,4.7572,0,47.0
0.025338,0.92809,-0.0054519,0.0,1333,12.196,4.7572,0,47.0
-0.1223,1.122,0.12376,3.5464e-20,2145,-4.3934e-16,3.1819,0,47.0
-0.08778,1.0988,0.098804,-1.7452e-20,2175,-4.2301e-16,3.807,0,47.0
-0.068899,1.0864,0.084633,-8.8279e-21,2195,-4.1015e-16,4.2993,0,47.0
0.078412,0.91191,0.2696,4.5778e-20,2456,-1.5845,1.5845,0,47.0
0.054338,0.86601,0.44484,-4.9698e-20,2468,-1.1532,1.1532,0,47.0
-0.070154,0.90565,0.58766,-4.7910000000000006e-20,2475,-0.89178,1.0442,0,47.0
-0.14664,0.82791,0.63555,-4.3681999999999996e-21,2479,-0.78951,0.92446,0,47.0
-0.22333,0.0,0.0,0.0,2484,-0.64945,0.76041,0,47.0
-0.079684,0.97956,0.49464,7.3283e-20,2499,-0.90709,1.2487,0,47.0
-0.20889,1.0436,0.56701,8.2012e-21,2522,-0.71792,1.1717,0,47.0
-0.39811,0.0,0.0,0.0,2527,-0.5225,0.85264,0,47.0
-0.050074,1.0396,0.25689,-1.749e-20,2533,-1.0726,2.1054,0,47.0
-0.37511,1.004,0.54318,-1.5126e-20,2545,-0.5522,1.0838,0,47.0
-0.52923,0.0,0.0,0.0,2569,-0.38268,0.92388,0,47.0
-0.3766,1.1964,0.46874,7.4856e-21,2585,-0.42475,1.3071,0,47.0
-0.4833,1.0483,0.42961,-6.178900000000001e-20,2587,-0.37591,1.1568,0,47.0
-0.62697,0.0,0.0,0.0,2632,-0.15643,0.98769,0,47.0
-0.20091,1.174,0.21099,-6.3804e-20,2639,-0.17623,2.2362,0,47.0
-0.28988,1.2328,0.27064,-1.1356e-20,2643,-0.14304,1.8155,0,47.0
-0.47683,1.2333,0.31557,-1.5984e-19,2648,-0.10781,1.369,0,47.0
-0.564,0.96148,0.22657,2.4777e-20,2650,-0.095424,1.212,0,47.0
-0.5969,0.70154,0.1449,5.6302e-20,2651,-0.089562,1.1377,0,47.0
0.24833,0.77425,-0.0043649,-2.0305999999999999e-22,2660,-2.5997,0.0,0,47.0
0.31256,0.68615,-0.0046307,7.6235e-23,2668,-2.1297,0.0,0,47.0
0.41068,0.51675,0.058883,-4.4124000000000003e-20,2679,-1.6271,0.12817,0,47.0
0.48644,0.34932,-0.0046479,-7.309699999999999e-22,2684,-1.3725,0.0,0,47.0
0.52718,0.20261,-0.0038884,4.006e-21,2688,-1.2153,0.0,0,47.0
0.56172,0.049443,-0.0010886,-5.600199999999999e-22,2692,-1.0692,0.0,0,47.0
0.57196,0.0,0.0,0.0,2695,-1.0,0.0,0,47.0
0.46025,0.3738,0.16455,4.0434e-20,2711,-1.3568,0.21499,0,47.0
0.50927,0.1474,0.18759,-2.4421e-20,2714,-1.1273,0.17859,0,47.0
0.53442,0.0,0.0,0.0,2716,-0.98769,0.15643,0,47.0
0.37394,0.55147,0.1806,-8.582700000000001e-20,2729,-1.5885,0.38151,0,47.0
0.20203,0.81863,0.099403,-6.5450000000000005e-21,2740,-2.6029,0.84595,0,47.0
0.29518,0.67792,0.17855,1.7561e-20,2747,-1.8296,0.59459,0,47.0
0.34406,0.58041,0.23639,6.0493e-20,2750,-1.5541,0.50503,0,47.0
0.39015,0.44332,0.31893,-5.6067e-20,2753,-1.3071,0.42475,0,47.0
0.4148,0.22744,0.3576,9.396900000000001e-20,2756,-1.0857,0.35279,0,47.0
0.43041,0.0,0.0,0.0,2758,-0.95106,0.30902,0,47.0
0.26468,0.65811,0.33275,-1.7508e-20,2792,-1.456,0.74178,0,47.0
0.27095,0.34791,0.48866,-1.8453000000000003e-19,2798,-1.0172,0.51827,0,47.0
0.27227,0.0,0.0,0.0,2800,-0.89101,0.45399,0,47.0
0.19122,0.78821,0.25989,-9.082799999999999e-22,2809,-1.7284,1.0589,0,47.0
0.21696,0.70509,0.37169,1.9651000000000002e-20,2813,-1.393,0.85347,0,47.0
0.21909,0.61491,0.49575,6.0826e-20,2816,-1.1717,0.71792,0,47.0
0.094112,0.49108,0.56693,2.4484e-19,2840,-0.92341,0.67086,0,47.0
0.079263,0.0,0.0,0.0,2842,-0.80902,0.58779,0,47.0
0.097042,0.92214,0.1626,2.5906e-20,2844,-2.2843,1.9505,0,47.0
0.11067,0.81015,0.42817,-4.6047e-20,2855,-1.2411,1.0599,0,47.0
0.077443,0.75737,0.56429,-1.4339e-20,2858,-1.0442,0.89178,0,47.0
0.13801,0.90583,-0.0028047,5.9995e-22,2912,-4.3358,0.0,0,47.0
0.16523,0.87238,0.025739,-5.474899999999999e-21,2951,-3.5732,0.46918,0,47.0
0.15514,0.88028,0.05393,-1.3696e-20,3011,-3.47,0.92747,0,47.0
0.057884,0.97799,0.074043,2.8123999999999997e-21,3372,-3.8187,3.4878,0,47.0
-0.013706,1.0379,0.10202,1.174e-21,4180,-1.5637,4.1771,0,47.0
-0.33014,0.0,0.0,0.0,4394,0.64945,-0.76041,0,47.0
-0.37417,0.0,0.0,0.0,4402,0.45399,-0.89101,0,47.0
-0.41653,0.0,0.0,0.0,4406,0.30902,-0.95106,0,47.0
-0.46356,0.0,0.0,0.0,4410,0.15643,-0.98769,0,47.0
-0.43707,0.73082,-0.11593,-5.689499999999999e-21,4436,0.095424,-1.212,0,47.0
-0.33415,0.21913,-0.014686,1.4257e-20,4441,0.67593,-1.1031,0,47.0
-0.3386,0.49582,-0.031785,9.1835e-21,4453,0.62391,-1.2246,0,47.0
-0.38412,1.1652,-0.28116,1.3382000000000002e-19,4459,-8.2717e-17,-1.3725,0,47.0
-0.33136,1.0958,-0.14787,-3.4138e-20,4477,0.47729,-1.4687,0,47.0
-0.28702,0.30483,-0.042365,-9.2624e-21,4483,1.1532,-1.1532,0,47.0
-0.30563,0.82439,-0.066701,-6.4266e-21,4485,0.85347,-1.393,0,47.0
-0.23349,1.2516,-0.27973,-2.858e-20,4514,-1.8199e-16,-1.8196,0,47.0
-0.16064,1.2031,-0.22461,5.5174e-20,4558,-2.7552e-16,-2.2408,0,47.0
-0.26719,1.23,-0.074982,5.3235999999999995e-22,4559,1.5316,-1.7937,0,47.0
-0.25986,1.3175,-0.0080954,-1.2754e-20,4615,2.1213,-2.1213,0,47.0
-0.33341,0.0,0.0,0.0,4627,0.98769,-0.15643,0,47.0
-0.32495,0.0,0.0,0.0,4631,0.95106,-0.30902,0,47.0
-0.31781,0.0,0.0,0.0,4635,0.89101,-0.45399,0,47.0
-0.31645,0.0,0.0,0.0,4641,0.76041,-0.64945,0,47.0
-0.32356,-0.019141,-0.068718,-6.550199999999999e-21,4646,1.0857,-0.35279,0,47.0
-0.31414,-0.031694,-0.033491,8.056e-21,4651,0.86777,-0.74111,0,47.0
-0.33428,-0.031189,-0.10323,-1.9295e-21,4653,1.201,-0.19028,0,47.0
-0.31306,-0.029115,-0.081333,-5.6505999999999995e-22,4657,1.0838,-0.5522,0,47.0
-0.31995,-0.031091,-0.13884,-3.4472999999999996e-22,4664,1.2306,-0.39989,0,47.0
-0.30562,-0.017235,-0.048137,1.2848999999999999e-21,4669,0.98326,-0.83971,0,47.0
-0.30547,-0.022609,-0.12932,1.2407e-20,4675,1.2246,-0.62391,0,47.0
-0.33234,-0.066238,-0.19424,1.3257e-20,4680,1.4391,-0.22804,0,47.0
-0.31527,-0.029058,-0.19317,-4.8995e-22,4682,1.3864,-0.45054,0,47.0
-0.29377,0.05208,-0.05571,2.4621999999999997e-21,4687,1.1075,-0.94578,0,47.0
-0.34608,-0.13015,-0.27964,-4.9117999999999994e-21,4715,1.8155,-0.14304,0,47.0
-0.29058,0.16047,-0.18514,6.6943e-21,4729,1.7142,-0.87328,0,47.0
-0.3476,-0.043887,-0.33239,-7.83e-21,4743,2.1071,-0.33402,0,47.0
-0.3251,0.13017,-0.27212,-5.0171e-21,4745,2.0308,-0.65999,0,47.0
-0.29891,0.27654,-0.1778,-2.8363e-20,4747,1.9027,-0.96929,0,47.0
-0.28482,0.52658,-0.086263,-1.7045e-20,4749,1.7261,-1.2538,0,47.0
-0.35998,0.28617,-0.24421,3.6836999999999995e-21,4772,2.3614,-0.76747,0,47.0
-0.37622,0.34898,-0.22164,-6.1549e-20,4781,2.4799,-0.80599,0,47.0
-0.43507,0.78908,-0.0055641,-3.9010000000000006e-20,4818,2.9753,-1.1514,0,47.0
-0.49069,0.3568,-0.058734,-3.871e-20,4825,3.3622,-0.47016,0,47.0
-0.37497,1.1625,0.1049,4.494199999999999e-21,4830,2.9641,-1.5704,0,47.0
-0.29941,1.3186,0.073847,-2.8117e-20,4832,2.6869,-1.9499,0,47.0
-0.49339,0.63954,0.19655,-6.749e-21,4846,3.7419,-0.70079,0,47.0
-0.41792,1.0994,0.23769,2.1086e-21,4849,3.5057,-1.3635,0,47.0
-0.40582,0.40989,0.36924,2.8224e-20,4864,4.2628,-0.23492,0,47.0
-0.42912,0.72922,0.42185,6.1665e-20,4866,4.1971,-0.69968,0,47.0
-0.39779,1.0153,0.41215,1.8949e-21,4868,4.0596,-1.1477,0,47.0
-0.34167,1.2093,0.347,6.3059e-20,4870,3.8541,-1.5676,0,47.0
-0.31064,0.62879,0.57058,-9.4629e-20,4885,4.728,-0.4678,0,47.0
-0.27858,1.0708,0.47762,-3.4467e-20,4889,4.4592,-1.3602,0,47.0
-0.23648,1.2041,0.32236,-8.451e-21,4892,4.0873,-1.9478,0,47.0
-0.23597,0.94373,0.53568,1.6639e-20,4898,4.812,-1.1452,0,47.0
-0.18989,0.81206,0.56348,1.0087e-20,4907,5.1561,-0.92345,0,47.0
-0.15281,0.68791,0.56574,-1.1752e-20,4916,5.492,-0.6965,0,47.0
-0.13634,0.9935,0.39357,5.3243000000000003e-20,4921,5.0459,-1.7602,0,47.0
-0.10473,0.77562,0.4682,4.2265e-25,4928,5.6516,-1.1424,0,47.0
-0.1013,0.59302,0.49778,4.0637e-20,4936,6.08,-0.69506,0,47.0
-0.070683,0.82542,0.37271,-1.6665e-20,4940,5.762,-1.5616,0,47.0
-0.072831,0.5943,0.42813,-5.3169e-20,4947,6.3357,-0.91989,0,47.0
-0.046999,0.81719,0.31451,-1.8105000000000002e-20,4951,5.9608,-1.7579,0,47.0
-0.11051,0.46958,0.013436,-4.1585999999999996e-22,4986,7.7527,-0.69096,0,47.0
-0.11134,0.65984,-0.38561,-1.2338e-20,5005,8.5472,-0.46122,0,47.0
-0.049282,0.54979,-0.21392,-1.6164e-20,5008,8.3977,-1.1332,0,47.0
0.0038687,0.56438,-0.16409,2.6512000000000002e-20,5021,8.5295,-1.7514,0,47.0
-0.061134,0.70458,-0.4598,-1.1894e-20,5027,9.2813,-0.91101,0,47.0
-0.077568,0.7816,-0.49621,5.2026e-20,5059,10.499,-1.3395,0,47.0
-0.15711,0.74941,-0.30087,-6.4752999999999994e-21,5075,11.684,-0.45582,0,47.0
-0.12028,0.93502,-0.29236,5.3896e-20,5081,11.32,-1.7443,0,47.0
-0.16667,0.84216,0.1856,-1.528e-20,5095,12.738,-0.454,0,47.0
-0.071171,1.0267,0.19364,-7.5841e-21,5561,5.0613,-2.97,0,47.0
-0.053004,0.99183,0.18604,-1.1887000000000001e-20,5591,5.3695,-2.97,0,47.0
-0.035273,0.95758,0.17206,2.1056999999999997e-21,5621,5.6893,-2.97,0,47.0
-0.028908,0.9813,0.12598,-8.7504e-22,5623,5.6893,-3.4878,0,47.0
0.023909,0.84805,0.04846,1.3842e-21,5741,7.0919,-2.97,0,47.0
0.012306,0.96824,0.01379,-1.3467e-22,5746,7.0919,-4.4072,0,47.0
0.0095622,0.98478,0.010725,-3.4066e-21,5747,7.0919,-4.7572,0,47.0
0.0034465,1.0192,0.0056383,-7.1741e-22,5750,7.0919,-5.9596,0,47.0
0.042048,0.82504,-0.051569,1.4710999999999998e-21,5801,7.874,-2.97,0,47.0
0.033057,0.92622,-0.043088,1.8536e-21,5804,7.874,-3.7739,0,47.0
0.032374,0.70515,-0.23399,-2.3097e-21,5889,9.1598,-2.5172,0,47.0
0.033224,1.0185,-0.11134,2.5071e-21,5895,9.1598,-4.08,0,47.0
-0.0018637,0.83567,-0.34028,-9.0565e-22,5949,10.099,-2.5172,0,47.0
0.0172,1.078,-0.1755,4.3472e-21,5953,10.099,-3.4878,0,47.0
0.018343,1.0784,-0.044607,3.6458e-22,5958,10.099,-5.1314,0,47.0
-0.042267,1.1456,-0.12254,-3.1606999999999995e-21,6011,11.109,-2.97,0,47.0
0.00017042,1.1754,-0.031865,1.6477999999999999e-21,6015,11.109,-4.08,0,47.0
-0.080338,1.22,0.12683,-5.3256e-20,6070,12.196,-2.736,0,47.0
0.0016401,1.1233,0.050562,0.0,6077,12.196,-4.7572,0,47.0
0.01003,1.0778,0.030292,-3.6884999999999998e-22,6080,12.196,-5.9596,0,47.0
-0.074875,1.1191,-0.23534,6.0263e-20,6745,-0.57975,-2.4134,0,47.0
0.078326,0.95089,-0.26948,-4.2362e-20,6748,-1.5316,-1.7937,0,47.0
0.10638,0.89052,-0.35517,-6.873000000000001e-20,6789,-1.3571,-1.3571,0,47.0
0.089233,0.86404,-0.45549,4.5706e-20,6819,-1.1532,-1.1532,0,47.0
0.011839,0.80164,-0.63002,5.3701e-20,6859,-0.91393,-0.91393,0,47.0
-0.13327,0.94842,-0.6219,7.8367e-20,6860,-0.76021,-1.0465,0,47.0
-0.35848,1.0099,-0.49128,-1.683e-20,6873,-0.46551,-1.1238,0,47.0
-0.44335,0.96633,-0.29839,4.6956e-20,6876,-0.19028,-1.201,0,47.0
-0.50191,0.33396,-0.062512,-3.8540000000000005e-20,6897,-0.083909,-1.066,0,47.0
-0.17682,0.0,0.0,0.0,6898,-0.64945,-0.76041,0,47.0
-0.33505,0.0,0.0,0.0,6901,-0.5225,-0.85264,0,47.0
-0.44717,0.0,0.0,0.0,6903,-0.38268,-0.92388,0,47.0
-0.51493,0.0,0.0,0.0,6906,-0.15643,-0.98769,0,47.0
-0.51336,0.0,0.0,0.0,6907,-0.078459,-0.99692,0,47.0
0.14021,0.90013,-0.17342,-1.8084e-20,6923,-2.3204,-1.6853,0,47.0
0.21254,0.81966,-0.10827,7.2317e-21,6929,-2.6029,-0.84595,0,47.0
0.32693,0.65679,-0.14549,-9.6789e-21,6991,-1.87,-0.44916,0,47.0
0.25341,0.73569,-0.26269,-1.0339e-21,6994,-1.7142,-0.87328,0,47.0
0.18446,0.80838,-0.31934,4.6658e-20,6996,-1.5553,-1.1297,0,47.0
0.41365,0.51681,-0.068343,4.7094e-20,7016,-1.6271,-0.12817,0,47.0
0.35628,0.58056,-0.2458,-5.938800000000001e-20,7019,-1.5541,-0.50503,0,47.0
0.24314,0.67809,-0.41805,5.7372e-20,7031,-1.3165,-0.80663,0,47.0
0.46594,0.37402,-0.17371,-3.9377e-20,7044,-1.3568,-0.21499,0,47.0
0.41329,0.38443,-0.35764,-5.3203e-20,7055,-1.2306,-0.39989,0,47.0
0.23464,0.57169,-0.5462,8.3611e-20,7058,-1.1031,-0.67593,0,47.0
0.087633,0.72388,-0.61489,9.4618e-20,7060,-0.98326,-0.83971,0,47.0
0.51439,0.14756,-0.1927,2.1941e-20,7071,-1.1273,-0.17859,0,47.0
0.36635,0.16803,-0.30777,-1.3933000000000002e-19,7083,-0.98812,-0.40929,0,47.0
0.53934,0.0,0.0,0.0,7089,-0.98769,-0.15643,0,47.0
0.49776,0.0,0.0,0.0,7090,-0.97237,-0.23345,0,47.0
0.20086,0.0,0.0,0.0,7094,-0.85264,-0.5225,0,47.0
0.0097567,0.0,0.0,0.0,7096,-0.76041,-0.64945,0,47.0
0.16884,0.87295,-0.032771,6.250599999999999e-21,7368,-3.5732,-0.46918,0,47.0
0.15721,0.88757,-0.074733,1.6775e-20,7371,-3.3916,-1.1488,0,47.0
0.073058,0.98027,-0.07127,-2.9946999999999996e-21,8062,-4.1311,-3.4878,0,47.0
-0.0078166,1.0651,-0.12344,1.3494000000000001e-20,8451,-1.1464,-3.8396,0,47.0
-0.051578,1.111,-0.114,1.9528e-20,8570,-0.23491,-3.8016,0,47.0
-0.035231,1.0938,-0.08361,-3.5131e-21,8573,-0.23383,-4.5663,0,47.0
-0.49832,0.0,0.0,0.0,82,0.70711,0.70711,0,48.0
-0.48778,0.022993,0.041231,-3.5084e-20,87,0.85936,0.85936,0,48.0
-0.4885,0.24054,0.004949,1.4664e-20,92,0.89178,1.0442,0,48.0
-0.47963,0.74891,-0.045159,-9.1097e-21,101,1.2866,1.2866,0,48.0
-0.37672,1.245,-0.062004,-2.7770000000000005e-20,112,1.5316,1.7937,0,48.0
-0.27572,1.2154,-0.070072,-3.097e-21,120,1.8605,2.1789,0,48.0
-0.5054,0.1152,0.00085181,-1.1851e-21,126,0.71472,0.98382,0,48.0
-0.53658,0.0,0.0,0.0,145,0.5225,0.85264,0,48.0
-0.50334,0.48252,-0.014233,-2.0920000000000003e-20,149,0.71792,1.1717,0,48.0
-0.42527,1.2387,0.018889,-9.377700000000001e-20,155,1.0047,1.6399,0,48.0
-0.531,0.27569,-0.018961,2.3964e-20,168,0.5522,1.0838,0,48.0
-0.52126,0.77067,0.016233,-2.3939e-20,191,0.52598,1.2698,0,48.0
-0.59631,0.0,0.0,0.0,208,0.30902,0.95106,0,48.0
-0.56218,0.49224,-0.0038347,4.4898e-20,210,0.37591,1.1568,0,48.0
-0.43052,1.3004,0.11807,1.3452e-20,216,0.5338,1.6426,0,48.0
-0.57756,0.60913,0.021101,7.794900000000001e-20,231,0.28397,1.1826,0,48.0
-0.53428,1.0248,0.094336,-4.9204e-20,233,0.32087,1.3362,0,48.0
-0.38991,1.3154,0.14929,-7.6596e-20,238,0.42578,1.7727,0,48.0
-0.6233,0.55888,0.049451,4.488899999999999e-21,272,0.089562,1.1377,0,48.0
-0.56842,1.0421,0.16164,2.0504e-20,274,0.1015,1.289,0,48.0
-0.66655,0.0,0.0,0.0,292,0.0,1.0,0,48.0
-0.35538,0.0,0.0,0.0,313,1.0,0.0,0,48.0
-0.37969,-0.045901,0.081436,-6.2036999999999995e-21,319,1.212,0.095424,0,48.0
-0.36286,-0.063782,0.038339,-2.5470000000000004e-20,320,1.2925,0.0,0,48.0
-0.36599,-0.10769,-0.0099334,-6.1415e-20,324,1.4555,0.0,0,48.0
-0.38827,-0.10525,0.02009,-1.0247e-21,325,1.4519,0.11435,0,48.0
-0.40244,-0.1719,-0.10998,1.5862e-20,333,1.8155,0.14304,0,48.0
-0.36972,-0.21916,-0.25902,1.5731e-20,338,2.1297,0.0,0,48.0
-0.35316,-0.20216,-0.45011,-1.4745e-20,348,2.7283,0.0,0,48.0
-0.39206,0.0,0.0,0.0,355,0.98769,0.15643,0,48.0
-0.44006,-0.14201,-0.21917,-1.7533000000000002e-20,367,2.1071,0.33402,0,48.0
-0.41714,-0.048259,0.12239,1.9269e-20,378,1.1826,0.28397,0,48.0
-0.42095,-0.058387,0.11419,2.6588e-20,379,1.258,0.30208,0,48.0
-0.43212,-0.073115,0.073348,3.2185e-21,381,1.4172,0.34035,0,48.0
-0.48226,0.0036291,-0.036647,-5.1035e-21,406,1.7344,0.56364,0,48.0
-0.48522,0.11518,-0.21819,-1.1048e-20,410,2.137,0.69452,0,48.0
-0.42879,0.22014,-0.35106,-1.0678000000000001e-19,413,2.4799,0.80599,0,48.0
-0.39627,0.25109,-0.38385,6.8255e-20,414,2.6029,0.84595,0,48.0
-0.44658,0.0,0.0,0.0,418,0.92388,0.38268,0,48.0
-0.50185,0.22718,-0.15169,-8.8234e-21,430,1.973,0.81724,0,48.0
-0.4596,-0.037445,0.12627,1.0580000000000002e-20,441,1.0838,0.5522,0,48.0
-0.47288,0.020818,0.098813,3.7226e-20,444,1.2989,0.66178,0,48.0
-0.47485,0.5307,-0.22042,3.2492e-20,453,2.1054,1.0726,0,48.0
-0.47187,0.0,0.0,0.0,460,0.85264,0.5225,0,48.0
-0.50179,0.30238,-0.024276,1.2899e-20,469,1.5546,0.95244,0,48.0
-0.47515,-0.018591,0.089393,-7.360599999999999e-21,483,0.98382,0.71472,0,48.0
-0.47683,0.0519,0.081886,-1.9264999999999997e-21,485,1.1114,0.8074,0,48.0
-0.4823,0.74059,-0.12441,-5.1730000000000004e-20,493,1.7261,1.2538,0,48.0
-0.33425,-0.17061,-0.5032,-1.6118e-20,523,3.187,0.23587,0,48.0
-0.37817,0.060291,-0.24816,-2.8142e-20,528,3.8141,0.0,0,48.0
-0.37579,0.20896,0.010408,-5.3109e-20,532,4.2681,0.0,0,48.0
-0.31524,0.085253,-0.06683,-5.8993e-20,533,4.2628,0.23492,0,48.0
-0.24264,0.47466,0.51414,2.0447e-20,540,5.282,0.0,0,48.0
-0.17899,0.43042,0.53467,-5.5339e-20,543,5.5544,0.23377,0,48.0
-0.13711,0.49298,0.58945,9.561e-21,547,6.1409,0.23326,0,48.0
-0.13016,0.54051,0.58524,-1.9286e-20,548,6.4555,0.0,0,48.0
-0.16048,0.47449,0.46292,8.2188e-20,554,7.4555,0.0,0,48.0
-0.20407,0.73326,-0.19847,-1.2961e-20,561,8.5669,0.23111,0,48.0
-0.13697,0.83586,-0.47032,1.0433e-20,565,9.382,0.23039,0,48.0
-0.077482,0.80328,-0.48933,4.8664e-23,570,10.726,0.0,0,48.0
-0.10676,0.67504,-0.23774,-3.0517e-20,626,12.738,0.454,0,48.0
-0.16894,-0.026422,-0.22365,4.7441e-20,641,4.1971,0.69968,0,48.0
-0.14997,0.080297,0.057126,7.7359e-21,643,4.6868,0.69847,0,48.0
-0.1135,0.42311,0.57934,-1.2339000000000001e-20,649,6.3905,0.6943,0,48.0
-0.22737,0.69486,0.17868,2.1277e-20,653,7.7527,0.69096,0,48.0
-0.064409,0.74943,-0.40999,1.2577000000000001e-20,662,11.654,0.68139,0,48.0
-0.21705,0.20103,-0.43477,8.3602e-20,675,3.2568,0.92918,0,48.0
-0.14215,0.091162,-0.40106,-1.9094e-20,677,3.6808,0.9279,0,48.0
-0.073666,0.1797,0.2404,-5.1444e-20,683,5.1561,0.92345,0,48.0
-0.2544,0.50898,-0.36591,-1.1094e-20,712,2.9753,1.1514,0,48.0
-0.048241,0.17131,-0.26468,2.6719e-20,717,4.0596,1.1477,0,48.0
-0.047865,0.35009,0.453,4.5406e-20,724,5.9526,1.1414,0,48.0
-0.13495,1.0241,-0.45051,1.4579e-21,733,9.2192,1.1304,0,48.0
0.017392,0.25369,-0.10502,8.253599999999999e-21,757,4.4592,1.3602,0,48.0
0.014601,0.26061,0.20404,1.0954e-20,760,5.2716,1.3574,0,48.0
-0.16667,0.79403,0.25693,-1.6348e-20,766,7.19,1.3508,0,48.0
-0.20239,1.0824,-0.26222,-1.3071e-20,769,8.319,1.347,0,48.0
-0.051504,0.90478,-0.3912,-2.2455000000000002e-20,774,10.499,1.3395,0,48.0
-0.094954,0.74438,-0.22908,-4.2755e-20,791,3.3928,1.5691,0,48.0
-0.015367,0.60298,-0.16921,-1.5540000000000003e-20,793,3.8541,1.5676,0,48.0
0.050765,0.35924,0.054805,5.2158e-20,797,4.8843,1.5643,0,48.0
-0.015927,0.51154,0.36753,-4.2490000000000003e-20,801,6.0767,1.5606,0,48.0
-0.030105,0.81809,-0.32334,1.7217e-21,814,11.41,1.5437,0,48.0
-0.19635,0.99859,-0.21264,7.776600000000001e-20,828,2.8331,1.7658,0,48.0
-0.049022,0.89523,-0.11331,2.9891e-20,871,3.586,1.9485,0,48.0
0.015606,0.8025,-0.038554,-6.068499999999999e-21,873,4.0873,1.9478,0,48.0
0.06074,0.67671,0.1017,1.5284e-20,876,4.9116,1.9466,0,48.0
0.042453,0.6723,0.20781,7.471199999999999e-21,878,5.5135,1.9457,0,48.0
-0.070054,1.1584,0.099605,-3.4399e-20,961,6.7218,2.3126,0,48.0
0.02956,1.0005,0.12819,-1.4876e-20,996,5.0613,2.5172,0,48.0
0.011996,1.0618,0.16071,-5.858e-21,998,5.6893,2.5172,0,48.0
-0.091871,1.2734,-0.085305,-4.0863e-20,1003,7.4758,2.5172,0,48.0
-0.021893,1.0058,-0.24687,-1.5448999999999998e-21,1049,10.099,2.736,0,48.0
-0.0035676,0.90965,-0.21538,-6.089e-21,1051,11.109,2.736,0,48.0
-0.038143,1.1048,-0.21921,7.435799999999999e-21,1087,9.1598,2.97,0,48.0
0.011594,0.83352,-0.13647,5.9801e-21,1093,12.196,2.97,0,48.0
-0.0007999,1.078,0.071779,4.3055999999999994e-21,1116,5.0613,3.2202,0,48.0
-0.022862,1.1653,-0.0045601,2.6881e-23,1201,6.7218,3.7739,0,48.0
-0.013927,1.0769,-0.13097,4.7581999999999995e-21,1247,9.1598,4.08,0,48.0
0.0098532,0.95984,-0.11902,5.1176e-22,1251,11.109,4.08,0,48.0
-0.016865,1.1177,-0.017682,-1.0150999999999999e-22,1321,6.7218,4.7572,0,48.0
0.020917,0.94021,-0.049782,0.0,1333,12.196,4.7572,0,48.0
-0.13408,1.1321,0.1158,3.7411e-20,2145,-4.3934e-16,3.1819,0,48.0
-0.097369,1.1053,0.090767,-1.8443e-20,2175,-4.2301e-16,3.807,0,48.0
-0.077045,1.0907,0.077088,-9.3282e-21,2195,-4.1015e-16,4.2993,0,48.0
0.070078,0.9214,0.27553,4.7292e-20,2456,-1.5845,1.5845,0,48.0
0.041571,0.87876,0.45486,-5.0729e-20,2468,-1.1532,1.1532,0,48.0
-0.088669,0.92176,0.59957,-4.7631e-20,2475,-0.89178,1.0442,0,48.0
-0.16944,0.84463,0.64908,-2.2623e-21,2479,-0.78951,0.92446,0,48.0
-0.25045,0.0,0.0,0.0,2484,-0.64945,0.76041,0,48.0
-0.096304,0.99539,0.50356,7.6702e-20,2499,-0.90709,1.2487,0,48.0
-0.23045,1.0624,0.57677,6.969599999999999e-21,2522,-0.71792,1.1717,0,48.0
-0.42909,0.0,0.0,0.0,2527,-0.5225,0.85264,0,48.0
-0.061109,1.0516,0.25863,-1.8204e-20,2533,-1.0726,2.1054,0,48.0
-0.40312,1.025,0.55355,-1.6869000000000002e-20,2545,-0.5522,1.0838,0,48.0
-0.56304,0.0,0.0,0.0,2569,-0.38268,0.92388,0,48.0
-0.40188,1.2194,0.47483,6.9197e-21,2585,-0.42475,1.3071,0,48.0
-0.5138,1.0718,0.43758,-6.4527e-20,2587,-0.37591,1.1568,0,48.0
-0.66233,0.0,0.0,0.0,2632,-0.15643,0.98769,0,48.0
-0.21642,1.1903,0.20699,-6.6363e-20,2639,-0.17623,2.2362,0,48.0
-0.30904,1.2527,0.26867,-1.1352000000000001e-20,2643,-0.14304,1.8155,0,48.0
-0.50428,1.2607,0.31825,-1.6617000000000001e-19,2648,-0.10781,1.369,0,48.0
-0.59598,0.98739,0.23076,2.7430000000000004e-20,2650,-0.095424,1.212,0,48.0
-0.63054,0.72158,0.14823,5.9205e-20,2651,-0.089562,1.1377,0,48.0
0.24987,0.77424,0.0036937,-8.0827e-23,2660,-2.5997,0.0,0,48.0
0.31411,0.68614,0.0057666,-8.3534e-23,2668,-2.1297,0.0,0,48.0
0.41074,0.51804,0.07314,-4.2761000000000003e-20,2679,-1.6271,0.12817,0,48.0
0.48797,0.34931,0.012637,-9.7087e-22,2684,-1.3725,0.0,0,48.0
0.52868,0.20261,0.014679,1.0427e-20,2688,-1.2153,0.0,0,48.0
0.56319,0.049438,0.011027,-9.2072e-22,2692,-1.0692,0.0,0,48.0
0.57343,0.0,0.0,0.0,2695,-1.0,0.0,0,48.0
0.45798,0.37676,0.18166,3.9957000000000003e-20,2711,-1.3568,0.21499,0,48.0
0.5057,0.15016,0.20471,-2.6547000000000002e-20,2714,-1.1273,0.17859,0,48.0
0.53039,0.0,0.0,0.0,2716,-0.98769,0.15643,0,48.0
0.37104,0.55537,0.19451,-8.7543e-20,2729,-1.5885,0.38151,0,48.0
0.20015,0.82185,0.10639,-6.3133e-21,2740,-2.6029,0.84595,0,48.0
0.29189,0.68244,0.18969,1.5528000000000002e-20,2747,-1.8296,0.59459,0,48.0
0.3397,0.58561,0.24999,5.9537e-20,2750,-1.5541,0.50503,0,48.0
0.38412,0.44924,0.33551,-5.2382e-20,2753,-1.3071,0.42475,0,48.0
0.40622,0.23297,0.37429,9.6417e-20,2756,-1.0857,0.35279,0,48.0
0.42091,0.0,0.0,0.0,2758,-0.95106,0.30902,0,48.0
0.25744,0.66587,0.34551,-1.5562e-20,2792,-1.456,0.74178,0,48.0
0.25743,0.35619,0.50463,-1.8943000000000002e-19,2798,-1.0172,0.51827,0,48.0
0.2574,0.0,0.0,0.0,2800,-0.89101,0.45399,0,48.0
0.18489,0.79567,0.26901,3.0653999999999996e-22,2809,-1.7284,1.0589,0,48.0
0.20829,0.71412,0.38389,1.7739e-20,2813,-1.393,0.85347,0,48.0
0.20752,0.62525,0.51089,6.389000000000001e-20,2816,-1.1717,0.71792,0,48.0
0.075781,0.50211,0.58184,2.5243000000000004e-19,2840,-0.92341,0.67086,0,48.0
0.059218,0.0,0.0,0.0,2842,-0.80902,0.58779,0,48.0
0.091808,0.92837,0.16661,2.6888000000000002e-20,2844,-2.2843,1.9505,0,48.0
0.099239,0.82168,0.43901,-4.8809e-20,2855,-1.2411,1.0599,0,48.0
0.062301,0.77062,0.57801,-1.3413e-20,2858,-1.0442,0.89178,0,48.0
0.13947,0.90583,0.0010924,9.8396e-22,2912,-4.3358,0.0,0,48.0
0.1656,0.87336,0.030813,-5.2335e-21,2951,-3.5732,0.46918,0,48.0
0.15439,0.88225,0.05879,-1.426e-20,3011,-3.47,0.92747,0,48.0
0.054894,0.98093,0.075117,2.8460999999999996e-21,3372,-3.8187,3.4878,0,48.0
-0.019871,1.0426,0.099607,1.3785999999999998e-21,4180,-1.5637,4.1771,0,48.0
-0.30718,0.0,0.0,0.0,4394,0.64945,-0.76041,0,48.0
-0.34744,0.0,0.0,0.0,4402,0.45399,-0.89101,0,48.0
-0.38626,0.0,0.0,0.0,4406,0.30902,-0.95106,0,48.0
-0.42979,0.0,0.0,0.0,4410,0.15643,-0.98769,0,48.0
-0.40364,0.70557,-0.11378,-7.3754e-21,4436,0.095424,-1.212,0,48.0
-0.31036,0.20699,-0.012441,1.0310000000000001e-20,4441,0.67593,-1.1031,0,48.0
-0.31316,0.46982,-0.03075,1.0189e-20,4453,0.62391,-1.2246,0,48.0
-0.35341,1.1352,-0.2791,1.2734e-19,4459,-8.2717e-17,-1.3725,0,48.0
-0.30416,1.0592,-0.14957,-3.2608e-20,4477,0.47729,-1.4687,0,48.0
-0.26408,0.27361,-0.025838,-1.3045e-20,4483,1.1532,-1.1532,0,48.0
-0.28004,0.7817,-0.06587,-8.408e-21,4485,0.85347,-1.393,0,48.0
-0.2104,1.2305,-0.28352,-2.7225e-20,4514,-1.8199e-16,-1.8196,0,48.0
-0.14118,1.1861,-0.23054,5.2227e-20,4558,-2.7552e-16,-2.2408,0,48.0
-0.22716,1.1755,-0.092158,3.376e-21,4559,1.5316,-1.7937,0,48.0
-0.22116,1.2869,-0.053931,-1.0266e-20,4615,2.1213,-2.1213,0,48.0
-0.32715,0.0,0.0,0.0,4627,0.98769,-0.15643,0,48.0
-0.30814,0.0,0.0,0.0,4631,0.95106,-0.30902,0,48.0
-0.29623,0.0,0.0,0.0,4635,0.89101,-0.45399,0,48.0
-0.29404,0.0,0.0,0.0,4641,0.76041,-0.64945,0,48.0
-0.3095,-0.012718,-0.0042148,-2.2871e-20,4646,1.0857,-0.35279,0,48.0
-0.29315,-0.027072,-0.02165,6.7453999999999996e-21,4651,0.86777,-0.74111,0,48.0
-0.33061,-0.032762,0.0078286,-5.1475e-21,4653,1.201,-0.19028,0,48.0
-0.295,-0.026471,-0.028594,1.3430999999999999e-22,4657,1.0838,-0.5522,0,48.0
-0.30685,-0.038163,-0.042069,-8.0125999999999995e-22,4664,1.2306,-0.39989,0,48.0
-0.28624,-0.017355,-0.026296,1.6255e-22,4669,0.98326,-0.83971,0,48.0
-0.28789,-0.035408,-0.058944,1.3069e-20,4675,1.2246,-0.62391,0,48.0
-0.32782,-0.088708,-0.062467,2.8614e-20,4680,1.4391,-0.22804,0,48.0
-0.30059,-0.055873,-0.086551,-2.3124999999999997e-21,4682,1.3864,-0.45054,0,48.0
-0.27455,0.040066,-0.028469,4.4605999999999994e-21,4687,1.1075,-0.94578,0,48.0
-0.34298,-0.17143,-0.15705,1.0986e-20,4715,1.8155,-0.14304,0,48.0
-0.2516,0.085508,-0.13009,1.8872e-20,4729,1.7142,-0.87328,0,48.0
-0.31069,-0.13613,-0.26376,-1.2285e-20,4743,2.1071,-0.33402,0,48.0
-0.27064,0.024816,-0.223,1.2615e-20,4745,2.0308,-0.65999,0,48.0
-0.24403,0.18188,-0.14401,1.2291e-21,4747,1.9027,-0.96929,0,48.0
-0.23508,0.43965,-0.07115,2.8356999999999997e-21,4749,1.7261,-1.2538,0,48.0
-0.2751,0.15512,-0.25525,-1.1287e-21,4772,2.3614,-0.76747,0,48.0
-0.28233,0.21306,-0.25596,-3.547e-20,4781,2.4799,-0.80599,0,48.0
-0.33588,0.64315,-0.12932,-2.4508e-20,4818,2.9753,-1.1514,0,48.0
-0.39655,0.23162,-0.27413,-6.8353e-20,4825,3.3622,-0.47016,0,48.0
-0.30737,1.0405,-0.0080257,1.1373e-20,4830,2.9641,-1.5704,0,48.0
-0.25346,1.2726,-0.0008229,-2.1648e-20,4832,2.6869,-1.9499,0,48.0
-0.44023,0.54208,-0.050738,-6.101099999999999e-21,4846,3.7419,-0.70079,0,48.0
-0.37548,0.9883,0.065997,1.1332e-20,4849,3.5057,-1.3635,0,48.0
-0.41915,0.35849,0.078235,-1.2277e-20,4864,4.2628,-0.23492,0,48.0
-0.44671,0.67485,0.17089,2.0316e-20,4866,4.1971,-0.69968,0,48.0
-0.41372,0.96409,0.21626,2.5911999999999996e-21,4868,4.0596,-1.1477,0,48.0
-0.35034,1.2001,0.21444,6.4172e-20,4870,3.8541,-1.5676,0,48.0
-0.38242,0.6356,0.39041,-6.0519e-20,4885,4.728,-0.4678,0,48.0
-0.33746,1.1319,0.38376,-2.7966e-20,4889,4.4592,-1.3602,0,48.0
-0.26109,1.2809,0.25765,-9.918799999999999e-21,4892,4.0873,-1.9478,0,48.0
-0.31327,1.0305,0.47709,1.3946e-20,4898,4.812,-1.1452,0,48.0
-0.26881,0.91594,0.54874,9.840199999999999e-21,4907,5.1561,-0.92345,0,48.0
-0.21676,0.80065,0.5882,-8.6423e-21,4916,5.492,-0.6965,0,48.0
-0.18824,1.1144,0.40327,4.4533e-20,4921,5.0459,-1.7602,0,48.0
-0.15946,0.90801,0.52213,1.5576999999999998e-21,4928,5.6516,-1.1424,0,48.0
-0.13158,0.73691,0.5533,4.2693e-20,4936,6.08,-0.69506,0,48.0
-0.11645,0.94743,0.43011,-2.0116e-20,4940,5.762,-1.5616,0,48.0
-0.097894,0.74612,0.48948,-4.1681e-20,4947,6.3357,-0.91989,0,48.0
-0.0866,0.92746,0.37813,-2.2827e-20,4951,5.9608,-1.7579,0,48.0
-0.097746,0.47175,0.35011,3.9121e-21,4986,7.7527,-0.69096,0,48.0
-0.13837,0.55904,-0.055713,-3.1027e-20,5005,8.5472,-0.46122,0,48.0
-0.057238,0.48812,0.099482,-2.0289e-20,5008,8.3977,-1.1332,0,48.0
-0.0015878,0.54572,0.057338,3.1567e-20,5021,8.5295,-1.7514,0,48.0
-0.071764,0.6311,-0.29946,-1.8276e-20,5027,9.2813,-0.91101,0,48.0
-0.045258,0.76003,-0.45632,5.1868e-20,5059,10.499,-1.3395,0,48.0
-0.10095,0.75952,-0.48398,-2.3933e-21,5075,11.684,-0.45582,0,48.0
-0.059431,0.83688,-0.45476,4.3176e-20,5081,11.32,-1.7443,0,48.0
-0.156,0.77942,-0.21496,-1.3759e-22,5095,12.738,-0.454,0,48.0
-0.092603,1.0908,0.20531,-5.9837999999999995e-21,5561,5.0613,-2.97,0,48.0
-0.075805,1.0553,0.20919,-1.6093e-20,5591,5.3695,-2.97,0,48.0
-0.058686,1.0187,0.20688,2.1724e-22,5621,5.6893,-2.97,0,48.0
-0.046208,1.0259,0.156,1.4120999999999998e-21,5623,5.6893,-3.4878,0,48.0
0.0029886,0.8803,0.13248,-4.6418e-22,5741,7.0919,-2.97,0,48.0
0.0034751,0.97141,0.05599,-5.3788e-22,5746,7.0919,-4.4072,0,48.0
0.0027694,0.98525,0.045667,-3.2886999999999998e-21,5747,7.0919,-4.7572,0,48.0
0.0012284,1.0161,0.023447,-3.5128999999999997e-22,5750,7.0919,-5.9596,0,48.0
0.026006,0.8295,0.052549,1.9154999999999997e-21,5801,7.874,-2.97,0,48.0
0.023309,0.90994,0.025651,2.8341999999999996e-21,5804,7.874,-3.7739,0,48.0
0.034281,0.67191,-0.094536,-3.2307e-21,5889,9.1598,-2.5172,0,48.0
0.03657,0.9486,-0.075661,1.5699e-22,5895,9.1598,-4.08,0,48.0
0.022253,0.7308,-0.26417,-3.6329999999999995e-22,5949,10.099,-2.5172,0,48.0
0.03797,0.93594,-0.18252,3.3633999999999997e-22,5953,10.099,-3.4878,0,48.0
0.026095,1.0352,-0.059252,9.6727e-22,5958,10.099,-5.1314,0,48.0
0.0019252,0.94021,-0.27551,4.5431e-21,6011,11.109,-2.97,0,48.0
0.019181,1.1128,-0.11779,2.2297999999999997e-21,6015,11.109,-4.08,0,48.0
-0.062479,1.1074,-0.13894,-3.9253e-20,6070,12.196,-2.736,0,48.0
0.0085719,1.1355,-0.0088264,0.0,6077,12.196,-4.7572,0,48.0
0.01447,1.0829,0.0016511,1.5245999999999998e-22,6080,12.196,-5.9596,0,48.0
-0.059157,1.1059,-0.23776,5.7234e-20,6745,-0.57975,-2.4134,0,48.0
0.090165,0.94104,-0.26495,-3.9822e-20,6748,-1.5316,-1.7937,0,48.0
0.11969,0.87943,-0.34748,-6.7425e-20,6789,-1.3571,-1.3571,0,48.0
0.10516,0.85119,-0.4455,4.4648000000000003e-20,6819,-1.1532,-1.1532,0,48.0
0.033608,0.78627,-0.6161,5.0821e-20,6859,-0.91393,-0.91393,0,48.0
-0.10796,0.93,-0.60992,7.5758e-20,6860,-0.76021,-1.0465,0,48.0
-0.3262,0.9872,-0.48193,-1.6816e-20,6873,-0.46551,-1.1238,0,48.0
-0.40876,0.94047,-0.29273,4.4641e-20,6876,-0.19028,-1.201,0,48.0
-0.46494,0.32342,-0.060825,-3.8012e-20,6897,-0.083909,-1.066,0,48.0
-0.14688,0.0,0.0,0.0,6898,-0.64945,-0.76041,0,48.0
-0.30131,0.0,0.0,0.0,6901,-0.5225,-0.85264,0,48.0
-0.41071,0.0,0.0,0.0,6903,-0.38268,-0.92388,0,48.0
-0.47719,0.0,0.0,0.0,6906,-0.15643,-0.98769,0,48.0
-0.47604,0.0,0.0,0.0,6907,-0.078459,-0.99692,0,48.0
0.14815,0.89416,-0.16855,-1.8005e-20,6923,-2.3204,-1.6853,0,48.0
0.21748,0.81643,-0.1013,7.473699999999999e-21,6929,-2.6029,-0.84595,0,48.0
0.33214,0.65336,-0.13406,-1.1255e-20,6991,-1.87,-0.44916,0,48.0
0.26219,0.7289,-0.25237,1.6024999999999999e-22,6994,-1.7142,-0.87328,0,48.0
0.19555,0.7994,-0.31016,4.6071000000000004e-20,6996,-1.5553,-1.1297,0,48.0
0.41669,0.51549,-0.054084,4.8460000000000007e-20,7016,-1.6271,-0.12817,0,48.0
0.36375,0.57532,-0.23218,-6.0316e-20,7019,-1.5541,-0.50503,0,48.0
0.25574,0.66856,-0.40492,5.5649e-20,7031,-1.3165,-0.80663,0,48.0
0.47126,0.37104,-0.1566,-3.9813e-20,7044,-1.3568,-0.21499,0,48.0
0.42312,0.37829,-0.3401,-5.2867000000000003e-20,7055,-1.2306,-0.39989,0,48.0
0.25058,0.56093,-0.53006,7.6952e-20,7058,-1.1031,-0.67593,0,48.0
0.1075,0.71004,-0.60013,8.9365e-20,7060,-0.98326,-0.83971,0,48.0
0.52092,0.14479,-0.17556,1.9745e-20,7071,-1.1273,-0.17859,0,48.0
0.38118,0.16329,-0.29627,-1.3873000000000002e-19,7083,-0.98812,-0.40929,0,48.0
0.54629,0.0,0.0,0.0,7089,-0.98769,-0.15643,0,48.0
0.50746,0.0,0.0,0.0,7090,-0.97237,-0.23345,0,48.0
0.22124,0.0,0.0,0.0,7094,-0.85264,-0.5225,0,48.0
0.035145,0.0,0.0,0.0,7096,-0.76041,-0.64945,0,48.0
0.17145,0.87196,-0.027703,6.505e-21,7368,-3.5732,-0.46918,0,48.0
0.16149,0.88511,-0.070046,1.6356e-20,7371,-3.3916,-1.1488,0,48.0
0.078477,0.97767,-0.070138,-2.9764999999999996e-21,8062,-4.1311,-3.4878,0,48.0
0.0023205,1.0592,-0.12671,1.3307e-20,8451,-1.1464,-3.8396,0,48.0
-0.03978,1.1047,-0.12084,1.8012e-20,8570,-0.23491,-3.8016,0,48.0
-0.025483,1.0904,-0.08983,-3.2063999999999998e-21,8573,-0.23383,-4.5663,0,48.0
-0.49209,0.0,0.0,0.0,82,0.70711,0.70711,0,49.0
-0.48024,0.015152,0.044704,-3.981e-20,87,0.85936,0.85936,0,49.0
-0.47948,0.23272,0.012296,1.7458e-20,92,0.89178,1.0442,0,49.0
-0.47528,0.76359,-0.022825,-1.5828e-21,101,1.2866,1.2866,0,49.0
-0.3938,1.2841,-0.057324,-2.1146e-20,112,1.5316,1.7937,0,49.0
-0.30092,1.2518,-0.083248,-4.4542999999999994e-21,120,1.8605,2.1789,0,49.0
-0.49924,0.10813,0.0046228,-3.0485999999999996e-21,126,0.71472,0.98382,0,49.0
-0.5321,0.0,0.0,0.0,145,0.5225,0.85264,0,49.0
-0.49793,0.48341,-0.0086798,-2.4368000000000002e-20,149,0.71792,1.1717,0,49.0
-0.4275,1.2627,0.026045,-8.1877e-20,155,1.0047,1.6399,0,49.0
-0.52754,0.27246,-0.015145,2.3112e-20,168,0.5522,1.0838,0,49.0
-0.51963,0.77937,0.020875,-2.1616e-20,191,0.52598,1.2698,0,49.0
-0.59659,0.0,0.0,0.0,208,0.30902,0.95106,0,49.0
-0.56208,0.49408,-0.00082233,4.8320000000000007e-20,210,0.37591,1.1568,0,49.0
-0.43235,1.3186,0.12187,1.2951e-20,216,0.5338,1.6426,0,49.0
-0.5793,0.6135,0.023862,8.2013e-20,231,0.28397,1.1826,0,49.0
-0.53615,1.0381,0.098496,-4.9859e-20,233,0.32087,1.3362,0,49.0
-0.39297,1.3322,0.15183,-7.5425e-20,238,0.42578,1.7727,0,49.0
-0.62889,0.56277,0.051137,-3.1130999999999995e-21,272,0.089562,1.1377,0,49.0
-0.57357,1.0547,0.16546,1.8683e-20,274,0.1015,1.289,0,49.0
-0.67449,0.0,0.0,0.0,292,0.0,1.0,0,49.0
-0.37256,0.0,0.0,0.0,313,1.0,0.0,0,49.0
-0.39659,-0.038077,0.18239,-5.003199999999999e-21,319,1.212,0.095424,0,49.0
-0.37941,-0.054152,0.16219,-2.6338e-20,320,1.2925,0.0,0,49.0
-0.3848,-0.094257,0.13496,-6.365000000000001e-20,324,1.4555,0.0,0,49.0
-0.40755,-0.083121,0.1603,8.363399999999999e-21,325,1.4519,0.11435,0,49.0
-0.4341,-0.12864,0.053011,3.4533000000000003e-20,333,1.8155,0.14304,0,49.0
-0.40625,-0.19939,-0.092885,1.5685e-20,338,2.1297,0.0,0,49.0
-0.37649,-0.2009,-0.36897,-1.8317e-20,348,2.7283,0.0,0,49.0
-0.41162,0.0,0.0,0.0,355,0.98769,0.15643,0,49.0
-0.48974,-0.052025,-0.065336,-1.7357e-20,367,2.1071,0.33402,0,49.0
-0.4305,-0.040881,0.20025,1.5404e-20,378,1.1826,0.28397,0,49.0
-0.43367,-0.043811,0.2101,2.1184000000000002e-20,379,1.258,0.30208,0,49.0
-0.44566,-0.042024,0.19162,-2.5502999999999997e-21,381,1.4172,0.34035,0,49.0
-0.50147,0.070955,0.085432,2.5238e-20,406,1.7344,0.56364,0,49.0
-0.53695,0.22557,-0.1031,-5.338399999999999e-21,410,2.137,0.69452,0,49.0
-0.51126,0.37594,-0.27845,-7.9566e-20,413,2.4799,0.80599,0,49.0
-0.48611,0.42487,-0.33243,6.6569e-20,414,2.6029,0.84595,0,49.0
-0.45675,0.0,0.0,0.0,418,0.92388,0.38268,0,49.0
-0.5361,0.31091,-0.050705,1.4403e-20,430,1.973,0.81724,0,49.0
-0.46015,-0.035442,0.15763,7.903599999999999e-21,441,1.0838,0.5522,0,49.0
-0.4688,0.036613,0.16483,3.4036e-20,444,1.2989,0.66178,0,49.0
-0.52421,0.6223,-0.15814,1.3836e-20,453,2.1054,1.0726,0,49.0
-0.47279,0.0,0.0,0.0,460,0.85264,0.5225,0,49.0
-0.50017,0.32666,0.040326,2.56e-20,469,1.5546,0.95244,0,49.0
-0.46943,-0.022478,0.099752,-8.834199999999999e-21,483,0.98382,0.71472,0,49.0
-0.46709,0.047182,0.10788,-1.3738999999999999e-21,485,1.1114,0.8074,0,49.0
-0.49938,0.78454,-0.083226,-2.6783000000000002e-20,493,1.7261,1.2538,0,49.0
-0.35508,-0.095361,-0.52645,-4.0689e-20,523,3.187,0.23587,0,49.0
-0.30738,-0.050975,-0.51386,-1.3704999999999998e-21,528,3.8141,0.0,0,49.0
-0.32026,0.092752,-0.33886,-5.3090000000000006e-20,532,4.2681,0.0,0,49.0
-0.27107,0.0099561,-0.41564,-4.33e-20,533,4.2628,0.23492,0,49.0
-0.28885,0.4293,0.26576,3.3781e-20,540,5.282,0.0,0,49.0
-0.21626,0.39877,0.3403,-7.4396e-20,543,5.5544,0.23377,0,49.0
-0.15425,0.52542,0.52759,3.2969000000000003e-20,547,6.1409,0.23326,0,49.0
-0.14173,0.62393,0.5811,3.7511000000000004e-20,548,6.4555,0.0,0,49.0
-0.1152,0.58982,0.55396,3.3072e-20,554,7.4555,0.0,0,49.0
-0.19306,0.60308,0.27009,-4.3887e-21,561,8.5669,0.23111,0,49.0
-0.19319,0.75709,-0.20129,2.9555999999999997e-21,565,9.382,0.23039,0,49.0
-0.094596,0.82979,-0.49215,-3.7084999999999996e-21,570,10.726,0.0,0,49.0
-0.077003,0.73686,-0.40644,-1.6071e-20,626,12.738,0.454,0,49.0
-0.16145,0.068249,-0.47958,2.9472e-20,641,4.1971,0.69968,0,49.0
-0.14106,0.068236,-0.28457,-9.538e-21,643,4.6868,0.69847,0,49.0
-0.092903,0.46302,0.49289,-1.6778e-20,649,6.3905,0.6943,0,49.0
-0.14507,0.56843,0.53385,2.1199e-20,653,7.7527,0.69096,0,49.0
-0.062682,0.84198,-0.43198,7.7355e-21,662,11.654,0.68139,0,49.0
-0.29997,0.45522,-0.46809,8.922600000000001e-20,675,3.2568,0.92918,0,49.0
-0.19361,0.35739,-0.47729,-4.1751e-20,677,3.6808,0.9279,0,49.0
-0.07292,0.15599,-0.057532,-5.7174e-20,683,5.1561,0.92345,0,49.0
-0.34946,0.71154,-0.40187,1.2566e-21,712,2.9753,1.1514,0,49.0
-0.086228,0.41574,-0.37881,1.5523e-20,717,4.0596,1.1477,0,49.0
-0.028217,0.32498,0.27854,6.152700000000001e-20,724,5.9526,1.1414,0,49.0
-0.20397,1.0107,-0.25815,5.632e-21,733,9.2192,1.1304,0,49.0
-0.008885,0.43572,-0.25229,1.7696e-20,757,4.4592,1.3602,0,49.0
0.019416,0.26457,-0.037727,-2.4113e-21,760,5.2716,1.3574,0,49.0
-0.068281,0.56603,0.48554,-1.7381999999999998e-21,766,7.19,1.3508,0,49.0
-0.19217,0.89869,0.14336,-3.4219e-20,769,8.319,1.347,0,49.0
-0.085281,1.0005,-0.4289,-1.7796e-20,774,10.499,1.3395,0,49.0
-0.16998,0.8853,-0.31716,-4.7173e-20,791,3.3928,1.5691,0,49.0
-0.076637,0.75916,-0.2705,-7.7366e-21,793,3.8541,1.5676,0,49.0
0.039557,0.45005,-0.11432,2.6195e-20,797,4.8843,1.5643,0,49.0
0.027373,0.39189,0.24782,-4.4272000000000003e-20,801,6.0767,1.5606,0,49.0
-0.042234,0.91136,-0.36033,2.0251e-21,814,11.41,1.5437,0,49.0
-0.26331,1.0911,-0.26732,8.773100000000001e-20,828,2.8331,1.7658,0,49.0
-0.10429,0.95051,-0.20926,4.1995e-20,871,3.586,1.9485,0,49.0
-0.029108,0.85045,-0.14947,-3.822499999999999e-21,873,4.0873,1.9478,0,49.0
0.051462,0.69663,-0.01489,1.1720999999999999e-21,876,4.9116,1.9466,0,49.0
0.068973,0.5938,0.09048,2.5188e-21,878,5.5135,1.9457,0,49.0
0.011519,0.91154,0.23563,-7.936e-21,961,6.7218,2.3126,0,49.0
0.038953,0.91021,0.061293,-1.2079000000000001e-20,996,5.0613,2.5172,0,49.0
0.051128,0.92205,0.14692,-6.297e-21,998,5.6893,2.5172,0,49.0
-0.049908,1.1684,0.11263,-2.7544e-20,1003,7.4758,2.5172,0,49.0
-0.040706,1.0987,-0.24991,-1.871e-21,1049,10.099,2.736,0,49.0
-0.016751,0.98881,-0.24393,-8.400899999999999e-21,1051,11.109,2.736,0,49.0
-0.052442,1.1952,-0.17674,1.0592000000000001e-20,1087,9.1598,2.97,0,49.0
0.0031326,0.90134,-0.18629,5.5999e-21,1093,12.196,2.97,0,49.0
0.010005,1.0035,0.04511,9.9454e-21,1116,5.0613,3.2202,0,49.0
0.0015382,1.125,0.056442,9.1575e-22,1201,6.7218,3.7739,0,49.0
-0.016383,1.1245,-0.10155,3.8490999999999995e-21,1247,9.1598,4.08,0,49.0
0.0021647,1.0088,-0.13709,4.9005e-22,1251,11.109,4.08,0,49.0
-0.0048582,1.0996,0.015399,-3.0701e-22,1321,6.7218,4.7572,0,49.0
0.015145,0.96741,-0.081838,0.0,1333,12.196,4.7572,0,49.0
-0.13836,1.1425,0.11258,3.8196e-20,2145,-4.3934e-16,3.1819,0,49.0
-0.10146,1.1132,0.086209,-1.9019e-20,2175,-4.2301e-16,3.807,0,49.0
-0.080844,1.0968,0.072106,-9.674699999999999e-21,2195,-4.1015e-16,4.2993,0,49.0
0.067286,0.9284,0.28147,4.7693e-20,2456,-1.5845,1.5845,0,49.0
0.036092,0.88768,0.46357,-5.0927e-20,2468,-1.1532,1.1532,0,49.0
-0.097411,0.93269,0.60929,-4.67e-20,2475,-0.89178,1.0442,0,49.0
-0.18107,0.85554,0.6591,-1.6004e-22,2479,-0.78951,0.92446,0,49.0
-0.26491,0.0,0.0,0.0,2484,-0.64945,0.76041,0,49.0
-0.10314,1.0062,0.51159,7.8606e-20,2499,-0.90709,1.2487,0,49.0
-0.23969,1.0748,0.58509,5.522499999999999e-21,2522,-0.71792,1.1717,0,49.0
-0.44407,0.0,0.0,0.0,2527,-0.5225,0.85264,0,49.0
-0.06425,1.0608,0.26214,-1.8367000000000002e-20,2533,-1.0726,2.1054,0,49.0
-0.41535,1.0375,0.56117,-1.8687e-20,2545,-0.5522,1.0838,0,49.0
-0.57743,0.0,0.0,0.0,2569,-0.38268,0.92388,0,49.0
-0.41079,1.2334,0.4811,5.729399999999999e-21,2585,-0.42475,1.3071,0,49.0
-0.52533,1.0846,0.44356,-6.5668e-20,2587,-0.37591,1.1568,0,49.0
-0.67361,0.0,0.0,0.0,2632,-0.15643,0.98769,0,49.0
-0.22031,1.203,0.20809,-6.6274e-20,2639,-0.17623,2.2362,0,49.0
-0.31346,1.2665,0.27154,-1.0949e-20,2643,-0.14304,1.8155,0,49.0
-0.51131,1.2758,0.32297,-1.669e-19,2648,-0.10781,1.369,0,49.0
-0.60455,0.99874,0.23457,3.1773e-20,2650,-0.095424,1.212,0,49.0
-0.63963,0.72868,0.15062,6.212100000000001e-20,2651,-0.089562,1.1377,0,49.0
0.25011,0.77419,0.010746,-6.0199e-23,2660,-2.5997,0.0,0,49.0
0.31432,0.68608,0.014595,-1.6168999999999999e-22,2668,-2.1297,0.0,0,49.0
0.41018,0.51895,0.084802,-4.1955e-20,2679,-1.6271,0.12817,0,49.0
0.48798,0.34927,0.026484,-1.1595999999999999e-21,2684,-1.3725,0.0,0,49.0
0.5286,0.20259,0.029252,1.4188e-20,2688,-1.2153,0.0,0,49.0
0.56303,0.049429,0.020138,-1.2024e-21,2692,-1.0692,0.0,0,49.0
0.57327,0.0,0.0,0.0,2695,-1.0,0.0,0,49.0
0.45602,0.37891,0.19534,3.9412e-20,2711,-1.3568,0.21499,0,49.0
0.50261,0.15218,0.21786,-2.7681e-20,2714,-1.1273,0.17859,0,49.0
0.5269,0.0,0.0,0.0,2716,-0.98769,0.15643,0,49.0
0.36917,0.55818,0.2059,-8.8023e-20,2729,-1.5885,0.38151,0,49.0
0.19937,0.82427,0.11269,-6.234499999999999e-21,2740,-2.6029,0.84595,0,49.0
0.29021,0.68572,0.1991,1.4425e-20,2747,-1.8296,0.59459,0,49.0
0.3372,0.58936,0.26117,5.8629e-20,2750,-1.5541,0.50503,0,49.0
0.38027,0.45355,0.34875,-4.9495000000000004e-20,2753,-1.3071,0.42475,0,49.0
0.4003,0.23696,0.38696,9.7535e-20,2756,-1.0857,0.35279,0,49.0
0.41423,0.0,0.0,0.0,2758,-0.95106,0.30902,0,49.0
0.25377,0.67144,0.35606,-1.4259e-20,2792,-1.456,0.74178,0,49.0
0.2489,0.36204,0.51652,-1.9164000000000003e-19,2798,-1.0172,0.51827,0,49.0
0.24782,0.0,0.0,0.0,2800,-0.89101,0.45399,0,49.0
0.18232,0.80111,0.27704,9.363999999999998e-22,2809,-1.7284,1.0589,0,49.0
0.2041,0.72058,0.39406,1.6265e-20,2813,-1.393,0.85347,0,49.0
0.20114,0.63262,0.52296,6.5628e-20,2816,-1.1717,0.71792,0,49.0
0.065007,0.50962,0.59265,2.5636e-19,2840,-0.92341,0.67086,0,49.0
0.047181,0.0,0.0,0.0,2842,-0.80902,0.58779,0,49.0
0.090167,0.93328,0.17089,2.7133e-20,2844,-2.2843,1.9505,0,49.0
0.094132,0.82981,0.44825,-5.0394e-20,2855,-1.2411,1.0599,0,49.0
0.054549,0.77986,0.589,-1.2587e-20,2858,-1.0442,0.89178,0,49.0
0.1397,0.9058,0.0046915,1.0913999999999999e-21,2912,-4.3358,0.0,0,49.0
0.16553,0.87412,0.035466,-5.1625e-21,2951,-3.5732,0.46918,0,49.0
0.15401,0.88379,0.063313,-1.4407e-20,3011,-3.47,0.92747,0,49.0
0.053788,0.98361,0.076552,2.8661999999999997e-21,3372,-3.8187,3.4878,0,49.0
-0.022126,1.0475,0.098714,1.3751e-21,4180,-1.5637,4.1771,0,49.0
-0.3122,0.0,0.0,0.0,4394,0.64945,-0.76041,0,49.0
-0.35001,0.0,0.0,0.0,4402,0.45399,-0.89101,0,49.0
-0.38574,0.0,0.0,0.0,4406,0.30902,-0.95106,0,49.0
-0.42564,0.0,0.0,0.0,4410,0.15643,-0.98769,0,49.0
-0.39823,0.69672,-0.11074,-1.4233e-20,4436,0.095424,-1.212,0,49.0
-0.31505,0.21061,-0.0060273,6.666399999999999e-21,4441,0.67593,-1.1031,0,49.0
-0.31616,0.46516,-0.024498,1.1963e-20,4453,0.62391,-1.2246,0,49.0
-0.34716,1.1191,-0.27444,1.2719e-19,4459,-8.2717e-17,-1.3725,0,49.0
-0.3027,1.0405,-0.14422,-3.1679e-20,4477,0.47729,-1.4687,0,49.0
-0.2705,0.26817,0.00027802,-1.6e-20,4483,1.1532,-1.1532,0,49.0
-0.28195,0.76433,-0.055996,-1.2726e-20,4485,0.85347,-1.393,0,49.0
-0.20554,1.2154,-0.28129,-2.7268e-20,4514,-1.8199e-16,-1.8196,0,49.0
-0.13629,1.1721,-0.23046,5.2541e-20,4558,-2.7552e-16,-2.2408,0,49.0
-0.2062,1.1283,-0.087952,1.0144e-20,4559,1.5316,-1.7937,0,49.0
-0.18464,1.2385,-0.080295,-6.537199999999999e-21,4615,2.1213,-2.1213,0,49.0
-0.33706,0.0,0.0,0.0,4627,0.98769,-0.15643,0,49.0
-0.31148,0.0,0.0,0.0,4631,0.95106,-0.30902,0,49.0
-0.29727,0.0,0.0,0.0,4635,0.89101,-0.45399,0,49.0
-0.29791,0.0,0.0,0.0,4641,0.76041,-0.64945,0,49.0
-0.31519,-0.005095,0.057062,-3.3566e-20,4646,1.0857,-0.35279,0,49.0
-0.29832,-0.021484,-0.010514,7.9034e-21,4651,0.86777,-0.74111,0,49.0
-0.34205,-0.026951,0.1107,-6.5726999999999996e-21,4653,1.201,-0.19028,0,49.0
-0.2996,-0.023416,0.024459,-7.3249e-22,4657,1.0838,-0.5522,0,49.0
-0.31411,-0.040179,0.056104,-1.0291999999999999e-21,4664,1.2306,-0.39989,0,49.0
-0.29338,-0.011529,-0.0028715,-1.4225e-23,4669,0.98326,-0.83971,0,49.0
-0.29409,-0.045144,0.017912,1.0661e-20,4675,1.2246,-0.62391,0,49.0
-0.34136,-0.094189,0.07783,2.8247e-20,4680,1.4391,-0.22804,0,49.0
-0.30876,-0.073843,0.032224,-6.079599999999999e-22,4682,1.3864,-0.45054,0,49.0
-0.28296,0.041108,0.0043707,6.277199999999999e-21,4687,1.1075,-0.94578,0,49.0
-0.3652,-0.17869,0.0085442,9.623499999999999e-21,4715,1.8155,-0.14304,0,49.0
-0.24552,0.017849,-0.034596,2.9103e-20,4729,1.7142,-0.87328,0,49.0
-0.31774,-0.19885,-0.11366,-7.71e-21,4743,2.1071,-0.33402,0,49.0
-0.25587,-0.07533,-0.10408,2.6967e-20,4745,2.0308,-0.65999,0,49.0
-0.22325,0.092806,-0.05906,3.3049e-20,4747,1.9027,-0.96929,0,49.0
-0.21612,0.38169,-0.023488,2.9015e-20,4749,1.7261,-1.2538,0,49.0
-0.22753,0.0099193,-0.17991,-3.5898e-21,4772,2.3614,-0.76747,0,49.0
-0.22118,0.05401,-0.20265,1.1784e-20,4781,2.4799,-0.80599,0,49.0
-0.22753,0.4623,-0.19107,-8.165599999999999e-21,4818,2.9753,-1.1514,0,49.0
-0.29179,0.034781,-0.41982,-2.7891e-20,4825,3.3622,-0.47016,0,49.0
-0.21808,0.88096,-0.082223,9.4044e-21,4830,2.9641,-1.5704,0,49.0
-0.19565,1.1888,-0.055597,-1.1394e-20,4832,2.6869,-1.9499,0,49.0
-0.32999,0.35742,-0.27207,-4.762e-21,4846,3.7419,-0.70079,0,49.0
-0.28204,0.81332,-0.083732,1.4820000000000002e-20,4849,3.5057,-1.3635,0,49.0
-0.35694,0.22239,-0.25476,-4.1713000000000003e-20,4864,4.2628,-0.23492,0,49.0
-0.38159,0.53215,-0.10909,-2.1284e-20,4866,4.1971,-0.69968,0,49.0
-0.3537,0.81706,-0.011362,-1.0806e-21,4868,4.0596,-1.1477,0,49.0
-0.30249,1.0832,0.048511,4.6179e-20,4870,3.8541,-1.5676,0,49.0
-0.38963,0.54645,0.084006,6.2496999999999995e-21,4885,4.728,-0.4678,0,49.0
-0.34502,1.0744,0.19378,-9.205899999999999e-21,4889,4.4592,-1.3602,0,49.0
-0.25431,1.2949,0.14841,-7.9308e-21,4892,4.0873,-1.9478,0,49.0
-0.35541,1.0085,0.29122,9.3098e-22,4898,4.812,-1.1452,0,49.0
-0.33803,0.93074,0.39579,8.056199999999999e-21,4907,5.1561,-0.92345,0,49.0
-0.295,0.84304,0.48784,-9.5297e-21,4916,5.492,-0.6965,0,49.0
-0.23379,1.2167,0.35315,2.0398000000000002e-20,4921,5.0459,-1.7602,0,49.0
-0.22901,1.0171,0.50891,1.2377e-20,4928,5.6516,-1.1424,0,49.0
-0.18817,0.83863,0.57323,5.0767e-20,4936,6.08,-0.69506,0,49.0
-0.16959,1.0734,0.44531,-1.4588e-20,4940,5.762,-1.5616,0,49.0
-0.14206,0.86823,0.54032,-4.5387e-20,4947,6.3357,-0.91989,0,49.0
-0.13057,1.0468,0.4057,-2.6919e-20,4951,5.9608,-1.7579,0,49.0
-0.080242,0.62849,0.44769,7.8843e-21,4986,7.7527,-0.69096,0,49.0
-0.12387,0.51685,0.33189,-4.6163e-20,5005,8.5472,-0.46122,0,49.0
-0.053227,0.56965,0.31416,-1.6937e-20,5008,8.3977,-1.1332,0,49.0
-0.010839,0.6425,0.20341,2.9916e-20,5021,8.5295,-1.7514,0,49.0
-0.086204,0.54312,0.022538,-2.3303e-20,5027,9.2813,-0.91101,0,49.0
-0.038425,0.70037,-0.3443,6.0902e-20,5059,10.499,-1.3395,0,49.0
-0.075385,0.80093,-0.49036,1.975e-21,5075,11.684,-0.45582,0,49.0
-0.028818,0.78634,-0.41753,3.5434e-20,5081,11.32,-1.7443,0,49.0
-0.10589,0.77435,-0.44707,7.069599999999999e-21,5095,12.738,-0.454,0,49.0
-0.10911,1.1545,0.18999,-3.9759e-21,5561,5.0613,-2.97,0,49.0
-0.095246,1.1225,0.20534,-1.9615e-20,5591,5.3695,-2.97,0,49.0
-0.08,1.0872,0.21498,-1.9086999999999997e-21,5621,5.6893,-2.97,0,49.0
-0.062066,1.0775,0.16478,3.5502e-21,5623,5.6893,-3.4878,0,49.0
-0.01863,0.93651,0.18933,-1.9858999999999997e-21,5741,7.0919,-2.97,0,49.0
-0.0080465,0.9923,0.089648,-8.396499999999999e-22,5746,7.0919,-4.4072,0,49.0
-0.0068756,1.0012,0.074645,-2.9026999999999998e-21,5747,7.0919,-4.7572,0,49.0
-0.0039144,1.022,0.040121,8.5824e-23,5750,7.0919,-5.9596,0,49.0
0.0061924,0.86797,0.13634,1.9560999999999997e-21,5801,7.874,-2.97,0,49.0
0.0088887,0.9263,0.0861,3.2700999999999997e-21,5804,7.874,-3.7739,0,49.0
0.023736,0.70806,0.032677,-5.5685999999999996e-21,5889,9.1598,-2.5172,0,49.0
0.030053,0.91548,-0.014476,-1.8961e-21,5895,9.1598,-4.08,0,49.0
0.025213,0.67719,-0.11896,-8.926299999999999e-23,5949,10.099,-2.5172,0,49.0
0.040249,0.86262,-0.11142,-8.5146e-22,5953,10.099,-3.4878,0,49.0
0.027277,0.99345,-0.046279,1.0298e-21,5958,10.099,-5.1314,0,49.0
0.02517,0.80895,-0.2474,1.8624999999999998e-21,6011,11.109,-2.97,0,49.0
0.032567,1.0081,-0.14458,8.1583e-22,6015,11.109,-4.08,0,49.0
-0.018969,0.94076,-0.32015,-2.5761000000000002e-20,6070,12.196,-2.736,0,49.0
0.018431,1.1063,-0.070264,0.0,6077,12.196,-4.7572,0,49.0
0.01854,1.0702,-0.026686,6.5844e-22,6080,12.196,-5.9596,0,49.0
-0.055072,1.095,-0.23673,5.6792e-20,6745,-0.57975,-2.4134,0,49.0
0.093451,0.93349,-0.25996,-3.9017e-20,6748,-1.5316,-1.7937,0,49.0
0.12394,0.87131,-0.34027,-6.7325e-20,6789,-1.3571,-1.3571,0,49.0
0.11095,0.84201,-0.43675,4.4423e-20,6819,-1.1532,-1.1532,0,49.0
0.043242,0.77564,-0.60514,4.8968e-20,6859,-0.91393,-0.91393,0,49.0
-0.097438,0.91773,-0.60037,7.4633e-20,6860,-0.76021,-1.0465,0,49.0
-0.3142,0.97401,-0.47495,-1.7319e-20,6873,-0.46551,-1.1238,0,49.0
-0.39895,0.92782,-0.2881,4.3715e-20,6876,-0.19028,-1.201,0,49.0
-0.45555,0.32084,-0.059878,-4.0041e-20,6897,-0.083909,-1.066,0,49.0
-0.13265,0.0,0.0,0.0,6898,-0.64945,-0.76041,0,49.0
-0.28655,0.0,0.0,0.0,6901,-0.5225,-0.85264,0,49.0
-0.39652,0.0,0.0,0.0,6903,-0.38268,-0.92388,0,49.0
-0.46606,0.0,0.0,0.0,6906,-0.15643,-0.98769,0,49.0
-0.46645,0.0,0.0,0.0,6907,-0.078459,-0.99692,0,49.0
0.15028,0.88941,-0.1637,-1.8018e-20,6923,-2.3204,-1.6853,0,49.0
0.21877,0.81389,-0.095027,7.5504e-21,6929,-2.6029,-0.84595,0,49.0
0.33374,0.65078,-0.12445,-1.1932e-20,6991,-1.87,-0.44916,0,49.0
0.26509,0.72385,-0.2435,7.425699999999999e-22,6994,-1.7142,-0.87328,0,49.0
0.19919,0.79279,-0.30203,4.6165e-20,6996,-1.5553,-1.1297,0,49.0
0.41748,0.51448,-0.042414,4.9106e-20,7016,-1.6271,-0.12817,0,49.0
0.36649,0.57144,-0.22098,-6.1079e-20,7019,-1.5541,-0.50503,0,49.0
0.26076,0.66164,-0.39408,5.504e-20,7031,-1.3165,-0.80663,0,49.0
0.47324,0.36881,-0.14288,-4.0222e-20,7044,-1.3568,-0.21499,0,49.0
0.42755,0.37375,-0.3262,-5.3089e-20,7055,-1.2306,-0.39989,0,49.0
0.25795,0.55318,-0.51734,7.2364e-20,7058,-1.1031,-0.67593,0,49.0
0.11649,0.70032,-0.58853,8.5941e-20,7060,-0.98326,-0.83971,0,49.0
0.52376,0.14274,-0.16238,1.8535e-20,7071,-1.1273,-0.17859,0,49.0
0.38882,0.15993,-0.28787,-1.3912e-19,7083,-0.98812,-0.40929,0,49.0
0.54944,0.0,0.0,0.0,7089,-0.98769,-0.15643,0,49.0
0.51223,0.0,0.0,0.0,7090,-0.97237,-0.23345,0,49.0
0.23181,0.0,0.0,0.0,7094,-0.85264,-0.5225,0,49.0
0.047915,0.0,0.0,0.0,7096,-0.76041,-0.64945,0,49.0
0.17201,0.87112,-0.023061,6.5810000000000005e-21,7368,-3.5732,-0.46918,0,49.0
0.16253,0.88308,-0.065649,1.6252e-20,7371,-3.3916,-1.1488,0,49.0
0.079885,0.97523,-0.068785,-2.9644e-21,8062,-4.1311,-3.4878,0,49.0
0.005419,1.0532,-0.12813,1.3085e-20,8451,-1.1464,-3.8396,0,49.0
-0.035605,1.0973,-0.12485,1.7467e-20,8570,-0.23491,-3.8016,0,49.0
-0.021845,1.0855,-0.094311,-3.0752999999999998e-21,8573,-0.23383,-4.5663,0,49.0
-0.46178,0.0,0.0,0.0,82,0.70711,0.70711,0,50.0
-0.45003,0.0039715,0.045434,-4.2715e-20,87,0.85936,0.85936,0,50.0
-0.44774,0.21057,0.019685,2.1618e-20,92,0.89178,1.0442,0,50.0
-0.44184,0.73929,0.00444,2.9461e-21,101,1.2866,1.2866,0,50.0
-0.38693,1.3048,-0.033358,-1.3390000000000002e-20,112,1.5316,1.7937,0,50.0
-0.31022,1.2863,-0.073501,-5.4371999999999996e-21,120,1.8605,2.1789,0,50.0
-0.46954,0.093616,0.0099529,-4.838799999999999e-21,126,0.71472,0.98382,0,50.0
-0.50256,0.0,0.0,0.0,145,0.5225,0.85264,0,50.0
-0.46865,0.4636,0.00038331,-2.6335e-20,149,0.71792,1.1717,0,50.0
-0.40708,1.2657,0.044045,-6.8377e-20,155,1.0047,1.6399,0,50.0
-0.49907,0.25642,-0.0086531,2.1818e-20,168,0.5522,1.0838,0,50.0
-0.49333,0.76432,0.029377,-1.8264e-20,191,0.52598,1.2698,0,50.0
-0.5697,0.0,0.0,0.0,208,0.30902,0.95106,0,50.0
-0.53575,0.47884,0.0044884,5.065e-20,210,0.37591,1.1568,0,50.0
-0.4137,1.3212,0.13374,1.2059e-20,216,0.5338,1.6426,0,50.0
-0.55446,0.59958,0.028374,8.3879e-20,231,0.28397,1.1826,0,50.0
-0.51345,1.029,0.10584,-4.8755e-20,233,0.32087,1.3362,0,50.0
-0.37746,1.3372,0.16253,-7.1367e-20,238,0.42578,1.7727,0,50.0
-0.60708,0.55202,0.052905,-1.3303e-20,272,0.089562,1.1377,0,50.0
-0.55359,1.0471,0.17027,1.5341e-20,274,0.1015,1.289,0,50.0
-0.65447,0.0,0.0,0.0,292,0.0,1.0,0,50.0
-0.3809,0.0,0.0,0.0,313,1.0,0.0,0,50.0
-0.39886,-0.02762,0.23671,-2.7536999999999997e-21,319,1.212,0.095424,0,50.0
-0.38589,-0.040773,0.2399,-2.0206e-20,320,1.2925,0.0,0,50.0
-0.39216,-0.074872,0.24008,-4.8146e-20,324,1.4555,0.0,0,50.0
-0.40912,-0.059236,0.25983,1.6064e-20,325,1.4519,0.11435,0,50.0
-0.44263,-0.084643,0.19785,4.5444e-20,333,1.8155,0.14304,0,50.0
-0.43596,-0.15539,0.090714,1.1283e-20,338,2.1297,0.0,0,50.0
-0.43389,-0.13743,-0.19035,-1.6399e-20,348,2.7283,0.0,0,50.0
-0.4123,0.0,0.0,0.0,355,0.98769,0.15643,0,50.0
-0.50481,0.019986,0.095776,-1.3926e-20,367,2.1071,0.33402,0,50.0
-0.42192,-0.03181,0.23512,8.76e-21,378,1.1826,0.28397,0,50.0
-0.42357,-0.030133,0.26213,1.2037e-20,379,1.258,0.30208,0,50.0
-0.43301,-0.018252,0.27175,-5.9888999999999995e-21,381,1.4172,0.34035,0,50.0
-0.48123,0.10914,0.19084,4.4948e-20,406,1.7344,0.56364,0,50.0
-0.54009,0.28459,0.0299,2.9448999999999998e-21,410,2.137,0.69452,0,50.0
-0.55539,0.46141,-0.15345,-2.5172e-20,413,2.4799,0.80599,0,50.0
-0.54601,0.52494,-0.22184,5.6031e-20,414,2.6029,0.84595,0,50.0
-0.44097,0.0,0.0,0.0,418,0.92388,0.38268,0,50.0
-0.52126,0.34201,0.059205,3.1136e-20,430,1.973,0.81724,0,50.0
-0.43661,-0.033626,0.16294,5.378099999999999e-21,441,1.0838,0.5522,0,50.0
-0.43781,0.037703,0.20408,1.9099e-20,444,1.2989,0.66178,0,50.0
-0.52538,0.64367,-0.065234,-5.582299999999999e-21,453,2.1054,1.0726,0,50.0
-0.44802,0.0,0.0,0.0,460,0.85264,0.5225,0,50.0
-0.46204,0.31158,0.0982,3.0231e-20,469,1.5546,0.95244,0,50.0
-0.4407,-0.027733,0.097725,-9.100299999999999e-21,483,0.98382,0.71472,0,50.0
-0.43419,0.032708,0.11821,4.1224999999999995e-21,485,1.1114,0.8074,0,50.0
-0.47641,0.77199,-0.027388,2.6541e-22,493,1.7261,1.2538,0,50.0
-0.42702,0.050911,-0.42299,-5.6564e-20,523,3.187,0.23587,0,50.0
-0.29069,-0.038631,-0.59079,2.2998e-20,528,3.8141,0.0,0,50.0
-0.25766,0.014027,-0.59401,-3.1497e-20,532,4.2681,0.0,0,50.0
-0.23998,0.055807,-0.61494,-4.2422e-20,533,4.2628,0.23492,0,50.0
-0.27963,0.31461,-0.12111,4.1448e-20,540,5.282,0.0,0,50.0
-0.22837,0.30908,-0.018205,-6.1576e-20,543,5.5544,0.23377,0,50.0
-0.19254,0.476,0.31983,2.6523e-20,547,6.1409,0.23326,0,50.0
-0.18656,0.62576,0.48554,9.414300000000001e-20,548,6.4555,0.0,0,50.0
-0.10761,0.68901,0.55763,-5.6139e-22,554,7.4555,0.0,0,50.0
-0.12913,0.6085,0.52875,2.8204e-21,561,8.5669,0.23111,0,50.0
-0.18454,0.64375,0.25914,-1.2449e-20,565,9.382,0.23039,0,50.0
-0.14044,0.78955,-0.36757,-9.811e-21,570,10.726,0.0,0,50.0
-0.066612,0.82137,-0.43585,-6.6931e-21,626,12.738,0.454,0,50.0
-0.18967,0.32813,-0.55028,-2.0048e-20,641,4.1971,0.69968,0,50.0
-0.13247,0.20979,-0.50594,6.837399999999999e-21,643,4.6868,0.69847,0,50.0
-0.10111,0.41924,0.31422,-2.5970000000000002e-20,649,6.3905,0.6943,0,50.0
-0.092003,0.61268,0.55212,8.869099999999999e-21,653,7.7527,0.69096,0,50.0
-0.086737,0.90701,-0.46781,6.5462999999999994e-21,662,11.654,0.68139,0,50.0
-0.3981,0.64487,-0.46523,8.4968e-20,675,3.2568,0.92918,0,50.0
-0.27732,0.59676,-0.51576,-5.2154e-20,677,3.6808,0.9279,0,50.0
-0.069226,0.22444,-0.34618,-4.5872e-20,683,5.1561,0.92345,0,50.0
-0.43954,0.8542,-0.38535,2.0650000000000002e-20,712,2.9753,1.1514,0,50.0
-0.15443,0.65615,-0.44866,6.3855999999999994e-21,717,4.0596,1.1477,0,50.0
-0.026659,0.29091,0.0083986,7.3515e-20,724,5.9526,1.1414,0,50.0
-0.19655,0.84477,0.18678,1.0808e-20,733,9.2192,1.1304,0,50.0
-0.062967,0.65335,-0.3381,2.5545e-20,757,4.4592,1.3602,0,50.0
0.0050863,0.40115,-0.22433,-2.4725e-20,760,5.2716,1.3574,0,50.0
-0.024727,0.51859,0.41475,3.2125e-21,766,7.19,1.3508,0,50.0
-0.10266,0.69046,0.4753,-3.6729e-20,769,8.319,1.347,0,50.0
-0.14883,1.0658,-0.37908,-1.9315e-20,774,10.499,1.3395,0,50.0
-0.24885,1.0128,-0.37405,-5.0474000000000003e-20,791,3.3928,1.5691,0,50.0
-0.15138,0.89309,-0.35916,-1.2435000000000001e-20,793,3.8541,1.5676,0,50.0
-0.00099433,0.62633,-0.21905,-1.3480000000000002e-20,797,4.8843,1.5643,0,50.0
0.032543,0.38108,0.030133,-3.5938e-20,801,6.0767,1.5606,0,50.0
-0.07259,1.0062,-0.40051,2.409e-21,814,11.41,1.5437,0,50.0
-0.32034,1.1809,-0.28332,9.0339e-20,828,2.8331,1.7658,0,50.0
-0.16411,1.0263,-0.27866,5.1121e-20,871,3.586,1.9485,0,50.0
-0.086865,0.91718,-0.24754,-1.0989e-21,873,4.0873,1.9478,0,50.0
0.0095757,0.76631,-0.13129,-1.0357e-20,876,4.9116,1.9466,0,50.0
0.049175,0.65316,-0.035956,-1.0636e-20,878,5.5135,1.9457,0,50.0
0.057416,0.73188,0.19821,-5.501e-21,961,6.7218,2.3126,0,50.0
0.015492,0.87736,-0.041944,-6.3723e-21,996,5.0613,2.5172,0,50.0
0.048145,0.8517,0.05676,-2.444e-21,998,5.6893,2.5172,0,50.0
0.016072,0.92742,0.24398,-1.9857999999999997e-21,1003,7.4758,2.5172,0,50.0
-0.065381,1.2039,-0.21282,-1.7805e-21,1049,10.099,2.736,0,50.0
-0.03622,1.0805,-0.25487,-1.4448e-20,1051,11.109,2.736,0,50.0
-0.057101,1.2582,-0.068693,8.932899999999999e-21,1087,9.1598,2.97,0,50.0
-0.0088521,0.97352,-0.21758,6.8681e-21,1093,12.196,2.97,0,50.0
-3.1771e-05,0.96123,-0.014125,1.2249e-20,1116,5.0613,3.2202,0,50.0
0.01999,1.0536,0.082443,4.821899999999999e-22,1201,6.7218,3.7739,0,50.0
-0.013182,1.1577,-0.045469,1.5274999999999998e-21,1247,9.1598,4.08,0,50.0
-0.0061243,1.0635,-0.13648,4.9964e-22,1251,11.109,4.08,0,50.0
0.0043219,1.0651,0.033786,2.303e-22,1321,6.7218,4.7572,0,50.0
0.0084568,1.0038,-0.099847,0.0,1333,12.196,4.7572,0,50.0
-0.13458,1.1502,0.11479,3.7659e-20,2145,-4.3934e-16,3.1819,0,50.0
-0.099437,1.1202,0.086231,-1.904e-20,2175,-4.2301e-16,3.807,0,50.0
-0.079698,1.1029,0.070945,-9.7758e-21,2195,-4.1015e-16,4.2993,0,50.0
0.070326,0.93108,0.28579,4.6902e-20,2456,-1.5845,1.5845,0,50.0
0.038985,0.89043,0.46862,-5.0262e-20,2468,-1.1532,1.1532,0,50.0
-0.09436,0.93556,0.61421,-4.5423e-20,2475,-0.89178,1.0442,0,50.0
-0.17867,0.85776,0.66293,1.3036e-21,2479,-0.78951,0.92446,0,50.0
-0.26303,0.0,0.0,0.0,2484,-0.64945,0.76041,0,50.0
-0.098755,1.0091,0.51656,7.8457e-20,2499,-0.90709,1.2487,0,50.0
-0.2345,1.0774,0.58975,4.2994e-21,2522,-0.71792,1.1717,0,50.0
-0.43925,0.0,0.0,0.0,2527,-0.5225,0.85264,0,50.0
-0.059195,1.0646,0.26639,-1.7942e-20,2533,-1.0726,2.1054,0,50.0
-0.40884,1.0382,0.56402,-2.0055e-20,2545,-0.5522,1.0838,0,50.0
-0.5688,0.0,0.0,0.0,2569,-0.38268,0.92388,0,50.0
-0.40138,1.235,0.48589,4.2813e-21,2585,-0.42475,1.3071,0,50.0
-0.51517,1.0833,0.44598,-6.4872e-20,2587,-0.37591,1.1568,0,50.0
-0.65816,0.0,0.0,0.0,2632,-0.15643,0.98769,0,50.0
-0.21219,1.2088,0.21385,-6.3586e-20,2639,-0.17623,2.2362,0,50.0
-0.30262,1.2706,0.2784,-1.0304e-20,2643,-0.14304,1.8155,0,50.0
-0.49656,1.2748,0.32852,-1.6181e-19,2648,-0.10781,1.369,0,50.0
-0.58788,0.9926,0.23702,3.6530000000000005e-20,2650,-0.095424,1.212,0,50.0
-0.62219,0.72098,0.15143,6.4208e-20,2651,-0.089562,1.1377,0,50.0
0.24866,0.77415,0.014869,-1.4486e-22,2660,-2.5997,0.0,0,50.0
0.31282,0.68604,0.019444,-1.3829999999999998e-22,2668,-2.1297,0.0,0,50.0
0.40889,0.51927,0.090688,-4.1984e-20,2679,-1.6271,0.12817,0,50.0
0.4863,0.34925,0.033113,-1.2481999999999998e-21,2684,-1.3725,0.0,0,50.0
0.52686,0.20257,0.035852,1.4323e-20,2688,-1.2153,0.0,0,50.0
0.56125,0.049424,0.023761,-1.3304e-21,2692,-1.0692,0.0,0,50.0
0.57148,0.0,0.0,0.0,2695,-1.0,0.0,0,50.0
0.4547,0.3797,0.20188,3.9e-20,2711,-1.3568,0.21499,0,50.0
0.50075,0.15291,0.22345,-2.7545000000000003e-20,2714,-1.1273,0.17859,0,50.0
0.52484,0.0,0.0,0.0,2716,-0.98769,0.15643,0,50.0
0.36854,0.55919,0.21168,-8.7212e-20,2729,-1.5885,0.38151,0,50.0
0.19951,0.8253,0.11657,-6.327299999999999e-21,2740,-2.6029,0.84595,0,50.0
0.29026,0.68691,0.20421,1.4565e-20,2747,-1.8296,0.59459,0,50.0
0.33694,0.5907,0.26686,5.8071e-20,2750,-1.5541,0.50503,0,50.0
0.37941,0.4551,0.35505,-4.8302e-20,2753,-1.3071,0.42475,0,50.0
0.39851,0.23835,0.39217,9.7072e-20,2756,-1.0857,0.35279,0,50.0
0.41211,0.0,0.0,0.0,2758,-0.95106,0.30902,0,50.0
0.25435,0.67337,0.36155,-1.3988e-20,2792,-1.456,0.74178,0,50.0
0.24751,0.36388,0.52112,-1.9064000000000002e-19,2798,-1.0172,0.51827,0,50.0
0.24602,0.0,0.0,0.0,2800,-0.89101,0.45399,0,50.0
0.18381,0.80309,0.28179,8.058399999999999e-22,2809,-1.7284,1.0589,0,50.0
0.20517,0.72276,0.39942,1.5675e-20,2813,-1.393,0.85347,0,50.0
0.2014,0.63506,0.5287,6.556e-20,2816,-1.1717,0.71792,0,50.0
0.064523,0.5116,0.59647,2.5557e-19,2840,-0.92341,0.67086,0,50.0
0.046269,0.0,0.0,0.0,2842,-0.80902,0.58779,0,50.0
0.092115,0.93558,0.17425,2.6597e-20,2844,-2.2843,1.9505,0,50.0
0.096351,0.83241,0.45338,-5.0353e-20,2855,-1.2411,1.0599,0,50.0
0.055981,0.78265,0.59431,-1.2115e-20,2858,-1.0442,0.89178,0,50.0
0.13833,0.90576,0.007011,9.004399999999999e-22,2912,-4.3358,0.0,0,50.0
0.1647,0.87447,0.038425,-5.2748999999999994e-21,2951,-3.5732,0.46918,0,50.0
0.15373,0.88454,0.066257,-1.4106e-20,3011,-3.47,0.92747,0,50.0
0.054486,0.98533,0.077932,2.8660999999999997e-21,3372,-3.8187,3.4878,0,50.0
-0.020305,1.0512,0.099529,1.1770999999999998e-21,4180,-1.5637,4.1771,0,50.0
-0.34392,0.0,0.0,0.0,4394,0.64945,-0.76041,0,50.0
-0.3811,0.0,0.0,0.0,4402,0.45399,-0.89101,0,50.0
-0.41497,0.0,0.0,0.0,4406,0.30902,-0.95106,0,50.0
-0.45208,0.0,0.0,0.0,4410,0.15643,-0.98769,0,50.0
-0.42216,0.70677,-0.10771,-2.4212e-20,4436,0.095424,-1.212,0,50.0
-0.34686,0.22875,0.0018619,4.2945999999999995e-21,4441,0.67593,-1.1031,0,50.0
-0.34672,0.48294,-0.015375,1.3818e-20,4453,0.62391,-1.2246,0,50.0
-0.36704,1.1216,-0.26858,1.3322e-19,4459,-8.2717e-17,-1.3725,0,50.0
-0.32749,1.0454,-0.13361,-3.1434e-20,4477,0.47729,-1.4687,0,50.0
-0.30561,0.29266,0.025728,-1.6848e-20,4483,1.1532,-1.1532,0,50.0
-0.31133,0.77783,-0.040679,-1.8108e-20,4485,0.85347,-1.393,0,50.0
-0.22041,1.2106,-0.27351,-2.8692e-20,4514,-1.8199e-16,-1.8196,0,50.0
-0.14758,1.1652,-0.22416,5.5991e-20,4558,-2.7552e-16,-2.2408,0,50.0
-0.21169,1.1049,-0.06306,1.9033e-20,4559,1.5316,-1.7937,0,50.0
-0.16093,1.1868,-0.077835,-3.1331999999999997e-21,4615,2.1213,-2.1213,0,50.0
-0.34898,0.0,0.0,0.0,4627,0.98769,-0.15643,0,50.0
-0.32592,0.0,0.0,0.0,4631,0.95106,-0.30902,0,50.0
-0.31654,0.0,0.0,0.0,4635,0.89101,-0.45399,0,50.0
-0.32666,0.0,0.0,0.0,4641,0.76041,-0.64945,0,50.0
-0.33124,-0.001785,0.091228,-3.1355e-20,4646,1.0857,-0.35279,0,50.0
-0.32772,-0.017698,-0.0074111,1.2409e-20,4651,0.86777,-0.74111,0,50.0
-0.35462,-0.02042,0.17338,-6.0804e-21,4653,1.201,-0.19028,0,50.0
-0.32183,-0.023546,0.055104,-4.1096999999999994e-21,4657,1.0838,-0.5522,0,50.0
-0.33202,-0.041328,0.12224,-5.342399999999999e-22,4664,1.2306,-0.39989,0,50.0
-0.325,-0.0007189,0.010258,1.1678999999999998e-21,4669,0.98326,-0.83971,0,50.0
-0.31901,-0.050717,0.072605,9.3621e-21,4675,1.2246,-0.62391,0,50.0
-0.35666,-0.08961,0.18425,1.6244e-20,4680,1.4391,-0.22804,0,50.0
-0.32928,-0.08319,0.12507,1.6218999999999998e-21,4682,1.3864,-0.45054,0,50.0
-0.31727,0.057775,0.028535,7.5492e-21,4687,1.1075,-0.94578,0,50.0
-0.38558,-0.16288,0.1642,-1.8348e-21,4715,1.8155,-0.14304,0,50.0
-0.2713,-0.018906,0.07336,3.0461e-20,4729,1.7142,-0.87328,0,50.0
-0.34655,-0.21547,0.069898,2.177e-21,4743,2.1071,-0.33402,0,50.0
-0.27619,-0.13752,0.05395,2.9494e-20,4745,2.0308,-0.65999,0,50.0
-0.24018,0.040755,0.056173,5.5601e-20,4747,1.9027,-0.96929,0,50.0
-0.23421,0.37504,0.042298,5.2492e-20,4749,1.7261,-1.2538,0,50.0
-0.22837,-0.096282,-0.024488,1.1617999999999998e-21,4772,2.3614,-0.76747,0,50.0
-0.21103,-0.070258,-0.056549,5.3720000000000005e-20,4781,2.4799,-0.80599,0,50.0
-0.14461,0.27016,-0.15584,5.0063999999999994e-21,4818,2.9753,-1.1514,0,50.0
-0.24746,-0.12112,-0.40615,2.9338e-20,4825,3.3622,-0.47016,0,50.0
-0.13256,0.72315,-0.09148,-3.6598e-21,4830,2.9641,-1.5704,0,50.0
-0.14107,1.0948,-0.071727,-1.4047e-21,4832,2.6869,-1.9499,0,50.0
-0.21731,0.10836,-0.40494,-6.0915999999999996e-21,4846,3.7419,-0.70079,0,50.0
-0.16663,0.60105,-0.16632,1.1736e-20,4849,3.5057,-1.3635,0,50.0
-0.26702,0.051061,-0.53451,-2.2312e-20,4864,4.2628,-0.23492,0,50.0
-0.263,0.29268,-0.36171,-3.5030000000000004e-20,4866,4.1971,-0.69968,0,50.0
-0.23677,0.59749,-0.20367,-6.4508999999999994e-21,4868,4.0596,-1.1477,0,50.0
-0.20463,0.89196,-0.092876,2.1087e-20,4870,3.8541,-1.5676,0,50.0
-0.31481,0.36044,-0.26691,5.1802e-20,4885,4.728,-0.4678,0,50.0
-0.27836,0.90381,-0.03204,1.3941e-20,4889,4.4592,-1.3602,0,50.0
-0.20384,1.2173,0.017346,-4.4540999999999994e-21,4892,4.0873,-1.9478,0,50.0
-0.31988,0.86371,0.024323,-1.7057e-20,4898,4.812,-1.1452,0,50.0
-0.34215,0.82178,0.11202,4.8873e-21,4907,5.1561,-0.92345,0,50.0
-0.33607,0.77264,0.22005,-5.1957e-21,4916,5.492,-0.6965,0,50.0
-0.24997,1.2418,0.22321,-1.8947e-20,4921,5.0459,-1.7602,0,50.0
-0.29036,1.0389,0.36436,2.6340000000000003e-20,4928,5.6516,-1.1424,0,50.0
-0.26203,0.86982,0.46431,4.3719e-20,4936,6.08,-0.69506,0,50.0
-0.22342,1.1712,0.38648,7.558e-21,4940,5.762,-1.5616,0,50.0
-0.20887,0.95727,0.51795,-5.804000000000001e-20,4947,6.3357,-0.91989,0,50.0
-0.17762,1.1639,0.38326,-2.5726000000000002e-20,4951,5.9608,-1.7579,0,50.0
-0.084115,0.76117,0.48475,1.0414e-20,4986,7.7527,-0.69096,0,50.0
-0.09154,0.63515,0.46775,-2.9799e-20,5005,8.5472,-0.46122,0,50.0
-0.051831,0.72077,0.37703,-1.0901e-20,5008,8.3977,-1.1332,0,50.0
-0.022384,0.76511,0.27886,1.9031000000000002e-20,5021,8.5295,-1.7514,0,50.0
-0.07684,0.566,0.31259,-1.6511000000000002e-20,5027,9.2813,-0.91101,0,50.0
-0.046942,0.61147,-0.1121,8.034e-20,5059,10.499,-1.3395,0,50.0
-0.07932,0.80425,-0.4702,6.9624e-21,5075,11.684,-0.45582,0,50.0
-0.019828,0.71623,-0.29325,3.2704e-20,5081,11.32,-1.7443,0,50.0
-0.077297,0.80948,-0.48068,9.304099999999999e-21,5095,12.738,-0.454,0,50.0
-0.11539,1.2072,0.14717,-1.7670999999999997e-21,5561,5.0613,-2.97,0,50.0
-0.10676,1.1837,0.17295,-2.1402e-20,5591,5.3695,-2.97,0,50.0
-0.095605,1.1545,0.1946,-4.1525e-21,5621,5.6893,-2.97,0,50.0
-0.073391,1.1282,0.15125,5.377299999999999e-21,5623,5.6893,-3.4878,0,50.0
-0.038987,1.0048,0.21946,-3.6134999999999996e-21,5741,7.0919,-2.97,0,50.0
-0.019476,1.024,0.1098,-1.0488e-21,5746,7.0919,-4.4072,0,50.0
-0.016777,1.0271,0.092672,-2.3845999999999997e-21,5747,7.0919,-4.7572,0,50.0
-0.010162,1.0345,0.051871,4.7322e-22,5750,7.0919,-5.9596,0,50.0
-0.012884,0.92752,0.19167,2.0403999999999997e-21,5801,7.874,-2.97,0,50.0
-0.0060416,0.96304,0.12922,3.3025e-21,5804,7.874,-3.7739,0,50.0
0.0099213,0.77611,0.13239,-4.0720000000000004e-21,5889,9.1598,-2.5172,0,50.0
0.01883,0.91697,0.046606,-3.3014999999999998e-21,5895,9.1598,-4.08,0,50.0
0.01819,0.69084,0.023068,1.5791e-22,5949,10.099,-2.5172,0,50.0
0.03181,0.84396,-0.020734,-9.947e-22,5953,10.099,-3.4878,0,50.0
0.023208,0.96775,-0.014821,7.1747999999999995e-22,5958,10.099,-5.1314,0,50.0
0.029099,0.7491,-0.13578,-4.1969e-22,6011,11.109,-2.97,0,50.0
0.035004,0.92871,-0.10488,-4.1484999999999997e-22,6015,11.109,-4.08,0,50.0
0.0067924,0.83215,-0.30861,-2.2722e-20,6070,12.196,-2.736,0,50.0
0.026392,1.0424,-0.10103,0.0,6077,12.196,-4.7572,0,50.0
0.021108,1.0428,-0.042877,8.358799999999999e-22,6080,12.196,-5.9596,0,50.0
-0.063966,1.0895,-0.2324,5.9045e-20,6745,-0.57975,-2.4134,0,50.0
0.087049,0.93039,-0.25582,-4.0156e-20,6748,-1.5316,-1.7937,0,50.0
0.11775,0.86846,-0.3355,-6.846300000000001e-20,6789,-1.3571,-1.3571,0,50.0
0.10487,0.83911,-0.43165,4.5092e-20,6819,-1.1532,-1.1532,0,50.0
0.03807,0.77274,-0.6002,4.8606e-20,6859,-0.91393,-0.91393,0,50.0
-0.10459,0.91506,-0.59594,7.5139e-20,6860,-0.76021,-1.0465,0,50.0
-0.32573,0.9741,-0.47234,-1.8265e-20,6873,-0.46551,-1.1238,0,50.0
-0.41651,0.93203,-0.28584,4.4390000000000006e-20,6876,-0.19028,-1.201,0,50.0
-0.47614,0.32693,-0.059943,-4.4047e-20,6897,-0.083909,-1.066,0,50.0
-0.13792,0.0,0.0,0.0,6898,-0.64945,-0.76041,0,50.0
-0.29469,0.0,0.0,0.0,6901,-0.5225,-0.85264,0,50.0
-0.40835,0.0,0.0,0.0,6903,-0.38268,-0.92388,0,50.0
-0.48443,0.0,0.0,0.0,6906,-0.15643,-0.98769,0,50.0
-0.48703,0.0,0.0,0.0,6907,-0.078459,-0.99692,0,50.0
0.14574,0.88722,-0.16016,-1.8118000000000002e-20,6923,-2.3204,-1.6853,0,50.0
0.21575,0.81277,-0.091151,7.4437e-21,6929,-2.6029,-0.84595,0,50.0
0.33103,0.6498,-0.11927,-1.1549e-20,6991,-1.87,-0.44916,0,50.0
0.26108,0.72199,-0.2385,5.6974999999999995e-22,6994,-1.7142,-0.87328,0,50.0
0.19416,0.79041,-0.29717,4.6926e-20,6996,-1.5553,-1.1297,0,50.0
0.41556,0.5141,-0.036522,4.8937e-20,7016,-1.6271,-0.12817,0,50.0
0.36355,0.57003,-0.21525,-6.152e-20,7019,-1.5541,-0.50503,0,50.0
0.25666,0.65927,-0.38851,5.5708e-20,7031,-1.3165,-0.80663,0,50.0
0.47121,0.36797,-0.13632,-4.0540000000000005e-20,7044,-1.3568,-0.21499,0,50.0
0.42528,0.37209,-0.31977,-5.3862e-20,7055,-1.2306,-0.39989,0,50.0
0.2547,0.55061,-0.51157,7.098800000000001e-20,7058,-1.1031,-0.67593,0,50.0
0.11208,0.69745,-0.58331,8.5206e-20,7060,-0.98326,-0.83971,0,50.0
0.52209,0.14199,-0.15677,1.8650000000000002e-20,7071,-1.1273,-0.17859,0,50.0
0.38719,0.1589,-0.28489,-1.4048e-19,7083,-0.98812,-0.40929,0,50.0
0.54791,0.0,0.0,0.0,7089,-0.98769,-0.15643,0,50.0
0.51077,0.0,0.0,0.0,7090,-0.97237,-0.23345,0,50.0
0.22973,0.0,0.0,0.0,7094,-0.85264,-0.5225,0,50.0
0.044642,0.0,0.0,0.0,7096,-0.76041,-0.64945,0,50.0
0.17007,0.8707,-0.020109,6.458699999999999e-21,7368,-3.5732,-0.46918,0,50.0
0.15976,0.88205,-0.062732,1.6479e-20,7371,-3.3916,-1.1488,0,50.0
0.076705,0.97364,-0.067557,-2.9558999999999998e-21,8062,-4.1311,-3.4878,0,50.0
0.00047665,1.0487,-0.12722,1.2867e-20,8451,-1.1464,-3.8396,0,50.0
-0.040325,1.0907,-0.12479,1.808e-20,8570,-0.23491,-3.8016,0,50.0
-0.02536,1.0803,-0.09577,-3.1628999999999997e-21,8573,-0.23383,-4.5663,0,50.0
